地区,城市,区域,可信度,直接证据,英文名,中文名,地址,菜系,菜系分类,语言,依据
旧金山,San Francisco,Inner Richmond,高,,Ah Ma’s Kitchen,阿嬷窑鸡,"1115 Clement St, San Francisco, CA 94118",中餐,其他中餐,普通话/粤语,Google 地图中文版显示中文店名「阿嬷窑鸡」（商家自行登记）; Google 分类：Chinese restaurant
旧金山,San Francisco,Sunset,高,,BBQ King,第一燒臘,"2191 Irving St, San Francisco, CA 94122",粤式烧腊,粤菜/港式,普通话/粤语,Google 地图店名含中文「第一燒臘」; Google 分类：Chinese restaurant
旧金山,San Francisco,Outer Richmond,高,,CHEF XIONG KITCHEN,川香園鉄木真,"2428 Clement St, San Francisco, CA 94121",川菜,川湘/西南,普通话,Google 地图店名含中文「川香園鉄木真」; Google 分类：Restaurant
旧金山,San Francisco,Inner Richmond,高,,D & A Cafe,文记茶餐厅,"407 Clement St, San Francisco, CA 94118",港式茶餐厅,粤菜/港式,普通话/粤语,Google 地图中文版显示中文店名「文记茶餐厅」（商家自行登记）; Google 分类：Chinese restaurant / Asian restaurant
旧金山,San Francisco,Parkside/Outer Sunset,高,,Dim Sum Club,點心薈,"2237 Taraval St, San Francisco, CA 94116",粤式点心/中式面馆,粤菜/港式,普通话/粤语,Google 地图店名含中文「點心薈」; Google 分类：Dim sum restaurant / Asian restaurant / Cantonese restaurant
旧金山,San Francisco,Excelsior/Ingleside,高,,Do Eat Restaurant,家家乐烧腊米粉饭,"4543 Mission St, San Francisco, CA 94112",粤菜,粤菜/港式,普通话/粤语,Google 地图中文版显示中文店名「家家乐烧腊米粉饭」（商家自行登记）; Google 分类：Cantonese restaurant
旧金山,San Francisco,North Beach/Chinatown,高,,Fondue Chinoise,千王府火锅,"430 Broadway, San Francisco, CA 94133",火锅,火锅/麻辣烫,普通话,Google 地图中文版显示中文店名「千王府火锅」（商家自行登记）; Google 分类：Chinese restaurant; 简介：Chinese hot pot combos in modern digs
旧金山,San Francisco,Chinatown,高,,Four Kings,四大天王,"710 Commercial St, San Francisco, CA 94108",粤菜,粤菜/港式,普通话/粤语,Google 地图店名含中文「四大天王」; Google 分类：Cantonese restaurant / Izakaya restaurant
旧金山,San Francisco,Mission,高,,Go Duck Yourself,去你鸭的,"439 Cortland Ave, San Francisco, CA 94110",中餐,其他中餐,普通话/粤语,Google 地图店名含中文「去你鸭的」; Google 分类：Asian restaurant
旧金山,San Francisco,Sunset,高,,Happy Bakery,永利点心快餐,"2253 Irving St, San Francisco, CA 94122",粤式点心,粤菜/港式,普通话/粤语,Google 地图中文版显示中文店名「永利点心快餐」（商家自行登记）; Google 分类：Dim sum restaurant / Bakery
旧金山,San Francisco,North Beach/Chinatown,高,,Happy Chinese Restaurant,乐陶苑,"1326 Powell St, San Francisco, CA 94133",粤式点心,粤菜/港式,普通话/粤语,Google 地图中文版显示中文店名「乐陶苑」（商家自行登记）; Google 分类：Chinese restaurant / Cantonese restaurant / Dim sum restaurant
旧金山,San Francisco,Parkside/Outer Sunset,高,,Happy Family Gourmet Inc,泰和山东水饺拉面,"1042 Taraval St, San Francisco, CA 94116",鲁菜,北方/东北/江浙,普通话,Google 地图中文版显示中文店名「泰和山东水饺拉面」（商家自行登记）; Google 分类：Chinese restaurant
旧金山,San Francisco,Chinatown,高,,Hon's Wun-Tun House,洪記面家,"648 Kearny St, San Francisco, CA 94108",粤菜/中式面馆,粤菜/港式,普通话/粤语,Google 地图中文版显示中文店名「洪記面家」（商家自行登记）; Google 分类：Cantonese restaurant / Chinese noodle restaurant / Hong Kong style fast food restaurant; 简介：Casual Chinese eatery known for wontons
旧金山,San Francisco,Sunset,高,,Hon's Wun-Tun House,洪記面家,"1830 Irving St, San Francisco, CA 94122",粤菜,粤菜/港式,普通话/粤语,Google 地图店名含中文「洪記面家」; Google 分类：Chinese restaurant / Restaurant
旧金山,San Francisco,Chinatown,高,,Hon’s Wun-Tun House,洪記面家,"733 Washington St, San Francisco, CA 94108",粤菜/港式快餐,粤菜/港式,普通话/粤语,Google 地图店名含中文「洪記面家」; Google 分类：Chinese restaurant / Cantonese restaurant / Restaurant
旧金山,San Francisco,Parkside/Outer Sunset,高,,House of Pancakes,餡餅之家,"937 Taraval St, San Francisco, CA 94116",中餐,其他中餐,普通话/粤语,Google 地图中文版显示中文店名「餡餅之家」（商家自行登记）; Google 分类：Chinese restaurant / Diner / Pancake restaurant; 简介：Tiny Chinese cafe for wok & pan dishes
旧金山,San Francisco,Sunset,高,,iTea,小唐人街,"2150 Irving St, San Francisco, CA 94122",台湾菜,台湾菜,普通话,Google 地图中文版显示中文店名「小唐人街」（商家自行登记）; Google 分类：Taiwanese restaurant / Bubble tea store / Tea house
旧金山,San Francisco,North Beach/Chinatown,高,,J & X Bistro,江西小馆,"640 Jackson St, San Francisco, CA 94133",湘菜/川菜,川湘/西南,普通话,Google 地图店名含中文「江西小馆」; Google 分类：Chinese restaurant / Restaurant / Hunan restaurant
旧金山,San Francisco,Inner Richmond,高,,L H Restaurant,联兴烧腊,"4142 Geary Blvd, San Francisco, CA 94118",粤式烧腊,粤菜/港式,普通话/粤语,Google 地图店名含中文「联兴烧腊」; Google 分类：Chinese restaurant
旧金山,San Francisco,North Beach/Chinatown,高,,Little Szechuan,川国演义,"501 Broadway, San Francisco, CA 94133",饺子/川菜,川湘/西南,普通话,Google 地图店名含中文「川国演义」; Google 分类：Chinese restaurant / Bar / Chinese takeaway; 简介：Stylish Chinese eatery with classic fare
旧金山,San Francisco,Mission,高,,Mandarin House SF,味全真,"3452 Mission St, San Francisco, CA 94110",北方菜,北方/东北/江浙,普通话,Google 地图中文版显示中文店名「味全真」（商家自行登记）; Google 分类：Mandarin restaurant / Asian restaurant / Fast food restaurant
旧金山,San Francisco,Chinatown,高,,New Golden Daisy,寶興燒臘,"1041 Stockton St, San Francisco, CA 94108",粤菜,粤菜/港式,普通话/粤语,Google 地图中文版显示中文店名「寶興燒臘」（商家自行登记）; Google 分类：Cantonese restaurant
旧金山,San Francisco,Sunset,高,,Noriega Star Restaurant,嘉和興,"2547 Noriega St, San Francisco, CA 94122",中餐,其他中餐,普通话/粤语,Google 地图店名含中文「嘉和興」; Google 分类：Chinese restaurant
旧金山,San Francisco,SoMa,高,,NORTHERN CHINA BBQ,老北方烧烤,"294 9th St, San Francisco, CA 94103",中餐,其他中餐,普通话/粤语,Google 地图中文版显示中文店名「老北方烧烤」（商家自行登记）; Google 分类：Chinese restaurant / Barbecue restaurant
旧金山,San Francisco,Parkside/Outer Sunset,高,,Riverside Seafood Restaurant,頣苑酒家,"1201 Vicente St, San Francisco, CA 94116",粤式点心/海鲜,粤菜/港式,普通话/粤语,Google 地图中文版显示中文店名「頣苑酒家」（商家自行登记）; Google 分类：Chinese restaurant / Restaurant / Seafood restaurant
旧金山,San Francisco,Parkside/Outer Sunset,高,,S & E Cafe - ACCEPT EBT,东南风,"2406 19th Ave, San Francisco, CA 94116",中餐,其他中餐,普通话/粤语,Google 地图店名含中文「东南风」; Google 分类：Chinese restaurant
旧金山,San Francisco,Sunset,高,,San Tung,山東小館,"1031 Irving St, San Francisco, CA 94122",鲁菜,北方/东北/江浙,普通话,Google 地图中文版显示中文店名「山東小館」（商家自行登记）; Google 分类：Chinese restaurant / Restaurant
旧金山,San Francisco,Outer Richmond,高,,Sichuan Tasty Restaurant,川味道,"1829 Clement St, San Francisco, CA 94121",川菜,川湘/西南,普通话,Google 地图中文版显示中文店名「川味道」（商家自行登记）; Google 分类：Chinese restaurant / Dan Dan noodle restaurant / Sichuan restaurant
旧金山,San Francisco,Parkside/Outer Sunset,高,,Sunset's Best Seafood Restaurant,大同乐菜馆,"3060 Taraval St, San Francisco, CA 94116",中餐,其他中餐,普通话/粤语,Google 地图中文版显示中文店名「大同乐菜馆」（商家自行登记）; Google 分类：Chinese restaurant / Seafood restaurant
旧金山,San Francisco,Parkside/Outer Sunset,高,,Szechuan Taste Restaurant,长江,"917 Taraval St, San Francisco, CA 94116",川菜,川湘/西南,普通话,Google 地图店名含中文「长江」; Google 分类：Chinese restaurant
旧金山,San Francisco,Inner Richmond,高,,Taisan Huakee Restaurant,利桦饭店,"4737 Geary Blvd, San Francisco, CA 94118",中餐,其他中餐,普通话/粤语,Google 地图店名含中文「利桦饭店」; Google 分类：Chinese restaurant
旧金山,San Francisco,North Beach/Chinatown,高,,Taishan Restaurant,台山风味,"622 Jackson St, San Francisco, CA 94133",粤菜,粤菜/港式,普通话/粤语,Google 地图店名含中文「台山风味」; Google 分类：Chinese restaurant / Delivery Chinese restaurant
旧金山,San Francisco,North Beach/Chinatown,高,,Taishan Specialty,台山风味煲仔饭,"1365 Stockton St, San Francisco, CA 94133",粤式点心,粤菜/港式,普通话/粤语,Google 地图店名含中文「台山风味煲仔饭」; Google 分类：Chinese restaurant / Barbecue restaurant / Cantonese restaurant
旧金山,San Francisco,Lake Merced/Stonestown,高,,Tang Bar,烫吧,"3251 20th Ave Second Floor, San Francisco, CA 94132",火锅/涮涮锅,火锅/麻辣烫,普通话,Google 地图中文版显示中文店名「烫吧」（商家自行登记）; Google 分类：Hot pot restaurant / Health food restaurant / Shabu-shabu restaurant
旧金山,San Francisco,Outer Richmond,高,,Taste of Old Street,老街把把烧,"5336 Geary Blvd, San Francisco, CA 94121",中餐,其他中餐,普通话/粤语,Google 地图店名含中文「老街把把烧」; Google 分类：Chinese restaurant
旧金山,San Francisco,Sunset,高,,Terra Cotta Warrior,老家陕西,"2555 Judah St, San Francisco, CA 94122",西北菜,西北/新疆/清真,普通话,Google 地图中文版显示中文店名「老家陕西」（商家自行登记）; Google 分类：Chinese restaurant / Restaurant; 简介：Uncommon Chinese dishes in modern digs
旧金山,San Francisco,Chinatown,高,,Today Food,六福饺子,"601 Kearny St, San Francisco, CA 94108",饺子,面食/饺子,普通话,Google 地图中文版显示中文店名「六福饺子」（商家自行登记）; Google 分类：Chinese restaurant / Restaurant / Dumpling restaurant
旧金山,San Francisco,Castro/Noe Valley,高,,Tung Sing Restaurant,東成,"4015 24th St, San Francisco, CA 94114",中餐,其他中餐,普通话/粤语,Google 地图店名含中文「東成」; Google 分类：Chinese restaurant
旧金山,San Francisco,Haight,高,,YH - Beijing Duck House,颐和北京烤鴨店,"500 Haight St, San Francisco, CA 94117",北京菜,北方/东北/江浙,普通话,Google 地图店名含中文「颐和北京烤鴨店」; Google 分类：Chinese restaurant / Asian restaurant / Vegetarian restaurant; 简介：Chinese eatery with vegetarian options
旧金山,San Francisco,Sunset,高,,Yuanbao Jiaozi,元寶餃子,"2110 Irving St, San Francisco, CA 94122",饺子,面食/饺子,普通话,Google 地图店名含中文「元寶餃子」; Google 分类：Chinese restaurant / Dumpling restaurant; 简介：Dumplings & appetizers in a bright venue
旧金山,San Francisco,North Beach/Chinatown,高,,Z & Y Peking Duck,御食园,"606 Jackson St, San Francisco, CA 94133",粤式点心/川菜,粤菜/港式,普通话/粤语,Google 地图店名含中文「御食园」; Google 分类：Chinese restaurant / Asian fusion restaurant / Asian restaurant; 简介：Casual stop for Asian fusion eats
旧金山,San Francisco,North Beach/Chinatown,高,,Z & Y Restaurant,御食园,"655 Jackson St, San Francisco, CA 94133",北方菜,北方/东北/江浙,普通话,Google 地图中文版显示中文店名「御食园」（商家自行登记）; Google 分类：Chinese restaurant / Asian restaurant / Chinese takeaway; 简介：Spicy takes on Chinese favorites
旧金山,San Francisco,Sunset,高,,祥興酒家,祥興酒家,"2588 Noriega St, San Francisco, CA 94122",粤式点心/海鲜,粤菜/港式,普通话/粤语,Google 地图店名含中文「祥興酒家」; Google 分类：Chinese restaurant
旧金山,San Francisco,Visitacion Valley/Portola,中,,2546 Cafe,,"2546 San Bruno Ave, San Francisco, CA 94134",港式茶餐厅,粤菜/港式,普通话/粤语,Google 分类：Cha chaan teng (Hong Kong-style cafe); 无中文店名，按地区菜系推断
旧金山,San Francisco,North Beach/Chinatown,中,,606,,"606 Broadway, San Francisco, CA 94133",中式面馆/粤式点心,粤菜/港式,普通话/粤语,Google 分类：Chinese restaurant / Asian restaurant / Cantonese restaurant; 无中文店名，按地区菜系推断
旧金山,San Francisco,Nob Hill/Polk,中,,Bamboo Restaurant,,"1441 Polk St, San Francisco, CA 94109",湘菜,川湘/西南,普通话,Google 分类：Chinese restaurant / Japanese restaurant / Delivery Restaurant; 简介：Hunan & Mandarin Chinese cuisine; 无中文店名，按地区菜系推断
旧金山,San Francisco,Mission,中,,bao,,"590 Valencia St, San Francisco, CA 94110",粤式点心,粤菜/港式,普通话/粤语,Google 分类：Dim sum restaurant; 简介：Chinese tapas in a warm environment; 无中文店名，按地区菜系推断
旧金山,San Francisco,Inner Richmond,中,,Bao Bao Dumpling,,"5145 Geary Blvd, San Francisco, CA 94118",饺子,面食/饺子,普通话,Google 分类：Chinese restaurant; 无中文店名，按地区菜系推断
旧金山,San Francisco,North Beach/Chinatown,中,,Begoni Bistro,,"615 Jackson St, San Francisco, CA 94133",粤式点心,粤菜/港式,普通话/粤语,Google 分类：Dim sum restaurant / Asian restaurant / Chinese restaurant; 简介：Cheerful locale for classic Chinese eats; 无中文店名，按地区菜系推断
旧金山,San Francisco,Chinatown,中,,Beijing 49er,,"744 Washington St 1st Floor, San Francisco, CA 94108",北京菜,北方/东北/江浙,普通话,Google 分类：Chinese restaurant / Restaurant; 无中文店名，按地区菜系推断
旧金山,San Francisco,Excelsior/Ingleside,中,,Beijing Restaurant,,"1801 Alemany Blvd, San Francisco, CA 94112",中式面馆/粤式点心,粤菜/港式,普通话/粤语,Google 分类：Chinese restaurant / Chinese noodle restaurant / Chinese takeaway; 无中文店名，按地区菜系推断
旧金山,San Francisco,SoMa,中,,Big Lantern,,"3170 16th St, San Francisco, CA 94103",粤式点心,粤菜/港式,普通话/粤语,Google 分类：Chinese restaurant / Asian fusion restaurant / Asian restaurant; 简介：Wide variety of Chinese-American dishes; 无中文店名，按地区菜系推断
旧金山,San Francisco,North Beach/Chinatown,中,,Blue Sky Restaurant,,"1504 Powell St, San Francisco, CA 94133",粤式点心,粤菜/港式,普通话/粤语,Google 分类：Chinese restaurant; 简介：Casual Chinese joint supplying dim sum; 无中文店名，按地区菜系推断
旧金山,San Francisco,Outer Richmond,中,,Boiling Hot Pot,,"5512 Geary Blvd, San Francisco, CA 94121",火锅,火锅/麻辣烫,普通话,Google 分类：Hot pot restaurant / Chinese restaurant / Restaurant; 简介：Specialist in Chinese in hot pot; 无中文店名，按地区菜系推断
旧金山,San Francisco,North Beach/Chinatown,中,,Broadway Dim Sum Cafe,,"684 Broadway, San Francisco, CA 94133",粤式点心,粤菜/港式,普通话/粤语,Google 分类：Dim sum restaurant; 无中文店名，按地区菜系推断
旧金山,San Francisco,Lake Merced/Stonestown,中,,Brochette Dumpling,,"31 Cambon Dr, San Francisco, CA 94132",饺子,面食/饺子,普通话,Google 分类：Chinese restaurant; 无中文店名，按地区菜系推断
旧金山,San Francisco,Visitacion Valley/Portola,中,,Buffalo Kitchen,,"107 Leland Ave, San Francisco, CA 94134",粤式点心,粤菜/港式,普通话/粤语,Google 分类：Fusion restaurant / Dim sum restaurant; 无中文店名，按地区菜系推断
旧金山,San Francisco,Chinatown,中,,Cafe New Honolulu,,"888 Stockton St, San Francisco, CA 94108",港式快餐,粤菜/港式,普通话/粤语,Google 分类：Hong Kong style fast food restaurant / Cafe / Chinese restaurant; 简介：Cash-only Chinese restaurant & bakery; 无中文店名，按地区菜系推断
旧金山,San Francisco,Chinatown,中,,Capital,,"839 Clay St, San Francisco, CA 94108",粤菜,粤菜/港式,普通话/粤语,Google 分类：Cantonese restaurant / Asian restaurant; 无中文店名，按地区菜系推断
旧金山,San Francisco,Excelsior/Ingleside,中,,Chef Hunan,,"4661 Mission St, San Francisco, CA 94112",湘菜,川湘/西南,普通话,Google 分类：Chinese restaurant; 无中文店名，按地区菜系推断
旧金山,San Francisco,Visitacion Valley/Portola,中,,Chef Li's Cafe Hk B.B.Q,,"2726 San Bruno Ave, San Francisco, CA 94134",粤菜,粤菜/港式,普通话/粤语,Google 分类：中餐馆; 简介：Homey nook for Chinese entrees & hot pot; 无中文店名，按地区菜系推断
旧金山,San Francisco,Sunset,中,,CHINA NORTH DUMPLING INC,,"1311 Noriega St, San Francisco, CA 94122",饺子,面食/饺子,普通话,Google 分类：Chinese restaurant / Dumpling restaurant / Restaurant; 简介：Simple locale for familiar Chinese meals; 无中文店名，按地区菜系推断
旧金山,San Francisco,Chinatown,中,,Chinatown Restaurant,,"744 Washington St 1st Floor, San Francisco, CA 94108",粤式点心,粤菜/港式,普通话/粤语,Google 分类：Chinese restaurant / Dim sum restaurant / Historical landmark; 简介：Asian classics in down-home surroundings; 无中文店名，按地区菜系推断
旧金山,San Francisco,North Beach/Chinatown,中,,Chong Qing Xiao Mian,,"915 Kearny St, San Francisco, CA 94133",中式面馆,面食/饺子,普通话,Google 分类：Chinese noodle restaurant / Asian restaurant / Chinese restaurant; 简介：Unfussy option for Chinese noodles; 无中文店名，按地区菜系推断
旧金山,San Francisco,Chinatown,中,,City View Restaurant,,"33 Walter U Lum Pl, San Francisco, CA 94108",粤式点心,粤菜/港式,普通话/粤语,Google 分类：Dim sum restaurant / Cantonese restaurant / Chinese restaurant; 简介：Bustling Chinese dim sum destination; 无中文店名，按地区菜系推断
旧金山,San Francisco,Inner Richmond,中,,Clement BBQ,,"617 Clement St, San Francisco, CA 94118",粤式点心,粤菜/港式,普通话/粤语,Google 分类：Chinese restaurant / Barbecue restaurant; 简介：Counter-service Chinese dim sum bakery; 无中文店名，按地区菜系推断
旧金山,San Francisco,Outer Richmond,中,,CQ Noodles,,"2121 Clement St, San Francisco, CA 94121",中式面馆/饺子,面食/饺子,普通话,Google 分类：Chinese restaurant / Chinese noodle restaurant / Dumpling restaurant; 无中文店名，按地区菜系推断
旧金山,San Francisco,North Beach/Chinatown,中,,Delicious Dim Sum,,"752 Jackson St, San Francisco, CA 94133",粤式点心/饺子,粤菜/港式,普通话/粤语,Google 分类：Dim sum restaurant / Chinese restaurant / Dumpling restaurant; 无中文店名，按地区菜系推断
旧金山,San Francisco,North Beach/Chinatown,中,,Dick Lee Pastry Shop,,"716 Jackson St, San Francisco, CA 94133",粤式点心,粤菜/港式,普通话/粤语,Google 分类：Chinese restaurant / Dim sum restaurant; 无中文店名，按地区菜系推断
旧金山,San Francisco,North Beach/Chinatown,中,,Dim Sum Bistro,,"675 Broadway, San Francisco, CA 94133",粤菜,粤菜/港式,普通话/粤语,Google 分类：Chinese restaurant / Asian restaurant / Cantonese restaurant; 简介：Counter-serve spot for Chinese classics; 无中文店名，按地区菜系推断
旧金山,San Francisco,Excelsior/Ingleside,中,,Dim Sum King,,"4675 Mission St, San Francisco, CA 94112",粤式点心,粤菜/港式,普通话/粤语,Google 分类：Dim sum restaurant; 无中文店名，按地区菜系推断
旧金山,San Francisco,Visitacion Valley/Portola,中,,Dim Sum Kitchen Express,,"2520 San Bruno Ave, San Francisco, CA 94134",粤式点心,粤菜/港式,普通话/粤语,Google 分类：Chinese restaurant / Dim sum restaurant; 无中文店名，按地区菜系推断
旧金山,San Francisco,Excelsior/Ingleside,中,,Dim The Way,,"1109 Ocean Ave, San Francisco, CA 94112",粤式点心,粤菜/港式,普通话/粤语,Google 分类：Dim sum restaurant; 无中文店名，按地区菜系推断
旧金山,San Francisco,Outer Richmond,中,,Dimdoduc,,"3398 Balboa St, San Francisco, CA 94121",粤式点心,粤菜/港式,普通话/粤语,Google 分类：Dim sum restaurant / Asian fusion restaurant / Asian restaurant; 无中文店名，按地区菜系推断
旧金山,San Francisco,North Beach/Chinatown,中,,Dol Ho Restaurant,,"808 Pacific Ave, San Francisco, CA 94133",粤式点心,粤菜/港式,普通话/粤语,Google 分类：Dim sum restaurant / Asian restaurant / Chinese restaurant; 简介：Dim sum via carts in a spare space; 无中文店名，按地区菜系推断
旧金山,San Francisco,Outer Richmond,中,,Dragon Beaux,,"5700 Geary Blvd, San Francisco, CA 94121",粤式点心,粤菜/港式,普通话/粤语,Google 分类：Chinese restaurant / Dim sum restaurant / Restaurant; 简介：Sleek Asian spot for dim sum & hot pots; 无中文店名，按地区菜系推断
旧金山,San Francisco,Inner Richmond,中,,Dumpling Baby China Bistro,,"3751 Geary Blvd, San Francisco, CA 94118",粤式点心/饺子,粤菜/港式,普通话/粤语,Google 分类：Chinese restaurant / Asian fusion restaurant / Delivery Chinese restaurant; 无中文店名，按地区菜系推断
旧金山,San Francisco,Sunset,中,,Dumpling Bites,,"1556 Noriega St, San Francisco, CA 94122",饺子/粤式点心,粤菜/港式,普通话/粤语,Google 分类：Chinese restaurant / Caterer / Dumpling restaurant; 无中文店名，按地区菜系推断
旧金山,San Francisco,Tenderloin/Civic Center,中,,Dumpling Home,,"298 Gough St, San Francisco, CA 94102",中式面馆/饺子,面食/饺子,普通话,Google 分类：Chinese restaurant / Chinese noodle restaurant / Chinese takeaway; 简介：Relaxed outlet with Chinese specialties; 无中文店名，按地区菜系推断
旧金山,San Francisco,Castro/Noe Valley,中,,Dumpling House,,"335 Noe St, San Francisco, CA 94114",饺子/粤式点心,粤菜/港式,普通话/粤语,Google 分类：Chinese restaurant / Dumpling restaurant / Dim sum restaurant; 简介：Contemporary dim sum & noodle spot; 无中文店名，按地区菜系推断
旧金山,San Francisco,Inner Richmond,中,,Dumpling King,,"336 Clement St, San Francisco, CA 94118",饺子,面食/饺子,普通话,Google 分类：Dumpling restaurant; 无中文店名，按地区菜系推断
旧金山,San Francisco,Parkside/Outer Sunset,中,,Dumpling Kitchen,,"1935 Taraval St, San Francisco, CA 94116",饺子/上海菜,北方/东北/江浙,普通话,"Google 分类：Chinese restaurant / Asian restaurant / Dumpling restaurant; 简介：Chinese dumplings, soups & noodles; 无中文店名，按地区菜系推断"
旧金山,San Francisco,Castro/Noe Valley,中,,Dumpling Kitchen - Castro,,"544 Castro St, San Francisco, CA 94114",饺子,面食/饺子,普通话,Google 分类：Chinese restaurant / Dumpling restaurant; 无中文店名，按地区菜系推断
旧金山,San Francisco,Castro/Noe Valley,中,,Dumpling Kitchen Noe Valley,,"3913 24th St, San Francisco, CA 94114",饺子,面食/饺子,普通话,Google 分类：Chinese restaurant / Dumpling restaurant; 无中文店名，按地区菜系推断
旧金山,San Francisco,Marina,中,,Dumpling Patio,,"2499 Lombard St, San Francisco, CA 94123",饺子,面食/饺子,普通话,Google 分类：Chinese restaurant / Asian fusion restaurant / Asian restaurant; 无中文店名，按地区菜系推断
旧金山,San Francisco,Parkside/Outer Sunset,中,,Dumpling Specialist,,"1119-1123 Taraval St, San Francisco, CA 94116",饺子,面食/饺子,普通话/粤语,Google 分类：Dumpling restaurant; 简介：Compact dim sum & noodle destination; 无中文店名，按地区菜系推断
旧金山,San Francisco,Western Addition,中,,Dumpling Story - Fillmore,,"2114 Fillmore St, San Francisco, CA 94115",中式面馆/饺子,面食/饺子,普通话,Google 分类：Chinese restaurant / Asian restaurant / Chinese noodle restaurant; 无中文店名，按地区菜系推断
旧金山,San Francisco,Mission,中,,Dumpling Story - Valencia,,"694 Valencia St, San Francisco, CA 94110",中式面馆/饺子,面食/饺子,普通话,Google 分类：Chinese restaurant / Chinese noodle restaurant / Dumpling restaurant; 无中文店名，按地区菜系推断
旧金山,San Francisco,Mission Bay,中,,Dumpling Time,,"191 Warriors Wy Ste 101, San Francisco, CA 94158",饺子,面食/饺子,普通话,Google 分类：Asian restaurant / Dumpling restaurant; 简介：Chinese dishes in a contemporary eatery; 无中文店名，按地区菜系推断
旧金山,San Francisco,SoMa,中,,Dumpling Time Design District,,"Parking lot, 11 Division St, San Francisco, CA 94103",饺子,面食/饺子,普通话,Google 分类：Dumpling restaurant; 简介：Chic destination for dumplings & noodles; 无中文店名，按地区菜系推断
旧金山,San Francisco,Marina,中,,Dumpling Union,,"1809 Union St, San Francisco, CA 94123",粤式点心/饺子,粤菜/港式,普通话/粤语,Google 分类：Asian restaurant / Dim sum restaurant / Dumpling restaurant; 无中文店名，按地区菜系推断
旧金山,San Francisco,Haight,中,,Dumpling Union,,"598 Haight St, San Francisco, CA 94117",饺子,面食/饺子,普通话,Google 分类：Dumpling restaurant / Asian restaurant; 无中文店名，按地区菜系推断
旧金山,San Francisco,Parkside/Outer Sunset,中,,Dumpling Zone,,"408 Dewey Blvd, San Francisco, CA 94116",中式面馆/饺子,面食/饺子,普通话,Google 分类：Chinese restaurant / Chinese noodle restaurant / Dumpling restaurant; 无中文店名，按地区菜系推断
旧金山,San Francisco,Western Addition,中,,Dynasty Dumpling,,"2786 California St, San Francisco, CA 94115",饺子,面食/饺子,普通话,Google 分类：Chinese restaurant / Dumpling restaurant / Takeout Restaurant; 无中文店名，按地区菜系推断
旧金山,San Francisco,Chinatown,中,,Empress by Boon,,"838 Grant Ave, San Francisco, CA 94108",粤菜,粤菜/港式,普通话/粤语,Google 分类：Cantonese restaurant; 简介：Plush Cantonese eatery with cocktails; 无中文店名，按地区菜系推断
旧金山,San Francisco,Chinatown,中,,Far East Cafe,,"631 Grant Ave, San Francisco, CA 94108",粤菜,粤菜/港式,普通话/粤语,Google 分类：Cantonese restaurant; 简介：Classic Chinese spot with vintage decor; 无中文店名，按地区菜系推断
旧金山,San Francisco,Outer Richmond,中,,Feng Ze Yuan Restaurant,,"4401 Balboa St, San Francisco, CA 94121",中式面馆/粤式点心,粤菜/港式,普通话/粤语,Google 分类：Chinese restaurant / Asian restaurant / Chinese noodle restaurant; 简介：Casual locale for dim sum & Chinese fare; 无中文店名，按地区菜系推断
旧金山,San Francisco,Sunset,中,,Fiery Hot Pot and Grill,,"2333 Irving St, San Francisco, CA 94122",火锅,火锅/麻辣烫,普通话,Google 分类：Asian restaurant / Hot pot restaurant; 无中文店名，按地区菜系推断
旧金山,San Francisco,North Beach/Chinatown,中,,FUSION DUMPLING,,"650 Jackson St, San Francisco, CA 94133",粤式点心/火锅,火锅/麻辣烫,普通话/粤语,Google 分类：Chinese restaurant / Dim sum restaurant / Hot pot restaurant; 简介：Spicy Sichuan fare in a simple spot; 无中文店名，按地区菜系推断
旧金山,San Francisco,Outer Richmond,中,,Fuwa Dumpling,,"3608 Balboa St, San Francisco, CA 94121",饺子,面食/饺子,普通话,Google 分类：Chinese restaurant; 无中文店名，按地区菜系推断
旧金山,San Francisco,Chinatown,中,,G & Y Bakery & Cafe,,"881 Clay St, San Francisco, CA 94108",港式茶餐厅,粤菜/港式,普通话/粤语,Google 分类：Cha chaan teng (Hong Kong-style cafe) / Restaurant; 无中文店名，按地区菜系推断
旧金山,San Francisco,Excelsior/Ingleside,中,,Golden Coast Restaurant,,"1540 Ocean Ave, San Francisco, CA 94112",粤式点心,粤菜/港式,普通话/粤语,Google 分类：Chinese restaurant / Dim sum restaurant / Seafood restaurant; 无中文店名，按地区菜系推断
旧金山,San Francisco,Nob Hill/Polk,中,,Golden Horse Restaurant,,"1060 Hyde St, San Francisco, CA 94109",粤菜/北方菜,粤菜/港式,普通话/粤语,Google 分类：Chinese restaurant / Asian restaurant / Cantonese restaurant; 简介：Low-key choice for familiar Chinese food; 无中文店名，按地区菜系推断
旧金山,San Francisco,Inner Richmond,中,,Good Luck Dim Sum,,"736 Clement St, San Francisco, CA 94118",粤式点心/饺子,粤菜/港式,普通话/粤语,Google 分类：Dim sum restaurant / Chinese restaurant / Dumpling restaurant; 简介：Popular Chinese eatery in basic space; 无中文店名，按地区菜系推断
旧金山,San Francisco,Chinatown,中,,Good Mong Kok Bakery,,"1039 Stockton St, San Francisco, CA 94108",粤式点心/饺子,粤菜/港式,普通话/粤语,Google 分类：Dim sum restaurant / Dumpling restaurant / Restaurant; 简介：Go-to for homemade dim sum & baked goods; 无中文店名，按地区菜系推断
旧金山,San Francisco,Inner Richmond,中,,Gourmet Dim Sum and Cafe,,"651 Clement St, San Francisco, CA 94118",粤式点心/饺子,粤菜/港式,普通话/粤语,Google 分类：Dim sum restaurant / Cafe / Dumpling restaurant; 无中文店名，按地区菜系推断
旧金山,San Francisco,Inner Richmond,中,,Grand Hot Pot Lounge,,"4134 Geary Blvd, San Francisco, CA 94118",火锅,火锅/麻辣烫,普通话,Google 分类：Hot pot restaurant / Chinese restaurant / Karaoke; 简介：All-you-can-eat Chinese hot pot; 无中文店名，按地区菜系推断
旧金山,San Francisco,Chinatown,中,,Grant Place Restaurant,,"737 Washington St, San Francisco, CA 94108",粤式点心,粤菜/港式,普通话/粤语,Google 分类：Cantonese restaurant / Chinese restaurant / Dim sum restaurant; 简介：Cantonese spot with a hefty menu; 无中文店名，按地区菜系推断
旧金山,San Francisco,North Beach/Chinatown,中,,Great Eastern Restaurant,,"649 Jackson St, San Francisco, CA 94133",粤式点心,粤菜/港式,普通话/粤语,Google 分类：Cantonese restaurant / Chinese restaurant / Dim sum restaurant; 简介：Chinese fare & huge seafood tanks; 无中文店名，按地区菜系推断
旧金山,San Francisco,Nob Hill/Polk,中,,Hai Ky Mi Gia Chinese Cuisine,,"707 Ellis St, San Francisco, CA 94109",中式面馆,面食/饺子,普通话,Google 分类：Chinese noodle restaurant / Chinese restaurant / Vietnamese restaurant; 无中文店名，按地区菜系推断
旧金山,San Francisco,Chinatown,中,,Hang Ah Tea Room,,"1 Pagoda Pl, San Francisco, CA 94108",粤式点心,粤菜/港式,普通话/粤语,Google 分类：Dim sum restaurant; 简介：Low-key Chinese eatery with dim sum; 无中文店名，按地区菜系推断
旧金山,San Francisco,Financial District,中,,Harborview Restaurant & Bar,,"4 Embarcadero Center, Street Level Drumm Street &, Sacramento St, San Francisco, CA 94111",粤式点心,粤菜/港式,普通话/粤语,Google 分类：Chinese restaurant / Banquet hall / Cantonese restaurant; 简介：Spacious stop for Cantonese-Chinese eats; 无中文店名，按地区菜系推断
旧金山,San Francisco,Glen Park,中,,Henry's Hunan Restaurant,,"1708 Church St, San Francisco, CA 94131",湘菜,川湘/西南,普通话,Google 分类：Chinese restaurant / Restaurant; 简介：Casual spot for Chinese fare; 无中文店名，按地区菜系推断
旧金山,San Francisco,Financial District,中,,Henry’s Hunan Restaurant,,"110 Natoma St, San Francisco, CA 94105",湘菜,川湘/西南,普通话,Google 分类：Chinese restaurant / Asian fusion restaurant / Asian restaurant; 简介：Casual spot for Chinese fare; 无中文店名，按地区菜系推断
旧金山,San Francisco,SoMa,中,,HK Lounge Bistro,,"1136 Folsom St, San Francisco, CA 94103",粤式点心,粤菜/港式,普通话/粤语,Google 分类：Dim sum restaurant / Chinese restaurant; 无中文店名，按地区菜系推断
旧金山,San Francisco,Visitacion Valley/Portola,中,,Hong Kong BBQ Restaurant,,"2728 San Bruno Ave, San Francisco, CA 94134",粤菜,粤菜/港式,普通话/粤语,Google 分类：Chinese restaurant / Cafe; 无中文店名，按地区菜系推断
旧金山,San Francisco,Chinatown,中,,Hong Kong Clay Pot Restaurant,,"960 Grant Ave, San Francisco, CA 94108",粤菜,粤菜/港式,普通话/粤语,Google 分类：Cantonese restaurant / Chinese restaurant; 简介：Clay-pot dishes & Cantonese cuisine; 无中文店名，按地区菜系推断
旧金山,San Francisco,Outer Richmond,中,,Hong Kong Lounge,,"5322 Geary Blvd, San Francisco, CA 94121",粤式点心,粤菜/港式,普通话/粤语,Google 分类：Dim sum restaurant / Asian restaurant / Chinese restaurant; 简介：Popular dim sum spot with vast selection; 无中文店名，按地区菜系推断
旧金山,San Francisco,Lake Merced/Stonestown,中,,Hong Kong Yummy Bbq,,"295 Orizaba Ave, San Francisco, CA 94132",粤菜,粤菜/港式,普通话/粤语,Google 分类：Restaurant / Cantonese restaurant; 无中文店名，按地区菜系推断
旧金山,San Francisco,Parkside/Outer Sunset,中,,Hotpot Bay,,"1626 Taraval St, San Francisco, CA 94116",火锅,火锅/麻辣烫,普通话,Google 分类：Hot pot restaurant / Restaurant; 无中文店名，按地区菜系推断
旧金山,San Francisco,Chinatown,中,,Hotpot Champ,,"801 Kearny St, San Francisco, CA 94108",火锅/涮涮锅,火锅/麻辣烫,普通话,Google 分类：Chinese restaurant / Hot pot restaurant / Restaurant; 无中文店名，按地区菜系推断
旧金山,San Francisco,Mission,中,,House of Dim Sum,,"3224 1/2 22nd St, San Francisco, CA 94110",粤式点心,粤菜/港式,普通话/粤语,Google 分类：Restaurant / Asian restaurant / Dim sum restaurant; 无中文店名，按地区菜系推断
旧金山,San Francisco,North Beach/Chinatown,中,,House of Dim Sum,,"735 Jackson St, San Francisco, CA 94133",粤式点心/饺子,粤菜/港式,普通话/粤语,Google 分类：Dim sum restaurant / Bakery / Bubble tea store; 简介：Takeout-style dim sum restaurant; 无中文店名，按地区菜系推断
旧金山,San Francisco,North Beach/Chinatown,中,,House of Dim Sum,,"1242 Stockton St, San Francisco, CA 94133",粤式点心,粤菜/港式,普通话/粤语,Google 分类：Takeout Restaurant / Dim sum restaurant; 无中文店名，按地区菜系推断
旧金山,San Francisco,SoMa/Potrero,中,,House Of Hunan Restaurant,,"2 Townsend St, San Francisco, CA 94107",湘菜,川湘/西南,普通话,Google 分类：Chinese restaurant / Restaurant; 无中文店名，按地区菜系推断
旧金山,San Francisco,North Beach/Chinatown,中,,House Of Xian Dumpling,,"925 Kearny St, San Francisco, CA 94133",饺子/粤式点心,粤菜/港式,普通话/粤语,Google 分类：Chinese restaurant / Asian restaurant / Dumpling restaurant; 无中文店名，按地区菜系推断
旧金山,San Francisco,Castro/Noe Valley,中,,HULU WA CHINA BISTRO,,"3970 17th St, San Francisco, CA 94114",粤式点心,粤菜/港式,普通话/粤语,Google 分类：Chinese restaurant / Delivery Chinese restaurant / Dim sum restaurant; 无中文店名，按地区菜系推断
旧金山,San Francisco,Outer Richmond,中,,Hunan Cafe #2,,"4450 Cabrillo St, San Francisco, CA 94121",湘菜,川湘/西南,普通话,Google 分类：Chinese restaurant; 无中文店名，按地区菜系推断
旧金山,San Francisco,Marina,中,,Hunan Empire Restaurant,,"2001 Union St, San Francisco, CA 94123",湘菜,川湘/西南,普通话,Google 分类：Chinese restaurant / Asian fusion restaurant / Delivery Restaurant; 无中文店名，按地区菜系推断
旧金山,San Francisco,Chinatown,中,,Hunan House,,"826 Washington St, San Francisco, CA 94108",湘菜,川湘/西南,普通话,Google 分类：Chinese restaurant / Asian restaurant; 简介：Low-key option for classic Chinese fare; 无中文店名，按地区菜系推断
旧金山,San Francisco,Visitacion Valley/Portola,中,,Imperial Garden Seafood Restaurant,,"2626 San Bruno Ave, San Francisco, CA 94134",中式面馆/粤式点心,粤菜/港式,普通话/粤语,Google 分类：Chinese restaurant / Brunch restaurant / Cantonese restaurant; 简介：Roomy place offering dim sum & platters; 无中文店名，按地区菜系推断
旧金山,San Francisco,Chinatown,中,,Imperial Palace,,"818 Washington St, San Francisco, CA 94108",粤菜,粤菜/港式,普通话/粤语,Google 分类：Cantonese restaurant; 无中文店名，按地区菜系推断
旧金山,San Francisco,Sunset,中,,IPOT,,"1420 Irving St, San Francisco, CA 94122",火锅,火锅/麻辣烫,普通话,Google 分类：Hot pot restaurant / Barbecue restaurant; 简介：Casual restaurant for Chinese hot pot; 无中文店名，按地区菜系推断
旧金山,San Francisco,Inner Richmond,中,,Jin Pot Shabu House,,"5158 Geary Blvd, San Francisco, CA 94118",火锅/涮涮锅,火锅/麻辣烫,普通话,Google 分类：Hot pot restaurant / Shabu-shabu restaurant / Restaurant; 简介：Cook-your-own Japanese dining experience; 无中文店名，按地区菜系推断
旧金山,San Francisco,Parkside/Outer Sunset,中,,Just Won Ton,,"1241 Vicente St, San Francisco, CA 94116",饺子,面食/饺子,普通话,Google 分类：Dumpling restaurant; 简介：Chinese food in a simple setting; 无中文店名，按地区菜系推断
旧金山,San Francisco,North Beach/Chinatown,中,,Kam PO Kitchen,,"801 Broadway, San Francisco, CA 94133",粤菜,粤菜/港式,普通话/粤语,Google 分类：Cantonese restaurant / Chinese restaurant; 简介：Humble spot for traditional Chinese eats; 无中文店名，按地区菜系推断
旧金山,San Francisco,Parkside/Outer Sunset,中,,Kingdom Of Dumpling,,"1713 Taraval St, San Francisco, CA 94116",饺子,面食/饺子,普通话,Google 分类：Chinese restaurant / Asian restaurant / Dumpling restaurant; 简介：Relaxed eatery for Chinese dumplings; 无中文店名，按地区菜系推断
旧金山,San Francisco,Parkside/Outer Sunset,中,,Kingdom of Dumpling-Homemade frozen dumplings,,"2048 Taraval St, San Francisco, CA 94116",饺子,面食/饺子,普通话,Google 分类：Dumpling restaurant / Chinese restaurant / Frozen food store; 无中文店名，按地区菜系推断
旧金山,San Francisco,Mission,中,,Konbini,,"2790a Harrison St, San Francisco, CA 94110",台湾菜,台湾菜,普通话,Google 分类：Taiwanese restaurant / Japanese restaurant; 无中文店名，按地区菜系推断
旧金山,San Francisco,North Beach/Chinatown,中,,Lai Hong Lounge,,"1416 Powell St, San Francisco, CA 94133",粤式点心,粤菜/港式,普通话/粤语,Google 分类：Dim sum restaurant / Vietnamese restaurant; 简介：Hearty Chinese food & dim sum; 无中文店名，按地区菜系推断
旧金山,San Francisco,SoMa,中,,LetsSweet Kitchen,,"1010 Bryant St, San Francisco, CA 94103",港式茶餐厅/港式快餐,粤菜/港式,普通话/粤语,Google 分类：Cha chaan teng (Hong Kong-style cafe) / Hong Kong style fast food restaurant; 无中文店名，按地区菜系推断
旧金山,San Francisco,Inner Richmond,中,,M Pot,,"832 Clement St, San Francisco, CA 94118",火锅,火锅/麻辣烫,普通话,Google 分类：Hot pot restaurant / Chinese restaurant; 无中文店名，按地区菜系推断
旧金山,San Francisco,North Beach/Chinatown,中,,Ma's Dimsum & Cafe,,"1315 Powell St, San Francisco, CA 94133",粤式点心,粤菜/港式,普通话/粤语,Google 分类：Chinese restaurant / Asian restaurant / Dim sum restaurant; 简介：Unfussy stop for Chinese dim sum; 无中文店名，按地区菜系推断
旧金山,San Francisco,Castro/Noe Valley,中,,Mama Ji's,,"4416 18th St, San Francisco, CA 94114",粤式点心,粤菜/港式,普通话/粤语,Google 分类：Chinese restaurant / Dim sum restaurant; 简介：Cheery space for Sichuan fare & dim sum; 无中文店名，按地区菜系推断
旧金山,San Francisco,Chinatown,中,,Man Kee Sea Food Hot Pot,,"826 Washington St, San Francisco, CA 94108",火锅,火锅/麻辣烫,普通话,Google 分类：Seafood restaurant / Hot pot restaurant; 无中文店名，按地区菜系推断
旧金山,San Francisco,North Beach/Chinatown,中,,Ming Heung Dim Sum,,"752 Jackson St, San Francisco, CA 94133",粤菜,粤菜/港式,普通话/粤语,Google 分类：Cantonese restaurant / Restaurant; 简介：On-the-go dim sum dining; 无中文店名，按地区菜系推断
旧金山,San Francisco,Visitacion Valley/Portola,中,,Ming Hing Restaurant,,"2550 San Bruno Ave, San Francisco, CA 94134",港式快餐,粤菜/港式,普通话/粤语,Google 分类：Chinese restaurant / Chinese takeaway / Hong Kong style fast food restaurant; 无中文店名，按地区菜系推断
旧金山,San Francisco,Visitacion Valley/Portola,中,,Ming Hui Dim Sum,,"2495 San Bruno Ave, San Francisco, CA 94134",粤式点心,粤菜/港式,普通话/粤语,Google 分类：Dim sum restaurant; 无中文店名，按地区菜系推断
旧金山,San Francisco,Excelsior/Ingleside,中,,Ming Kee Restaurant,,"1548 Ocean Ave, San Francisco, CA 94112",港式快餐,粤菜/港式,普通话/粤语,Google 分类：Hong Kong style fast food restaurant / Chinese restaurant / Deli; 无中文店名，按地区菜系推断
旧金山,San Francisco,Sunset,中,,Ming Tai Wun-Tun Noodle,,"2455 Noriega St, San Francisco, CA 94122",中式面馆,面食/饺子,普通话,Google 分类：Chinese noodle restaurant; 无中文店名，按地区菜系推断
旧金山,San Francisco,Sunset,中,,Mini Potstickers,,"2045 Irving St, San Francisco, CA 94122",饺子,面食/饺子,普通话,Google 分类：Asian restaurant / Dumpling restaurant; 无中文店名，按地区菜系推断
旧金山,San Francisco,Mission,中,,Mission Chinese Food,,"2234 Mission St, San Francisco, CA 94110",川菜,川湘/西南,普通话,"Google 分类：Chinese restaurant / Restaurant; 简介：Hip, hidden Sichuan dining room; 无中文店名，按地区菜系推断"
旧金山,San Francisco,Financial District,中,,MOMO noodle,,"455 Market St, San Francisco, CA 94105",中式面馆,面食/饺子,普通话,Google 分类：Chinese noodle restaurant / Asian restaurant / Noodle shop; 无中文店名，按地区菜系推断
旧金山,San Francisco,Mission Bay,中,,MOMO noodle,,"601 Mission Bay Blvd North, San Francisco, CA 94158",中式面馆,面食/饺子,普通话,Google 分类：Chinese noodle restaurant; 无中文店名，按地区菜系推断
旧金山,San Francisco,Sunset,中,,Mongkok Dim Sum,,"2438 Noriega St, San Francisco, CA 94122",粤式点心,粤菜/港式,普通话/粤语,Google 分类：Dim sum restaurant / Chinese restaurant; 无中文店名，按地区菜系推断
旧金山,San Francisco,Parkside/Outer Sunset,中,,Mr Szechuan,,"890 Taraval St, San Francisco, CA 94116",川菜,川湘/西南,普通话,Google 分类：Sichuan restaurant; 无中文店名，按地区菜系推断
旧金山,San Francisco,Outer Richmond,中,,Mulan Malatang,,"2110 Clement St, San Francisco, CA 94121",火锅,火锅/麻辣烫,普通话,Google 分类：Chinese restaurant / Ramen restaurant; 无中文店名，按地区菜系推断
旧金山,San Francisco,Lake Merced/Stonestown,中,,Mumu Hot Pot,,"2 Varela Ave Ste 203, San Francisco, CA 94132",火锅,火锅/麻辣烫,普通话,Google 分类：Hot pot restaurant / Asian restaurant / Soup kitchen; 无中文店名，按地区菜系推断
旧金山,San Francisco,North Beach/Chinatown,中,,Nan hot pot SF,,"501 Broadway, San Francisco, CA 94133",火锅,火锅/麻辣烫,普通话,Google 分类：Hot pot restaurant / Chinese restaurant; 无中文店名，按地区菜系推断
旧金山,San Francisco,Chinatown,中,,New Fortune Restaurant,,"815 Stockton St, San Francisco, CA 94108",粤菜/北方菜,粤菜/港式,普通话/粤语,Google 分类：Cantonese restaurant / Fast food restaurant / Mandarin restaurant; 简介：Modest outlet for Chinese cuisine; 无中文店名，按地区菜系推断
旧金山,San Francisco,North Beach/Chinatown,中,,New Regent Cafe,,"638 Pacific Ave, San Francisco, CA 94133",港式茶餐厅,粤菜/港式,普通话/粤语,Google 分类：Chinese restaurant / Cha chaan teng (Hong Kong-style cafe); 无中文店名，按地区菜系推断
旧金山,San Francisco,Sunset,中,,Noodle Stop,,"1325 Noriega St, San Francisco, CA 94122",中式面馆,面食/饺子,普通话,Google 分类：Chinese restaurant / Chinese noodle restaurant / Noodle shop; 无中文店名，按地区菜系推断
旧金山,San Francisco,Parkside/Outer Sunset,中,,Old Pier Hong Kong BBQ,,"1033 Taraval St, San Francisco, CA 94116",粤菜,粤菜/港式,普通话/粤语,Google 分类：Cantonese restaurant / Barbecue restaurant / Chinese restaurant; 无中文店名，按地区菜系推断
旧金山,San Francisco,Outer Richmond,中,,Oodle Yunnan Rice Noodle,,"3420 Balboa St, San Francisco, CA 94121",中式面馆,面食/饺子,普通话,Google 分类：Chinese noodle restaurant / Asian restaurant / Noodle shop; 无中文店名，按地区菜系推断
旧金山,San Francisco,North Beach/Chinatown,中,,Osmanthus Dim Sum Lounge,,"504 Broadway, San Francisco, CA 94133",粤式点心/饺子,粤菜/港式,普通话/粤语,Google 分类：Dim sum restaurant / Dumpling restaurant / Wine bar; 简介：Dumplings & more in easygoing digs; 无中文店名，按地区菜系推断
旧金山,San Francisco,Nob Hill/Polk,中,,Palette Tea House,,"900 North Point St, San Francisco, CA 94109",粤菜,粤菜/港式,普通话/粤语,Google 分类：Cantonese restaurant / Cocktail bar / Restaurant; 简介：Cantonese eats & dim sum in soaring digs; 无中文店名，按地区菜系推断
旧金山,San Francisco,Financial District,中,,Papa Noodle,,"117 New Montgomery St, San Francisco, CA 94105",中式面馆,面食/饺子,普通话,Google 分类：Chinese noodle restaurant; 无中文店名，按地区菜系推断
旧金山,San Francisco,Sunset,中,,Peking Restaurant - Authentic Chinese Restaurant Since 1980,,"1375 Noriega St, San Francisco, CA 94122",北京菜,北方/东北/江浙,普通话,Google 分类：Chinese restaurant; 简介：Chinese dishes in a casual setting; 无中文店名，按地区菜系推断
旧金山,San Francisco,Bayview,中,,Peking Wok Restaurant,,"4920 3rd St, San Francisco, CA 94124",北京菜,北方/东北/江浙,普通话,Google 分类：Chinese restaurant; 无中文店名，按地区菜系推断
旧金山,San Francisco,North Beach/Chinatown,中,,Peninsula Seafood Restaurant,,"641 Jackson St, San Francisco, CA 94133",粤式点心,粤菜/港式,普通话/粤语,Google 分类：Dim sum restaurant / Chinese restaurant / Vegetarian restaurant; 简介：Casual venue for seafood & Chinese fare; 无中文店名，按地区菜系推断
旧金山,San Francisco,Tenderloin/Civic Center,中,,Qin's Ramen & Noodle Bar,,"101 Cyril Magnin St, San Francisco, CA 94102",中式面馆,面食/饺子,普通话,Google 分类：Chinese noodle restaurant / Ramen restaurant; 无中文店名，按地区菜系推断
旧金山,San Francisco,Sunset,中,,QingShu Malatang & Nai Brother Fish,,"816 Irving St, San Francisco, CA 94122",火锅,火锅/麻辣烫,普通话,Google 分类：Chinese restaurant / Restaurant; 简介：Chinese spot with custom-made soups; 无中文店名，按地区菜系推断
旧金山,San Francisco,Nob Hill/Polk,中,,QUACK HOUSE aka Hing Lung Company,,"927 Post St, San Francisco, CA 94109",粤菜,粤菜/港式,普通话/粤语,Google 分类：Chinese restaurant / Chinese takeaway; 简介：Busy standby for roast duck & pork; 无中文店名，按地区菜系推断
旧金山,San Francisco,Chinatown,中,,R & G Lounge,,"631 Kearny St, San Francisco, CA 94108",粤菜,粤菜/港式,普通话/粤语,Google 分类：Chinese restaurant / Asian fusion restaurant / Asian restaurant; 无中文店名，按地区菜系推断
旧金山,San Francisco,North Beach/Chinatown,中,,Rice Roll Express,,"1131 Stockton St, San Francisco, CA 94133",中式面馆,面食/饺子,普通话,Google 分类：Chinese restaurant / Chinese noodle restaurant; 无中文店名，按地区菜系推断
旧金山,San Francisco,SoMa,中,,Rolling Dumpling,,"135 4th Street Ste FC 7, San Francisco, CA 94103",饺子,面食/饺子,普通话,Google 分类：Dumpling restaurant / Fusion restaurant; 无中文店名，按地区菜系推断
旧金山,San Francisco,Chinatown,中,,Sam Wo Restaurant,,"713 Clay St, San Francisco, CA 94108",粤菜,粤菜/港式,普通话/粤语,Google 分类：Chinese restaurant / Asian restaurant / Cantonese restaurant; 简介：Famed spot for classic Chinese eats; 无中文店名，按地区菜系推断
旧金山,San Francisco,Visitacion Valley/Portola,中,,Sassy Foods,,"2626 San Bruno Ave, San Francisco, CA 94134",粤式点心,粤菜/港式,普通话/粤语,Google 分类：Vegan restaurant / Dim sum restaurant; 无中文店名，按地区菜系推断
旧金山,San Francisco,SoMa,中,,Shanghai China Restaurant,,"1559 Mission St, San Francisco, CA 94103",上海菜,北方/东北/江浙,普通话,Google 分类：Chinese restaurant; 简介：Unfussy Chinese dining with delivery; 无中文店名，按地区菜系推断
旧金山,San Francisco,Castro/Noe Valley,中,,Shanghai Dumpling King,,"720 14th St, San Francisco, CA 94114",饺子,面食/饺子,普通话,Google 分类：Chinese restaurant / Caterer / Dumpling restaurant; 无中文店名，按地区菜系推断
旧金山,San Francisco,Outer Richmond,中,,Shanghai House Restaurant,,"3641 Balboa St, San Francisco, CA 94121",上海菜,北方/东北/江浙,普通话,Google 分类：Chinese restaurant; 简介：Chinese eats with Shanghai flavor; 无中文店名，按地区菜系推断
旧金山,San Francisco,Lake Merced/Stonestown,中,,Shihlin Taiwan Street Snacks,,"3251 20th Ave #250G, San Francisco, CA 94132",台湾菜,台湾菜,普通话,Google 分类：Taiwanese restaurant; 无中文店名，按地区菜系推断
旧金山,San Francisco,Inner Richmond,中,,Sichuan Home,,"5037 Geary Blvd, San Francisco, CA 94118",川菜,川湘/西南,普通话,Google 分类：Sichuan restaurant / Asian restaurant / Chinese restaurant; 简介：Spicy Sichuan Chinese cooking; 无中文店名，按地区菜系推断
旧金山,San Francisco,SoMa,中,,Sizzling Pot King,,"139 8th St, San Francisco, CA 94103",火锅,火锅/麻辣烫,普通话,Google 分类：Hot pot restaurant / Chinese restaurant; 简介：Traditional Chinese hot-pot restaurant; 无中文店名，按地区菜系推断
旧金山,San Francisco,Parkside/Outer Sunset,中,,Smile House Cafe,,"1030 Taraval St, San Francisco, CA 94116",港式快餐,粤菜/港式,普通话/粤语,Google 分类：Hong Kong style fast food restaurant / Restaurant; 简介：Laid-back Hong Kong-style spot; 无中文店名，按地区菜系推断
旧金山,San Francisco,Financial District,中,,Sohunan of Henry's Hunan,,"674 Sacramento St, San Francisco, CA 94111",湘菜,川湘/西南,普通话,Google 分类：Hunan restaurant / Chinese restaurant / Restaurant; 无中文店名，按地区菜系推断
旧金山,San Francisco,Inner Richmond,中,,Spices,,"291 6th Ave, San Francisco, CA 94118",川菜,川湘/西南,普通话,Google 分类：Chinese restaurant / Restaurant; 简介：Spicy & authentic Sichuan dining; 无中文店名，按地区菜系推断
旧金山,San Francisco,Chinatown,中,,Spicy King,,"65 Waverly Pl, San Francisco, CA 94108",川菜,川湘/西南,普通话,Google 分类：Sichuan restaurant / Asian restaurant / Restaurant; 简介：Sichuan staples in a comfy Chinese joint; 无中文店名，按地区菜系推断
旧金山,San Francisco,Chinatown,中,,Sum Dim Sum,,"601 Grant Ave, San Francisco, CA 94108",粤式点心,粤菜/港式,普通话/粤语,Google 分类：Dim sum restaurant / Bubble tea store / Chinese restaurant; 简介：Classic Chinese dim sum in modern digs; 无中文店名，按地区菜系推断
旧金山,San Francisco,Visitacion Valley/Portola,中,,Sunshine Wheat Field Dim Sum,,"2668 San Bruno Ave, San Francisco, CA 94134",粤式点心/饺子,粤菜/港式,普通话/粤语,Google 分类：Dim sum restaurant / Chinese restaurant / Dumpling restaurant; 无中文店名，按地区菜系推断
旧金山,San Francisco,Lake Merced/Stonestown,中,,Supreme Dumplings,,"3251 20th Ave suite 219a, San Francisco, CA 94132",饺子,面食/饺子,普通话,Google 分类：Chinese restaurant; 无中文店名，按地区菜系推断
旧金山,San Francisco,Excelsior/Ingleside,中,,Sweet Delight Bakery,,"4476 Mission St #1950, San Francisco, CA 94112",粤式点心,粤菜/港式,普通话/粤语,Google 分类：Chinese restaurant / Bakery / Dim sum restaurant; 无中文店名，按地区菜系推断
旧金山,San Francisco,Sunset,中,,Szechuan Cuisine,,"1920 Irving St, San Francisco, CA 94122",川菜,川湘/西南,普通话,Google 分类：Sichuan restaurant / Asian restaurant / Diner; 无中文店名，按地区菜系推断
旧金山,San Francisco,Financial District,中,,T4 Malatom,,"380 Bush St #4, San Francisco, CA 94104",港式快餐,粤菜/港式,普通话/粤语,Google 分类：Hong Kong style fast food restaurant; 无中文店名，按地区菜系推断
旧金山,San Francisco,North Beach/Chinatown,中,,Taishan Cuisine,,"781 Broadway, San Francisco, CA 94133",粤菜,粤菜/港式,普通话/粤语,Google 分类：Cantonese restaurant / Asian restaurant / Chinese restaurant; 无中文店名，按地区菜系推断
旧金山,San Francisco,North Beach/Chinatown,中,,Taishan Taste Dim Sum,,"1343 Powell St, San Francisco, CA 94133",中式面馆/粤式点心,粤菜/港式,普通话/粤语,Google 分类：Chinese restaurant / Cantonese restaurant / Chinese noodle restaurant; 无中文店名，按地区菜系推断
旧金山,San Francisco,Outer Richmond,中,,Tasty restaurant,,"5530 Geary Blvd, San Francisco, CA 94121",港式茶餐厅,粤菜/港式,普通话/粤语,Google 分类：Asian fusion restaurant / Cha chaan teng (Hong Kong-style cafe) / Restaurant; 无中文店名，按地区菜系推断
旧金山,San Francisco,Inner Richmond,中,,The Claypot House,,"1000 Clement St, San Francisco, CA 94118",粤菜,粤菜/港式,普通话/粤语,Google 分类：Cantonese restaurant / Chicken restaurant / Chinese restaurant; 无中文店名，按地区菜系推断
旧金山,San Francisco,Sunset,中,,The Pots Hot Pot,,"2652 Judah St, San Francisco, CA 94122",火锅,火锅/麻辣烫,普通话,Google 分类：Hot pot restaurant / Asian fusion restaurant / Buffet restaurant; 简介：Bustling kitchen for Chinese hot pot; 无中文店名，按地区菜系推断
旧金山,San Francisco,North Beach/Chinatown,中,,Toppu Ramen And Dim Sum House,,"941 Kearny St, San Francisco, CA 94133",粤式点心,粤菜/港式,普通话/粤语,Google 分类：Chinese restaurant / Dim sum restaurant / Japanese restaurant; 简介：Low-key spot for Japanese & Chinese eats; 无中文店名，按地区菜系推断
旧金山,San Francisco,Marina,中,,United Dumplings,,"2015 Chestnut St, San Francisco, CA 94123",粤式点心/饺子,粤菜/港式,普通话/粤语,Google 分类：Chinese restaurant / Asian fusion restaurant / Asian restaurant; 无中文店名，按地区菜系推断
旧金山,San Francisco,Mission,中,,United Dumplings,,"525 Cortland Ave, San Francisco, CA 94110",中式面馆/粤式点心,粤菜/港式,普通话/粤语,Google 分类：Chinese restaurant / Asian restaurant / Chinese noodle restaurant; 简介：Unfussy outpost for Chinese snacks; 无中文店名，按地区菜系推断
旧金山,San Francisco,Inner Richmond,中,,Venus Cafe - San Francisco,,"700 Clement St, San Francisco, CA 94118",港式茶餐厅/港式快餐,粤菜/港式,普通话/粤语,Google 分类：Cha chaan teng (Hong Kong-style cafe) / Chinese restaurant / Hong Kong style fast food restaurant; 无中文店名，按地区菜系推断
旧金山,San Francisco,Outer Richmond,中,,WenChang Dumpling Restaurant,,"1650 Balboa St, San Francisco, CA 94121",饺子,面食/饺子,普通话,Google 分类：Chinese restaurant / Dumpling restaurant; 简介：Modest hub for Chinese cuisine; 无中文店名，按地区菜系推断
旧金山,San Francisco,North Beach/Chinatown,中,,Wing Sing Dim Sum,,"1125 Stockton St, San Francisco, CA 94133",粤式点心,粤菜/港式,普通话/粤语,Google 分类：Dim sum restaurant / Cantonese restaurant / Chinese restaurant; 简介：Basic Chinese eatery with familiar fare; 无中文店名，按地区菜系推断
旧金山,San Francisco,Nob Hill/Polk,中,,Wok Shop Cafe,,"1233 Van Ness Ave, San Francisco, CA 94109",湘菜,川湘/西南,普通话,Google 分类：Chinese restaurant / Cafe / Hunan restaurant; 无中文店名，按地区菜系推断
旧金山,San Francisco,Inner Richmond,中,,Xiao Long Bao,,"625 Clement St, San Francisco, CA 94118",饺子/台湾菜,台湾菜,普通话,Google 分类：Chinese restaurant / Dumpling restaurant / Taiwanese restaurant; 无中文店名，按地区菜系推断
旧金山,San Francisco,Financial District,中,,Yank Sing,,"49 Stevenson St, San Francisco, CA 94105",粤式点心,粤菜/港式,普通话/粤语,Google 分类：Dim sum restaurant / Cantonese restaurant / Chinese restaurant; 简介：Chinese restaurant famed for its dim sum; 无中文店名，按地区菜系推断
旧金山,San Francisco,Financial District,中,,Yank Sing (Spear St.),,"101 Spear St, San Francisco, CA 94105",粤式点心,粤菜/港式,普通话/粤语,Google 分类：Dim sum restaurant / Chinese restaurant; 简介：Classic Dim sum spot in a modern complex; 无中文店名，按地区菜系推断
旧金山,San Francisco,North Beach/Chinatown,中,,Yee's Restaurant,,"1131 Grant Ave #1133, San Francisco, CA 94133",粤菜,粤菜/港式,普通话/粤语,Google 分类：Chinese restaurant / Barbecue restaurant / Cantonese restaurant; 简介：Traditional Chinese eats in unfussy digs; 无中文店名，按地区菜系推断
旧金山,San Francisco,North Beach/Chinatown,中,,Yin Du Wonton Noodle,,"648 Pacific Ave, San Francisco, CA 94133",粤菜,粤菜/港式,普通话/粤语,Google 分类：Chinese restaurant; 简介：Simple Chinese nook for familiar fare; 无中文店名，按地区菜系推断
旧金山,San Francisco,North Beach/Chinatown,中,,Yuet Lee Seafood Restaurant,,"1300 Stockton St, San Francisco, CA 94133",粤菜,粤菜/港式,普通话/粤语,Google 分类：Chinese restaurant / Seafood restaurant; 简介：Longtime spot for classic Cantonese fare; 无中文店名，按地区菜系推断
旧金山,San Francisco,Visitacion Valley/Portola,中,,YUEXIANG,,"2832 San Bruno Ave, San Francisco, CA 94134",中式面馆,面食/饺子,普通话,Google 分类：Chinese noodle restaurant; 无中文店名，按地区菜系推断
旧金山,San Francisco,North Beach/Chinatown,中,,Yummy BBQ Kitchen,,"683 Broadway, San Francisco, CA 94133",粤式点心,粤菜/港式,普通话/粤语,Google 分类：Chinese restaurant / Barbecue restaurant / Cold cut store; 无中文店名，按地区菜系推断
旧金山,San Francisco,Chinatown,中,,Yummy Dim Sum & Fast Food,,"930 Stockton St, San Francisco, CA 94108",粤式点心/饺子,粤菜/港式,普通话/粤语,Google 分类：Dim sum restaurant / Asian restaurant / Cantonese restaurant; 简介：No-frills stop for dim sum & Asian fare; 无中文店名，按地区菜系推断
旧金山,San Francisco,North Beach/Chinatown,中,,Zhen‘s Kitchen,,"674 Broadway, San Francisco, CA 94133",粤菜,粤菜/港式,普通话/粤语,Google 分类：Cantonese restaurant / Restaurant; 无中文店名，按地区菜系推断
旧金山,San Francisco,SoMa,低,,7 Mission Restaurant,,"150A 7th St, San Francisco, CA 94103",中餐,其他中餐,普通话/粤语,Google 分类：Chinese restaurant; 无中文店名，仅泛称中餐，弱推断
旧金山,San Francisco,Financial District,低,,77 Chinese & Vietnamese Cuisine,,"77 Battery St Ste STLV, San Francisco, CA 94111",中餐,其他中餐,普通话/粤语,"Google 分类：Chinese restaurant / Barbecue restaurant / Hawaiian restaurant; 简介：Quick, casual Asian food; 无中文店名，仅泛称中餐，弱推断"
旧金山,San Francisco,Tenderloin/Civic Center,低,,Amazing Kitchen,,"101 Cyril Magnin St, San Francisco, CA 94102",中餐,其他中餐,普通话/粤语,Google 分类：Chinese restaurant; 简介：Standard Chinese eats in a casual space; 无中文店名，仅泛称中餐，弱推断
旧金山,San Francisco,Inner Richmond,低,,B Star,,"127 Clement St, San Francisco, CA 94118",中餐,其他中餐,普通话/粤语,Google 分类：Chinese restaurant / Asian fusion restaurant / Brunch restaurant; 简介：Pan-Asian fare with garden patio; 无中文店名，仅泛称中餐，弱推断
旧金山,San Francisco,Excelsior/Ingleside,低,,B&W Kitchen,,"958 Geneva Ave, San Francisco, CA 94112",中餐,其他中餐,普通话/粤语,Google 分类：Chinese restaurant; 无中文店名，仅泛称中餐，弱推断
旧金山,San Francisco,Sunset,低,,Bei Fang Style Restaurant,,"2218 Irving St, San Francisco, CA 94122",中餐,其他中餐,普通话/粤语,Google 分类：Chinese restaurant / Restaurant; 无中文店名，仅泛称中餐，弱推断
旧金山,San Francisco,Mission,低,,"Big Bear Tea, Donut & Chinese Food",,"2798 Mission St, San Francisco, CA 94110",美式中餐,美式中餐/越南华人,普通话/粤语,Google 分类：Chinese restaurant; 无中文店名，美式中餐风格，弱推断
旧金山,San Francisco,Mission,低,,Bir Kitchen,,"3111 24th St, San Francisco, CA 94110",中餐,其他中餐,普通话/粤语,Google 分类：Chinese restaurant / Asian fusion restaurant / Biryani restaurant; 无中文店名，仅泛称中餐，弱推断
旧金山,San Francisco,Chinatown,低,,Bow Hon Restaurant,,"850 Grant Ave, San Francisco, CA 94108",中餐,其他中餐,普通话/粤语,Google 分类：Chinese restaurant; 简介：Basic spot with familiar Chinese cuisine; 无中文店名，仅泛称中餐，弱推断
旧金山,San Francisco,Sunset,低,,Cafe Bakery Restaurant,,"1365 Noriega St, San Francisco, CA 94122",中餐,其他中餐,普通话/粤语,Google 分类：Chinese restaurant / Bakery / Cafe; 无中文店名，仅泛称中餐，弱推断
旧金山,San Francisco,Sunset,低,,Chang's Kitchen Restaurant,,"1030 Irving St, San Francisco, CA 94122",美式中餐,美式中餐/越南华人,普通话/粤语,Google 分类：Chinese restaurant; 简介：Neighborhood Chinese eatery & takeout; 无中文店名，美式中餐风格，弱推断
旧金山,San Francisco,Excelsior/Ingleside,低,,Chase Luck Bakery,,"1325 Ocean Ave, San Francisco, CA 94112",中餐,其他中餐,普通话/粤语,Google 分类：Chinese restaurant; 无中文店名，仅泛称中餐，弱推断
旧金山,San Francisco,Outer Richmond,低,,Cheung Hing,,"6255 Geary Blvd, San Francisco, CA 94121",中餐,其他中餐,普通话/粤语,Google 分类：Chinese restaurant; 无中文店名，仅泛称中餐，弱推断
旧金山,San Francisco,Inner Richmond,低,,Cheung Hing Chinese Deli Inc,,"323 Clement St #325, San Francisco, CA 94118",中餐,其他中餐,普通话/粤语,Google 分类：Chinese restaurant; 无中文店名，仅泛称中餐，弱推断
旧金山,San Francisco,Sunset,低,,Cheung Hing Restaurant,,"2339 Noriega St, San Francisco, CA 94122",美式中餐,美式中餐/越南华人,普通话/粤语,Google 分类：Chinese restaurant; 简介：Chinese BBQ take-out spot; 无中文店名，美式中餐风格，弱推断
旧金山,San Francisco,Sunset,低,,Cheung Hing Seafood Restaurant,,"2578 Noriega St #207, San Francisco, CA 94122",中餐,其他中餐,普通话/粤语,Google 分类：Chinese restaurant; 无中文店名，仅泛称中餐，弱推断
旧金山,San Francisco,Mission,低,,Chic n’ Time,,"807 Valencia St, San Francisco, CA 94110",越南华人中餐,美式中餐/越南华人,粤语,Google 分类：Vietnamese restaurant / Chinese restaurant; 简介：Modest eatery for Asian comfort fare; 无中文店名，越南华人风格，弱推断
旧金山,San Francisco,Lake Merced/Stonestown,低,,China Delights,,"295 Orizaba Ave, San Francisco, CA 94132",中餐,其他中餐,普通话/粤语,Google 分类：Chinese restaurant; 无中文店名，仅泛称中餐，弱推断
旧金山,San Francisco,Mission,低,,China Express Deli,,"2732 Mission St, San Francisco, CA 94110",美式中餐,美式中餐/越南华人,普通话/粤语,Google 分类：Chinese restaurant; 无中文店名，美式中餐风格，弱推断
旧金山,San Francisco,North Beach/Chinatown,低,,China Live,,"644 Broadway, San Francisco, CA 94133",中餐,其他中餐,普通话/粤语,Google 分类：Chinese restaurant / Cocktail bar / Restaurant; 简介：Upscale Chinese fare and culinary items; 无中文店名，仅泛称中餐，弱推断
旧金山,San Francisco,North Beach/Chinatown,低,,China Press,,"1118 Grant Ave, San Francisco, CA 94133",中餐,其他中餐,普通话/粤语,Google 分类：Chinese restaurant; 无中文店名，仅泛称中餐，弱推断
旧金山,San Francisco,Excelsior/Ingleside,低,,CHOPSTICKS CHINESE FAST FOOD,,"4615 Mission St, San Francisco, CA 94112",中餐,其他中餐,普通话/粤语,Google 分类：Chinese restaurant; 无中文店名，仅泛称中餐，弱推断
旧金山,San Francisco,Chinatown,低,,City Chopsticks,,"883 Bush St, San Francisco, CA 94108",中餐,其他中餐,普通话/粤语,Google 分类：Chinese restaurant / Asian restaurant; 简介：Chow mein & other Chinese basics; 无中文店名，仅泛称中餐，弱推断
旧金山,San Francisco,Excelsior/Ingleside,低,,Crazy Pepper,,"2257 San Jose Ave, San Francisco, CA 94112",中餐,其他中餐,普通话/粤语,Google 分类：Chinese restaurant; 简介：Modest outfit for Chinese cooking; 无中文店名，仅泛称中餐，弱推断
旧金山,San Francisco,SoMa,低,,Dabao Singapore,,"135 4th St FC03, San Francisco, CA 94103",中式面馆/越南菜,美式中餐/越南华人,粤语,Google 分类：Singaporean restaurant / Asian restaurant / Caterer; 无中文店名，越南华人风格，弱推断
旧金山,San Francisco,Inner Richmond,低,,Dragon River Restaurant,,"5045 Geary Blvd, San Francisco, CA 94118",美式中餐,美式中餐/越南华人,普通话/粤语,Google 分类：Chinese restaurant; 无中文店名，美式中餐风格，弱推断
旧金山,San Francisco,Marina,低,,Dragon Well,,"2142 Chestnut St, San Francisco, CA 94123",美式中餐,美式中餐/越南华人,普通话/粤语,Google 分类：Chinese restaurant; 简介：Modern Chinese fare in a loftlike space; 无中文店名，美式中餐风格，弱推断
旧金山,San Francisco,North Beach/Chinatown,低,,Duk Hing Chinese Deli & Meat,,"1151 Stockton St #1153, San Francisco, CA 94133",中餐,其他中餐,普通话/粤语,Google 分类：Chinese restaurant / Butcher shop / Deli; 无中文店名，仅泛称中餐，弱推断
旧金山,San Francisco,North Beach/Chinatown,低,,Eight Tables by George Chen,,"8 Kenneth Rexroth Pl, San Francisco, CA 94133",中餐,其他中餐,普通话/粤语,"Google 分类：Chinese restaurant / Restaurant; 简介：High-end, ornate Chinese tasting menus; 无中文店名，仅泛称中餐，弱推断"
旧金山,San Francisco,North Beach/Chinatown,低,,Elaine's Kitchen,,"434 Broadway, San Francisco, CA 94133",中餐,其他中餐,普通话/粤语,Google 分类：Chinese restaurant / Asian restaurant / Restaurant; 简介：Cozy Chinese eatery with family menus; 无中文店名，仅泛称中餐，弱推断
旧金山,San Francisco,Outer Richmond,低,,Empero Taste,,"4052 Balboa St, San Francisco, CA 94121",中餐,其他中餐,普通话/粤语,Google 分类：Chinese restaurant / Restaurant; 无中文店名，仅泛称中餐，弱推断
旧金山,San Francisco,Inner Richmond,低,,Emperor Palace Restaurant,,"530 Balboa St, San Francisco, CA 94118",中餐,其他中餐,普通话/粤语,Google 分类：Chinese restaurant; 简介：Modest stop for Chinese cooking; 无中文店名，仅泛称中餐，弱推断
旧金山,San Francisco,Tenderloin/Civic Center,低,,Emperor's Kitchen,,"418 Larkin St, San Francisco, CA 94102",美式中餐,美式中餐/越南华人,普通话/粤语,Google 分类：Chinese restaurant / Restaurant; 简介：Chinese food standards for takeout; 无中文店名，美式中餐风格，弱推断
旧金山,San Francisco,Sunset,低,,Enjoy Vegetarian Restaurant,,"754 Kirkham St #3619, San Francisco, CA 94122",中餐,其他中餐,普通话/粤语,Google 分类：Chinese restaurant / Vegetarian restaurant / Restaurant; 简介：Vegetarian & vegan Chinese eats; 无中文店名，仅泛称中餐，弱推断
旧金山,San Francisco,Glen Park,低,,Eric's Restaurant,,"1500 Church St, San Francisco, CA 94131",中餐,其他中餐,普通话/粤语,Google 分类：Chinese restaurant; 简介：Chinese food in a casual atmosphere; 无中文店名，仅泛称中餐，弱推断
旧金山,San Francisco,Financial District,低,,Fang,,"660 Howard St, San Francisco, CA 94105",中餐,其他中餐,普通话/粤语,Google 分类：Chinese restaurant / Bar; 简介：Modern takes on classic Chinese dishes; 无中文店名，仅泛称中餐，弱推断
旧金山,San Francisco,Lake Merced/Stonestown,低,,Fang Yuan Kitchen,,"31 Cambon Dr, San Francisco, CA 94132",中餐,其他中餐,普通话/粤语,Google 分类：Chinese restaurant; 无中文店名，仅泛称中餐，弱推断
旧金山,San Francisco,Mission,低,,FU HUI HUA,,"2809 24th St, San Francisco, CA 94110",中餐,其他中餐,普通话/粤语,Google 分类：Chinese restaurant; 无中文店名，仅泛称中餐，弱推断
旧金山,San Francisco,Sunset,低,,Fung Wong SF,,"2500 Noriega St, San Francisco, CA 94122",中餐,其他中餐,普通话/粤语,Google 分类：Chinese restaurant; 无中文店名，仅泛称中餐，弱推断
旧金山,San Francisco,Visitacion Valley/Portola,低,,Giant Scoop Cafe,,"2708 San Bruno Ave, San Francisco, CA 94134",中餐,其他中餐,普通话/粤语,Google 分类：Chinese takeaway; 无中文店名，仅泛称中餐，弱推断
旧金山,San Francisco,Lake Merced/Stonestown,低,,GO CHICKEN,,"2608 Ocean Ave, San Francisco, CA 94132",中餐,其他中餐,普通话/粤语,Google 分类：Chinese restaurant; 无中文店名，仅泛称中餐，弱推断
旧金山,San Francisco,Chinatown,低,,Golden Dragon Restaurant,,"822 Washington St, San Francisco, CA 94108",美式中餐,美式中餐/越南华人,普通话/粤语,Google 分类：Chinese restaurant; 无中文店名，美式中餐风格，弱推断
旧金山,San Francisco,Sunset,低,,Golden Island Cafe,,"1300 Noriega St, San Francisco, CA 94122",美式中餐,美式中餐/越南华人,普通话/粤语,Google 分类：Chinese restaurant / Dessert shop; 简介：Eatery for unusual Chinese fare & sweets; 无中文店名，美式中餐风格，弱推断
旧金山,San Francisco,Tenderloin/Civic Center,低,,Golden Kim Tar,,"434 Larkin St, San Francisco, CA 94102",美式中餐,美式中餐/越南华人,普通话/粤语,Google 分类：Chinese restaurant / Asian restaurant / Chinese takeaway; 简介：Casual spot for traditional Chinese fare; 无中文店名，美式中餐风格，弱推断
旧金山,San Francisco,Lake Merced/Stonestown,低,,Golden Wok,,"295 Orizaba Ave, San Francisco, CA 94132",美式中餐,美式中餐/越南华人,普通话/粤语,Google 分类：Chinese restaurant / Asian restaurant / Delivery Restaurant; 简介：No-nonsense choice for Chinese fare; 无中文店名，美式中餐风格，弱推断
旧金山,San Francisco,Nob Hill/Polk,低,,Gourmet Carousel,,"1559 Franklin St, San Francisco, CA 94109",中餐,其他中餐,普通话/粤语,Google 分类：Chinese restaurant / Asian restaurant / Chicken restaurant; 简介：A wide variety of classic Chinese eats; 无中文店名，仅泛称中餐，弱推断
旧金山,San Francisco,Chinatown,低,,Gourmet Kitchen,,"1051 Stockton St, San Francisco, CA 94108",中餐,其他中餐,普通话/粤语,Google 分类：Chinese restaurant; 无中文店名，仅泛称中餐，弱推断
旧金山,San Francisco,Inner Richmond,低,,Green Island Restaurant,,"4012 Geary Blvd, San Francisco, CA 94118",中餐,其他中餐,普通话/粤语,Google 分类：Chinese restaurant / Burmese restaurant; 简介：Sizable Chinese meals in old-school digs; 无中文店名，仅泛称中餐，弱推断
旧金山,San Francisco,Parkside/Outer Sunset,低,,Guilin Rice Noodles House,,"901 Taraval St, San Francisco, CA 94116",中餐,其他中餐,普通话/粤语,Google 分类：Chinese restaurant; 无中文店名，仅泛称中餐，弱推断
旧金山,San Francisco,Outer Richmond,低,,Hakka Restaurant,,"4401 Cabrillo St, San Francisco, CA 94121",中餐,其他中餐,普通话/粤语,Google 分类：Chinese restaurant; 简介：Chinese eatery with Hakka specialties; 无中文店名，仅泛称中餐，弱推断
旧金山,San Francisco,Sunset,低,,HD Chinese Yunnan Rice Noodle,,"1395 Noriega St, San Francisco, CA 94122",中餐,其他中餐,普通话/粤语,Google 分类：Chinese restaurant / Lunch restaurant / Takeout Restaurant; 无中文店名，仅泛称中餐，弱推断
旧金山,San Francisco,Mission,低,,Heung Yuen,,"3279 22nd St, San Francisco, CA 94110",中餐,其他中餐,普通话/粤语,Google 分类：Chinese restaurant / Korean restaurant; 简介：Casual option for Chinese meals; 无中文店名，仅泛称中餐，弱推断
旧金山,San Francisco,Nob Hill/Polk,低,,Inga Donut and Chinese Food,,"1026 Hyde St, San Francisco, CA 94109",美式中餐,美式中餐/越南华人,普通话/粤语,Google 分类：Chinese restaurant; 无中文店名，美式中餐风格，弱推断
旧金山,San Francisco,Excelsior/Ingleside,低,,J & A Restaurant,,"5712 Mission St, San Francisco, CA 94112",中餐,其他中餐,普通话/粤语,Google 分类：Chinese restaurant / American restaurant; 无中文店名，仅泛称中餐，弱推断
旧金山,San Francisco,Mission,低,,J & E,,"3508, 2537 24th St, San Francisco, CA 94110",中餐,其他中餐,普通话/粤语,Google 分类：Chinese restaurant; 无中文店名，仅泛称中餐，弱推断
旧金山,San Francisco,Chinatown,低,,J&M A-1 Cafe,,"779 Clay St, San Francisco, CA 94108",中餐,其他中餐,普通话/粤语,Google 分类：Chinese restaurant; 无中文店名，仅泛称中餐，弱推断
旧金山,San Francisco,SoMa,低,,Jade Cafe,,"1688 Bryant St, San Francisco, CA 94103",美式中餐,美式中餐/越南华人,普通话/粤语,Google 分类：Chinese restaurant; 无中文店名，美式中餐风格，弱推断
旧金山,San Francisco,Mission,低,,Jasmine Tea House,,"3259 Mission St, San Francisco, CA 94110",中餐,其他中餐,普通话/粤语,Google 分类：Chinese restaurant / Delivery Restaurant / Tea house; 简介：Chinese classics in no-frills storefront; 无中文店名，仅泛称中餐，弱推断
旧金山,San Francisco,Chinatown,低,,Joy Hing B.B.Q. Noodle,,"710 Kearny St, San Francisco, CA 94108",中式面馆/越南菜,美式中餐/越南华人,粤语,Google 分类：Chinese noodle restaurant / Barbecue restaurant / Chinese restaurant; 简介：Fixture for Chinese & Vietnamese fare; 无中文店名，越南华人风格，弱推断
旧金山,San Francisco,West Portal,低,,Joyful Kitchen,,"1919 Ocean Ave, San Francisco, CA 94127",中餐,其他中餐,普通话/粤语,Google 分类：Chinese restaurant / Delivery Restaurant / Takeout Restaurant; 简介：Extensive menu of traditional fare; 无中文店名，仅泛称中餐，弱推断
旧金山,San Francisco,Chinatown,低,,Kam Lok Restaurant,,"834 Washington St, San Francisco, CA 94108",中餐,其他中餐,普通话/粤语,Google 分类：Chinese restaurant / Restaurant; 简介：Unfussy eatery for Chinese grub; 无中文店名，仅泛称中餐，弱推断
旧金山,San Francisco,Western Addition,低,,King Lee's Chinese Restaurant,,"1426 Fillmore St Ste A, San Francisco, CA 94115",美式中餐,美式中餐/越南华人,普通话/粤语,Google 分类：Chinese restaurant / Asian restaurant / Delivery Restaurant; 简介：No-frills Chinese dining & delivery; 无中文店名，美式中餐风格，弱推断
旧金山,San Francisco,,低,,Koi Palace Express,,"San Francisco International Airport, San Francisco, CA 94128",美式中餐,美式中餐/越南华人,普通话/粤语,Google 分类：Chinese restaurant; 无中文店名，美式中餐风格，弱推断
旧金山,San Francisco,,低,,Koi Palace Express,,"To F22, Terminal 3 Food Court Near, Domestic Terminals Departures Level Gate F11, San Francisco, CA 94128",美式中餐,美式中餐/越南华人,普通话/粤语,Google 分类：Chinese restaurant; 无中文店名，美式中餐风格，弱推断
旧金山,San Francisco,Western Addition,低,,Kung Food,,"1615 McAllister St #4413, San Francisco, CA 94115",中餐,其他中餐,普通话/粤语,Google 分类：Chinese restaurant / Delivery Restaurant / Restaurant; 简介：Chinese eatery with extensive options; 无中文店名，仅泛称中餐，弱推断
旧金山,San Francisco,Sunset,低,,Lam Hoa Thuan,,"2337 Irving St, San Francisco, CA 94122",越南华人中餐,美式中餐/越南华人,粤语,Google 分类：Chinese restaurant / Pho restaurant; 简介：Basic spot for Chinese & Vietnamese food; 无中文店名，越南华人风格，弱推断
旧金山,San Francisco,West Portal,低,,Lazy Susan,,"811 Ulloa St, San Francisco, CA 94127",中餐,其他中餐,普通话/粤语,Google 分类：Chinese restaurant / Chinese takeaway; 无中文店名，仅泛称中餐，弱推断
旧金山,San Francisco,Tenderloin/Civic Center,低,,Lin's Kitchen,,"337 Jones St, San Francisco, CA 94102",中餐,其他中餐,普通话/粤语,Google 分类：Chinese restaurant / Asian restaurant / Catering food and drink supplier; 无中文店名，仅泛称中餐，弱推断
旧金山,San Francisco,Visitacion Valley/Portola,低,,Ling Ling Cuisine Restaurant,,"2517 San Bruno Ave, San Francisco, CA 94134",中餐,其他中餐,普通话/粤语,Google 分类：Chinese restaurant; 无中文店名，仅泛称中餐，弱推断
旧金山,San Francisco,Sunset,低,,Lion Kitchen,,"2407 Judah St, San Francisco, CA 94122",中餐,其他中餐,普通话/粤语,Google 分类：Chinese restaurant; 无中文店名，仅泛称中餐，弱推断
旧金山,San Francisco,Inner Richmond,低,,Lucky Food,,"445 Clement St, San Francisco, CA 94118",美式中餐,美式中餐/越南华人,普通话/粤语,Google 分类：Chinese restaurant; 无中文店名，美式中餐风格，弱推断
旧金山,San Francisco,Inner Richmond,低,,Mamahuhu,,"517 Clement St, San Francisco, CA 94118",美式中餐,美式中餐/越南华人,普通话/粤语,Google 分类：Chinese restaurant / Chinese takeaway / Delivery Chinese restaurant; 简介：Modern takes on Chinese-American eats; 无中文店名，美式中餐风格，弱推断
旧金山,San Francisco,Castro/Noe Valley,低,,Mamahuhu,,"3991 24th St, San Francisco, CA 94114",中餐,其他中餐,普通话/粤语,Google 分类：Chinese restaurant / Chinese takeaway / Delivery Chinese restaurant; 无中文店名，仅泛称中餐，弱推断
旧金山,San Francisco,North Beach/Chinatown,低,,Man Kee Cafe,,"1300 Stockton St, San Francisco, CA 94133",中餐,其他中餐,普通话/粤语,Google 分类：Chinese restaurant; 无中文店名，仅泛称中餐，弱推断
旧金山,San Francisco,SoMa,低,,Mandarin Kitchen,,"475 6th St #6, San Francisco, CA 94103",美式中餐,美式中餐/越南华人,普通话/粤语,Google 分类：Chinese restaurant / Restaurant / Chinese takeaway; 无中文店名，美式中餐风格，弱推断
旧金山,San Francisco,Excelsior/Ingleside,低,,Maple SF Restaurant,,"5820 Mission St, San Francisco, CA 94112",中餐,其他中餐,普通话/粤语,Google 分类：Chinese restaurant / Asian fusion restaurant / Asian restaurant; 简介：Chinese staples in no-frills quarters; 无中文店名，仅泛称中餐，弱推断
旧金山,San Francisco,Sunset,低,,May Lee Chinese Restaurant,,"1256 7th Ave, San Francisco, CA 94122",美式中餐,美式中餐/越南华人,普通话/粤语,Google 分类：Chinese restaurant / Asian restaurant; 简介：Pint-sized place with familiar dishes; 无中文店名，美式中餐风格，弱推断
旧金山,San Francisco,Parkside/Outer Sunset,低,,Ming's Diner,,"2129 Taraval St, San Francisco, CA 94116",中餐,其他中餐,普通话/粤语,Google 分类：Chinese restaurant; 简介：No-frills option for Chinese dishes; 无中文店名，仅泛称中餐，弱推断
旧金山,San Francisco,Chinatown,低,,Mister Jiu's,,"28 Waverly Pl, San Francisco, CA 94108",中餐,其他中餐,普通话/粤语,Google 分类：Chinese restaurant; 简介：Upscale Cal-Chinese fare in posh digs; 无中文店名，仅泛称中餐，弱推断
旧金山,San Francisco,Chinatown,低,,Moongate Lounge,,"28 Waverly Pl, San Francisco, CA 94108",中餐,其他中餐,普通话/粤语,Google 分类：Chinese restaurant / Cocktail bar / Lounge bar; 简介：Swanky lounge from the Mister Jiu’s team; 无中文店名，仅泛称中餐，弱推断
旧金山,San Francisco,Chinatown,低,,Nam Yuen Restaurant,,"742 Washington St, San Francisco, CA 94108",中餐,其他中餐,普通话/粤语,Google 分类：Chinese restaurant; 无中文店名，仅泛称中餐，弱推断
旧金山,San Francisco,Sunset,低,,Nanking Road China Bistro,,"1360 9th Ave, San Francisco, CA 94122",美式中餐,美式中餐/越南华人,普通话/粤语,Google 分类：Chinese restaurant; 无中文店名，美式中餐风格，弱推断
旧金山,San Francisco,Nob Hill/Polk,低,,New Country Sky,,"2035 Polk St, San Francisco, CA 94109",中餐,其他中餐,普通话/粤语,Google 分类：Chinese restaurant / Asian restaurant / Delivery Restaurant; 简介：Cozy spot for Chinese cuisine; 无中文店名，仅泛称中餐，弱推断
旧金山,San Francisco,Sunset,低,,New Jumbo Seafood Restaurant,,"1532 Noriega St, San Francisco, CA 94122",中餐,其他中餐,普通话/粤语,Google 分类：Chinese restaurant / Seafood restaurant; 简介：Low-key option for Chinese standards; 无中文店名，仅泛称中餐，弱推断
旧金山,San Francisco,North Beach/Chinatown,低,,New Lun Ting Cafe Pork Chop House,,"670 Jackson St, San Francisco, CA 94133",中餐,其他中餐,普通话/粤语,Google 分类：Chinese restaurant / Cafe / Chophouse restaurant; 简介：Simple nook for traditional Chinese fare; 无中文店名，仅泛称中餐，弱推断
旧金山,San Francisco,Financial District,低,,New Ming's,,"641 Mission St, San Francisco, CA 94105",中餐,其他中餐,普通话/粤语,Google 分类：Chinese restaurant; 简介：Chow mein & other fast Chinese eats; 无中文店名，仅泛称中餐，弱推断
旧金山,San Francisco,North Beach/Chinatown,低,,New Moon,,"1247 Stockton St, San Francisco, CA 94133",中餐,其他中餐,普通话/粤语,Google 分类：Chinese restaurant; 无中文店名，仅泛称中餐，弱推断
旧金山,San Francisco,Castro/Noe Valley,低,,New Red Jade,,"245 Church St, San Francisco, CA 94114",美式中餐,美式中餐/越南华人,普通话/粤语,Google 分类：Chinese restaurant / Delivery Chinese restaurant; 无中文店名，美式中餐风格，弱推断
旧金山,San Francisco,Visitacion Valley/Portola,低,,New Wing Lung Bbq House,,"2460 San Bruno Ave, San Francisco, CA 94134",中餐,其他中餐,普通话/粤语,Google 分类：Chinese restaurant; 无中文店名，仅泛称中餐，弱推断
旧金山,San Francisco,North Beach/Chinatown,低,,New Woey Loy Goey Restaurant,,"699 Jackson St, San Francisco, CA 94133",中餐,其他中餐,普通话/粤语,Google 分类：Chinese restaurant; 简介：Pared-down choice for Chinese cooking; 无中文店名，仅泛称中餐，弱推断
旧金山,San Francisco,Parkside/Outer Sunset,低,,Old Mandarin Islamic Restaurant,,"3132 Vicente St, San Francisco, CA 94116",美式中餐,美式中餐/越南华人,普通话/粤语,Google 分类：Chinese restaurant; 无中文店名，美式中餐风格，弱推断
旧金山,San Francisco,Excelsior/Ingleside,低,,Orchids Cafe,,"1031 Ocean Ave, San Francisco, CA 94112",中餐,其他中餐,普通话/粤语,Google 分类：Chinese restaurant; 无中文店名，仅泛称中餐，弱推断
旧金山,San Francisco,Sunset,低,,Oriental Seafood Restaurant,,"2520 Noriega St, San Francisco, CA 94122",中餐,其他中餐,普通话/粤语,Google 分类：Chinese restaurant / Seafood restaurant; 无中文店名，仅泛称中餐，弱推断
旧金山,San Francisco,Inner Richmond,低,,Pho Huynh Sang,,"239 Clement St, San Francisco, CA 94118",中式面馆/越南菜,美式中餐/越南华人,粤语,Google 分类：Vietnamese restaurant / Chinese noodle restaurant / Noodle shop; 无中文店名，越南华人风格，弱推断
旧金山,San Francisco,Tenderloin/Civic Center,低,,Phở Tân Hòa | Vietnamese & Chinese Cuisine,,"431 Jones St, San Francisco, CA 94102",越南华人中餐,美式中餐/越南华人,粤语,Google 分类：Chinese restaurant / Vietnamese restaurant / Pho restaurant; 无中文店名，越南华人风格，弱推断
旧金山,San Francisco,Mission,低,,Punjab Restaurant,,"2838 24th St, San Francisco, CA 94110",越南华人中餐,美式中餐/越南华人,粤语,Google 分类：Chinese restaurant / American restaurant / Restaurant; 简介：Comfy joint for Chinese grub & pho; 无中文店名，越南华人风格，弱推断
旧金山,San Francisco,Chinatown,低,,San Sun Restaurant,,"848 Washington St, San Francisco, CA 94108",越南华人中餐,美式中餐/越南华人,粤语,Google 分类：Chinese restaurant / Southeast Asian restaurant; 简介：Broad menu of Vietnamese & Chinese fare; 无中文店名，越南华人风格，弱推断
旧金山,San Francisco,Western Addition,低,,San Wang Restaurant,,"1682 Post St, San Francisco, CA 94115",中餐,其他中餐,普通话/粤语,Google 分类：Chinese restaurant; 无中文店名，仅泛称中餐，弱推断
旧金山,San Francisco,SoMa/Potrero,低,,Sergeant Ma,,"185 Berry St Ste 1500, San Francisco, CA 94107",中餐,其他中餐,普通话/粤语,Google 分类：Chinese restaurant / Asian fusion restaurant / Asian restaurant; 无中文店名，仅泛称中餐，弱推断
旧金山,San Francisco,West Portal,低,,Sing Siu Zai Min,,"321a W Portal Ave, San Francisco, CA 94127",中餐,其他中餐,普通话/粤语,Google 分类：Chinese restaurant / Restaurant; 无中文店名，仅泛称中餐，弱推断
旧金山,San Francisco,West Portal,低,,Snow Bliss Cafe,,"250 W Portal Ave, San Francisco, CA 94127",中餐,其他中餐,普通话/粤语,Google 分类：Chinese restaurant / Dessert shop; 无中文店名，仅泛称中餐，弱推断
旧金山,San Francisco,Chinatown,低,,Snow Garden,,"712 Grant Ave, San Francisco, CA 94108",中餐,其他中餐,普通话/粤语,Google 分类：Chinese restaurant; 无中文店名，仅泛称中餐，弱推断
旧金山,San Francisco,Sunset,低,,SoHoMei,,"1240 Noriega St, San Francisco, CA 94122",中餐,其他中餐,普通话/粤语,Google 分类：Chinese restaurant / Asian restaurant; 无中文店名，仅泛称中餐，弱推断
旧金山,San Francisco,Bayview,低,,Soo Fong,,"3801 3rd St #370, San Francisco, CA 94124",中餐,其他中餐,普通话/粤语,Google 分类：Chinese restaurant / Asian fusion restaurant; 无中文店名，仅泛称中餐，弱推断
旧金山,San Francisco,Nob Hill/Polk,低,,Sun Kwong Restaurant,,"1400 Jackson St, San Francisco, CA 94109",中餐,其他中餐,普通话/粤语,Google 分类：Chinese restaurant; 无中文店名，仅泛称中餐，弱推断
旧金山,San Francisco,Sunset,低,,Sun Maxim's,,"2034 Irving St, San Francisco, CA 94122",中餐,其他中餐,普通话/粤语,Google 分类：Chinese restaurant; 无中文店名，仅泛称中餐，弱推断
旧金山,San Francisco,Outer Richmond,低,,Superior Palace,,"3546 Balboa St, San Francisco, CA 94121",中餐,其他中餐,普通话/粤语,Google 分类：Chinese restaurant; 无中文店名，仅泛称中餐，弱推断
旧金山,San Francisco,Chinatown,低,,Sweetheart Cafe,,"909 Grant Ave, San Francisco, CA 94108",中餐,其他中餐,普通话/粤语,Google 分类：Chinese restaurant / Coffee shop / Dessert restaurant; 简介：Light Asian bites & sweet treats; 无中文店名，仅泛称中餐，弱推断
旧金山,San Francisco,Nob Hill/Polk,低,,Tai Chi,,"2031 Polk St, San Francisco, CA 94109",中餐,其他中餐,普通话/粤语,Google 分类：Chinese restaurant; 无中文店名，仅泛称中餐，弱推断
旧金山,San Francisco,Sunset,低,,Tak Kee,,"2435 Noriega St, San Francisco, CA 94122",中餐,其他中餐,普通话/粤语,Google 分类：Chinese restaurant; 无中文店名，仅泛称中餐，弱推断
旧金山,San Francisco,Outer Richmond,低,,Taste of Fusion,,"3497 Balboa St, San Francisco, CA 94121",中餐,其他中餐,普通话/粤语,Google 分类：Chinese restaurant; 无中文店名，仅泛称中餐，弱推断
旧金山,San Francisco,Inner Richmond,低,,Tenglong Chinese Restaurant,,"208 Clement St, San Francisco, CA 94118",美式中餐,美式中餐/越南华人,普通话/粤语,Google 分类：Chinese restaurant / Asian restaurant; 无中文店名，美式中餐风格，弱推断
旧金山,San Francisco,Sunset,低,,Thai Nghiep Ky Mi Gia,,"1427 Noriega St, San Francisco, CA 94122",中餐,其他中餐,普通话/粤语,Google 分类：Chinese restaurant / Vietnamese restaurant; 无中文店名，仅泛称中餐，弱推断
旧金山,San Francisco,Chinatown,低,,The Garden Restaurant,,"716 Kearny St, San Francisco, CA 94108",中餐,其他中餐,普通话/粤语,Google 分类：Chinese restaurant / Asian restaurant / Restaurant; 简介：Easygoing standby for Chinese fare; 无中文店名，仅泛称中餐，弱推断
旧金山,San Francisco,Tenderloin/Civic Center,低,,The Happy Crane,,"451 Gough St, San Francisco, CA 94102",美式中餐,美式中餐/越南华人,普通话/粤语,Google 分类：Chinese restaurant / Restaurant; 无中文店名，美式中餐风格，弱推断
旧金山,San Francisco,Chinatown,低,,The Lucky Creation Vegetarian Restaurant,,"854 Washington St, San Francisco, CA 94108",美式中餐,美式中餐/越南华人,普通话/粤语,Google 分类：Chinese restaurant / Vegetarian restaurant / Vegan restaurant; 无中文店名，美式中餐风格，弱推断
旧金山,San Francisco,Chinatown,低,,The Spicy Shrimp,,"150 Waverly Pl, San Francisco, CA 94108",中餐,其他中餐,普通话/粤语,Google 分类：Chinese restaurant; 简介：Unfussy place with Chinese standards; 无中文店名，仅泛称中餐，弱推断
旧金山,San Francisco,Excelsior/Ingleside,低,,TS cafe,,"4754 Mission St, San Francisco, CA 94112",中餐,其他中餐,普通话/粤语,Google 分类：Chinese restaurant / Bubble tea store; 无中文店名，仅泛称中餐，弱推断
旧金山,San Francisco,Outer Richmond,低,,Tsing Tao Restaurant,,"3107 Clement St #1615, San Francisco, CA 94121",中餐,其他中餐,普通话/粤语,Google 分类：Chinese restaurant / Chinese takeaway / Delivery Chinese restaurant; 简介：Storefront Chinese eats with long menu; 无中文店名，仅泛称中餐，弱推断
旧金山,San Francisco,Western Addition,低,,Tsing Tao Restaurant,,"1117 Fillmore St, San Francisco, CA 94115",中餐,其他中餐,普通话/粤语,Google 分类：Chinese restaurant / Delivery Restaurant; 简介：Chinese classics for eat-in or delivery; 无中文店名，仅泛称中餐，弱推断
旧金山,San Francisco,West Portal,低,,Tsing's Chinese Restaurant,,"361 W Portal Ave, San Francisco, CA 94127",美式中餐,美式中餐/越南华人,普通话/粤语,Google 分类：Chinese restaurant / Delivery Restaurant; 简介：Traditional venue for soups & stir-fries; 无中文店名，美式中餐风格，弱推断
旧金山,San Francisco,SoMa/Potrero,低,,Umami Express,,"60 Morris St #23, San Francisco, CA 94107",美式中餐,美式中餐/越南华人,普通话/粤语,Google 分类：Chinese restaurant / Asian fusion restaurant / Catering food and drink supplier; 无中文店名，美式中餐风格，弱推断
旧金山,San Francisco,Chinatown,低,,Utopia Cafe,,"139 Waverly Pl, San Francisco, CA 94108",中餐,其他中餐,普通话/粤语,Google 分类：Chinese restaurant; 无中文店名，仅泛称中餐，弱推断
旧金山,San Francisco,North Beach/Chinatown,低,,V&J Cafe,,"670 Broadway, San Francisco, CA 94133",中餐,其他中餐,普通话/粤语,Google 分类：Chinese restaurant; 无中文店名，仅泛称中餐，弱推断
旧金山,San Francisco,Mission,低,,Wan Kee Restaurant,,"2152 Mission St, San Francisco, CA 94110",中餐,其他中餐,普通话/粤语,Google 分类：Chinese restaurant; 无中文店名，仅泛称中餐，弱推断
旧金山,San Francisco,Excelsior/Ingleside,低,,Wang Wah,,"1612 Ocean Ave, San Francisco, CA 94112",中餐,其他中餐,普通话/粤语,Google 分类：Chinese restaurant; 简介：Informal chain serving classic fare; 无中文店名，仅泛称中餐，弱推断
旧金山,San Francisco,Excelsior/Ingleside,低,,Wei’s Cafe (Jo Jo's Cafe),,"1537 Ocean Ave, San Francisco, CA 94112",中餐,其他中餐,普通话/粤语,Google 分类：Chinese restaurant / Asian fusion restaurant / Asian restaurant; 无中文店名，仅泛称中餐，弱推断
旧金山,San Francisco,Nob Hill/Polk,低,,Wen's Kitchen,,"1150 Polk St, San Francisco, CA 94109",中餐,其他中餐,普通话/粤语,Google 分类：Chinese restaurant; 简介：Casual Chinese choice & takeaway; 无中文店名，仅泛称中餐，弱推断
旧金山,San Francisco,Glen Park,低,,Win Garden,,"2794 Diamond St, San Francisco, CA 94131",中餐,其他中餐,普通话/粤语,Google 分类：Chinese restaurant; 无中文店名，仅泛称中餐，弱推断
旧金山,San Francisco,Parkside/Outer Sunset,低,,Win's Restaurant,,"3040 Taraval St, San Francisco, CA 94116",中餐,其他中餐,普通话/粤语,Google 分类：Chinese restaurant; 简介：Simple setup for Chinese specialties; 无中文店名，仅泛称中餐，弱推断
旧金山,San Francisco,Inner Richmond,低,,Wing Lee BBQ,,"501 Clement St, San Francisco, CA 94118",中餐,其他中餐,普通话/粤语,Google 分类：Chinese restaurant / Barbecue restaurant / Fried chicken takeaway; 简介：Unfussy choice for Chinese standards; 无中文店名，仅泛称中餐，弱推断
旧金山,San Francisco,Mission,低,,Wok & Go,,"2700 24th St, San Francisco, CA 94110",美式中餐,美式中餐/越南华人,普通话/粤语,Google 分类：Chinese restaurant / Delivery Chinese restaurant; 无中文店名，美式中餐风格，弱推断
旧金山,San Francisco,Bayview,低,,Wok-In Cafeteria,,"50 Mendell St Ste 6, San Francisco, CA 94124",美式中餐,美式中餐/越南华人,普通话/粤语,Google 分类：Chinese restaurant; 无中文店名，美式中餐风格，弱推断
旧金山,San Francisco,West Portal,低,,Won Kok Restaurant,,"700 Monterey Blvd, San Francisco, CA 94127",中餐,其他中餐,普通话/粤语,Google 分类：Chinese restaurant; 无中文店名，仅泛称中餐，弱推断
旧金山,San Francisco,Bayview,低,,Xiang House,,"90 Charter Oak Ave, San Francisco, CA 94124",中餐,其他中餐,普通话/粤语,Google 分类：Chinese restaurant; 无中文店名，仅泛称中餐，弱推断
旧金山,San Francisco,Sunset,低,,Yan Yan Seafood Restaurant,,"2241 Judah St, San Francisco, CA 94122",中餐,其他中餐,普通话/粤语,Google 分类：Chinese restaurant / Seafood restaurant; 无中文店名，仅泛称中餐，弱推断
旧金山,San Francisco,Excelsior/Ingleside,低,,Ying Hui Chinese Restaurant,,"5125 Mission St, San Francisco, CA 94112",美式中餐,美式中餐/越南华人,普通话/粤语,Google 分类：Chinese restaurant / Restaurant; 无中文店名，美式中餐风格，弱推断
半岛,Belmont,,中,,Blue Sky Café,,"1625 El Camino Real #9, Belmont, CA 94002",粤菜,粤菜/港式,普通话/粤语,Google 分类：Cantonese restaurant; 简介：Informal nook with standard Chinese fare; 无中文店名，按地区菜系推断
半岛,Belmont,,中,,Cheung Hing Seafood & Dimsum,,"600 Ralston Ave, Belmont, CA 94002",粤式点心,粤菜/港式,普通话/粤语,Google 分类：中餐馆; 简介：Hong Kong-style dim sum specialist; 无中文店名，按地区菜系推断
半岛,Belmont,,中,,Hongry Kong,,"407 Old County Rd, Belmont, CA 94002",粤式点心,粤菜/港式,普通话/粤语,Google 分类：Dim sum restaurant / Chinese restaurant / Takeout Restaurant; 无中文店名，按地区菜系推断
半岛,Belmont,,低,,Gin Mon Chinese Restaurant,,"1079 Alameda de las Pulgas, Belmont, CA 94002",美式中餐,美式中餐/越南华人,普通话,Google 分类：中餐馆 / 餐馆; 简介：Humble standby for familiar selections; 无中文店名，美式中餐风格，弱推断
半岛,Belmont,,低,,Treasure,,"510 El Camino Real, Belmont, CA 94002",中餐,其他中餐,普通话,Google 分类：Chinese restaurant; 无中文店名，仅泛称中餐，弱推断
半岛,Brisbane,,中,,Round N Round Pot,,"182 Old County Rd, Brisbane, CA 94005",火锅,火锅/麻辣烫,普通话,Google 分类：Hot pot restaurant; 无中文店名，按地区菜系推断
半岛,Brisbane,,低,,Lucky House Restaurant,,"148 Visitacion Ave, Brisbane, CA 94005",美式中餐,美式中餐/越南华人,普通话,Google 分类：Chinese restaurant; 无中文店名，美式中餐风格，弱推断
半岛,Burlingame,,高,,HL Peninsula Pearl,半岛明珠,"1590 Old Bayshore Hwy, Burlingame, CA 94010",粤菜,粤菜/港式,普通话/粤语,Google 地图中文版显示中文店名「半岛明珠」（商家自行登记）; Google 分类：Cantonese restaurant
半岛,Burlingame,,高,,Yuanbao Jiaozi,元宝饺子,"1841 El Camino Real, Burlingame, CA 94010",饺子,面食/饺子,普通话,Google 地图中文版显示中文店名「元宝饺子」（商家自行登记）; Google 分类：Chinese restaurant
半岛,Burlingame,,中,,Blissful Noodle,,"1320 Broadway, Burlingame, CA 94010",中式面馆,面食/饺子,普通话,Google 分类：Chinese noodle restaurant; 无中文店名，按地区菜系推断
半岛,Burlingame,,中,,Grand Harbor Seafood and Dimsum Restaurant,,"1492 Old Bayshore Hwy, Burlingame, CA 94010",粤式点心,粤菜/港式,普通话/粤语,Google 分类：Cantonese restaurant / Dim sum restaurant; 简介：Dim sum place with airport & bay views; 无中文店名，按地区菜系推断
半岛,Burlingame,,中,,HL Peninsula Garden,,"1600 Old Bayshore Hwy, Burlingame, CA 94010",粤菜/火锅,火锅/麻辣烫,普通话/粤语,Google 分类：Chinese restaurant / Bar & grill / Barbecue restaurant; 无中文店名，按地区菜系推断
半岛,Burlingame,,中,,K-Noodle,,"1803 El Camino Real A, Burlingame, CA 94010",中式面馆,面食/饺子,普通话,Google 分类：Restaurant / Asian restaurant / Chinese noodle restaurant; 无中文店名，按地区菜系推断
半岛,Burlingame,,中,,Yangon,,"1136 Broadway, Burlingame, CA 94010",北方菜,北方/东北/江浙,普通话,Google 分类：Chinese restaurant / Burmese restaurant / Mandarin restaurant; 简介：Easygoing stop for Chinese cuisine; 无中文店名，按地区菜系推断
半岛,Burlingame,,低,,Young Can Wok Chinese Bistro,,"1200 Broadway, Burlingame, CA 94010",美式中餐,美式中餐/越南华人,普通话,Google 分类：Chinese restaurant; 简介：Relaxed spot for familiar Chinese fare; 无中文店名，美式中餐风格，弱推断
半岛,Daly City,,高,,Dim Sum King,點心皇,"99 Skyline Plaza, Daly City, CA 94015",粤式点心,粤菜/港式,普通话/粤语,Google 地图中文版显示中文店名「點心皇」（商家自行登记）; Google 分类：Chinese restaurant / Dim sum restaurant; 简介：Homestyle Chinese fare with open kitchen
半岛,Daly City,,高,,Simmer Huang,黄记煌,"148 Serramonte Center, Daly City, CA 94015",北方菜,北方/东北/江浙,普通话,Google 地图中文版显示中文店名「黄记煌」（商家自行登记）; Google 分类：Mandarin restaurant / Barbecue restaurant / Japanese delicatessen
半岛,Daly City,,高,,Spicy House,川香小館,"6811 Mission St, Daly City, CA 94014",中式面馆,面食/饺子,普通话,Google 地图店名含中文「川香小館」; Google 分类：中餐馆 / 中国面馆 / 中餐外卖
半岛,Daly City,,高,,朝粵軒,朝粵軒,"950 King Dr #100, Daly City, CA 94015",粤菜,粤菜/港式,普通话/粤语,Google 地图店名含中文「朝粵軒」; Google 分类：Chinese restaurant
半岛,Daly City,,中,,Canton Restaurant,,"250 90th St, Daly City, CA 94015",粤菜,粤菜/港式,普通话/粤语,Google 分类：Chinese restaurant; 无中文店名，按地区菜系推断
半岛,Daly City,,中,,Fresh Elements,,"83 Skyline Plaza, Daly City, CA 94015",中式面馆,面食/饺子,普通话,Google 分类：Seafood restaurant / Chinese noodle restaurant; 简介：Asian cafe offering steamed hot pot fare; 无中文店名，按地区菜系推断
半岛,Daly City,,中,,King Wah Restaurant,,"209 Southgate Ave, Daly City, CA 94015",粤式点心,粤菜/港式,普通话/粤语,"Google 分类：Chinese restaurant / Restaurant; 简介：Dim sum, seafood & classic Chinese fare; 无中文店名，按地区菜系推断"
半岛,Daly City,,中,,Koi Palace,,"365 Gellert Blvd, Daly City, CA 94015",粤式点心,粤菜/港式,普通话/粤语,Google 分类：Chinese restaurant / Banquet hall / Dim sum restaurant; 简介：Bustling dim sum destination; 无中文店名，按地区菜系推断
半岛,Daly City,,中,,Little Hunan Restaurant,,"6127 Mission St, Daly City, CA 94014",湘菜,川湘/西南,普通话,Google 分类：Chinese restaurant; 无中文店名，按地区菜系推断
半岛,Daly City,,中,,Ming Yuan Restaurant,,"209 Southgate Ave, Daly City, CA 94015",粤式点心,粤菜/港式,普通话/粤语,Google 分类：Chinese restaurant / Cantonese restaurant / Dim sum restaurant; 无中文店名，按地区菜系推断
半岛,Daly City,,中,,Noodle Station,,"6055 Mission St, Daly City, CA 94014",中式面馆,面食/饺子,普通话,Google 分类：Chinese noodle restaurant; 无中文店名，按地区菜系推断
半岛,Daly City,,中,,T C Pastry,,"67 St Francis Square, Daly City, CA 94015",粤式点心/饺子,粤菜/港式,普通话/粤语,Google 分类：Dim sum restaurant / Bakery / Candy store; 简介：No-frills dim sum take-out shop; 无中文店名，按地区菜系推断
半岛,Daly City,,中,,Tasty Pot,,"215 Lake Merced Blvd, Daly City, CA 94015",火锅/台湾菜,火锅/麻辣烫,普通话,Google 分类：Hot pot restaurant / Asian restaurant / Restaurant; 无中文店名，按地区菜系推断
半岛,Daly City,,中,,Wok Station,便当,"6055 Mission St, Daly City, CA 94014",美式中餐,美式中餐/越南华人,普通话,Google 地图中文版显示中文店名「便当」（商家自行登记）; Google 分类：Chinese restaurant / Delivery Restaurant
半岛,Daly City,,中,,Woohao Chinese Restaurant,,"427 Gellert Blvd, Daly City, CA 94015",粤菜,粤菜/港式,普通话/粤语,Google 分类：Chinese restaurant / Asian restaurant / Cantonese restaurant; 无中文店名，按地区菜系推断
半岛,Daly City,,中,,YGF Malatang,,"66 Serramonte Center, Daly City, CA 94015",火锅,火锅/麻辣烫,普通话,Google 分类：Chinese restaurant; 无中文店名，按地区菜系推断
半岛,Daly City,,低,,CH IMPERIAL GARDEN,,"950 King Dr #100, Daly City, CA 94015",美式中餐,美式中餐/越南华人,普通话,Google 分类：Chinese restaurant; 无中文店名，美式中餐风格，弱推断
半岛,Daly City,,低,,Daly City,,"209 Southgate Ave, Daly City, CA 94015",中餐,其他中餐,普通话,Google 分类：Chinese restaurant; 无中文店名，仅泛称中餐，弱推断
半岛,Daly City,,低,,Daly City Sky Cafe,,"87 Skyline Plaza, Daly City, CA 94015",中餐,其他中餐,普通话,Google 分类：Chinese restaurant / Restaurant; 无中文店名，仅泛称中餐，弱推断
半岛,Daly City,,低,,Fung Wah Restaurant,,"7007 Mission St, Daly City, CA 94014",中餐,其他中餐,普通话,"Google 分类：Chinese restaurant; 简介：Chinese meals in cozy, neighborhood digs; 无中文店名，仅泛称中餐，弱推断"
半岛,Daly City,,低,,Gee Yin,,"6288 Mission St, Daly City, CA 94014",中餐,其他中餐,普通话,Google 分类：Chinese restaurant; 无中文店名，仅泛称中餐，弱推断
半岛,Daly City,,低,,Golden Moon Restaurant,,"2511 Geneva Ave, Daly City, CA 94014",美式中餐,美式中餐/越南华人,普通话,Google 分类：Chinese restaurant / Asian restaurant; 简介：Small Chinese place with a large menu; 无中文店名，美式中餐风格，弱推断
半岛,Daly City,,低,,House Of Fusion,,"6288 Mission St, Daly City, CA 94014",中餐,其他中餐,普通话,Google 分类：Chinese restaurant / Asian restaurant / Japanese restaurant; 简介：Casual pick for Chinese & Japanese fare; 无中文店名，仅泛称中餐，弱推断
半岛,Daly City,,低,,Mr Fong BBQ & Noodles,,"950 King Dr #101, Daly City, CA 94015",中餐,其他中餐,普通话,Google 分类：Chinese restaurant; 无中文店名，仅泛称中餐，弱推断
半岛,Daly City,,低,,Pacific Restaurant,,"6356 Mission St, Daly City, CA 94014",中餐,其他中餐,普通话,Google 分类：Chinese restaurant; 无中文店名，仅泛称中餐，弱推断
半岛,Daly City,,低,,Porridge King,,"37 Skyline Plaza, Daly City, CA 94015",中餐,其他中餐,普通话,Google 分类：Chinese restaurant; 简介：Cash-only homestyle Chinese restaurant; 无中文店名，仅泛称中餐，弱推断
半岛,Daly City,,低,,Suily's Cafe,,"1 San Pedro Rd, Daly City, CA 94014",中餐,其他中餐,普通话,Google 分类：Chinese restaurant; 无中文店名，仅泛称中餐，弱推断
半岛,Daly City,,低,,Wong's Cafe,,"1111 Hillside Blvd, Daly City, CA 94014",中餐,其他中餐,普通话,Google 分类：Chinese restaurant; 简介：Basic Chinese eatery with a typical menu; 无中文店名，仅泛称中餐，弱推断
半岛,Foster City,,中,,CAFÉ KAZKA,,"929 Edgewater Blvd # B, Foster City, CA 94404",港式快餐/港式茶餐厅,粤菜/港式,普通话/粤语,Google 分类：Hong Kong style fast food restaurant / Asian fusion restaurant / Coffee shop; 无中文店名，按地区菜系推断
半岛,Foster City,,中,,Dumpling Kitchen - Factory,,"1459 Beach Park Blvd, Foster City, CA 94404",中式面馆/饺子,面食/饺子,普通话,Google 分类：Chinese restaurant / Chinese noodle restaurant / Dumpling restaurant; 无中文店名，按地区菜系推断
半岛,Foster City,,中,,Joy Restaurant,,"1489 Beach Park Blvd, Foster City, CA 94404",台湾菜,台湾菜,普通话,Google 分类：Taiwanese restaurant / Asian restaurant; 简介：Taiwanese dining in a strip-mall setting; 无中文店名，按地区菜系推断
半岛,Foster City,,中,,Mumu Hot Pot,,"1099 Foster Square Ln #135, Foster City, CA 94404",火锅,火锅/麻辣烫,普通话,Google 分类：Hot pot restaurant / Vegan restaurant; 无中文店名，按地区菜系推断
半岛,Foster City,,低,,Chez Xue,,"1000 Metro Center Blvd A, Foster City, CA 94404",中餐,其他中餐,普通话,Google 分类：Chinese restaurant; 简介：Sleek locale for Chinese cuisine; 无中文店名，仅泛称中餐，弱推断
半岛,Foster City,,低,,Rickshaw Corner,,"901 Edgewater Blvd Ste E, Foster City, CA 94404",中餐,其他中餐,普通话,Google 分类：Chinese restaurant / Chinese takeaway / Fast food restaurant; 简介：No-frills place for Chinese food; 无中文店名，仅泛称中餐，弱推断
半岛,Foster City,,低,,Tai Wu Restaurant,,"1080 Foster City Blvd, Foster City, CA 94404",中餐,其他中餐,普通话,Google 分类：中餐馆; 简介：No-frills standby for Pan-Asian eats; 无中文店名，仅泛称中餐，弱推断
半岛,Half Moon Bay,,低,,Asian Kings Kitchen,,"3048 Cabrillo Hwy N, Half Moon Bay, CA 94019",中餐,其他中餐,普通话,Google 分类：Chinese restaurant / Restaurant; 简介：Warm eatery serving Chinese standards; 无中文店名，仅泛称中餐，弱推断
半岛,Half Moon Bay,,低,,FireWok Chinese Restaurant,,"20 Stone Pine Rd Ste C, Half Moon Bay, CA 94019",美式中餐,美式中餐/越南华人,普通话,Google 分类：Chinese restaurant; 无中文店名，美式中餐风格，弱推断
半岛,Menlo Park,,高,,FEY Restaurant,福恩园,"1368 El Camino Real, Menlo Park, CA 94025",川菜,川湘/西南,普通话,Google 地图中文版显示中文店名「福恩园」（商家自行登记）; Google 分类：中餐馆 / 提供配送服务的中餐馆 / 川菜馆; 简介：Stylish Chinese spot with loungey spaces
半岛,Menlo Park,,低,,CHEF KWAN'S,,"630 Menlo Ave, Menlo Park, CA 94025",中餐,其他中餐,普通话,Google 分类：Chinese restaurant; 简介：Enduring mainstay for Chinese takeaway; 无中文店名，仅泛称中餐，弱推断
半岛,Menlo Park,,低,,Shiok Singapore Kitchen,,"625 Oak Grove Ave, Menlo Park, CA 94025",中餐,其他中餐,普通话,Google 分类：Chinese restaurant / Asian fusion restaurant / Caterer; 简介：Low-key option for Singaporean eats; 无中文店名，仅泛称中餐，弱推断
半岛,Menlo Park,,低,,The Mandarin,,"1029 El Camino Real, Menlo Park, CA 94025",美式中餐,美式中餐/越南华人,普通话,Google 分类：Chinese restaurant / Restaurant; 无中文店名，美式中餐风格，弱推断
半岛,Millbrae,,高,,Chef Wang's Restaurant,鴻慶樓,"1320 El Camino Real, Millbrae, CA 94030",中餐,其他中餐,普通话,Google 地图中文版显示中文店名「鴻慶樓」（商家自行登记）; Google 分类：Chinese restaurant / Restaurant; 简介：Relaxed spot for classic Chinese fare
半岛,Millbrae,,高,,Hong Kong Palace,穗香海鲜酒家,"300 El Camino Real, Millbrae, CA 94030",粤菜,粤菜/港式,普通话/粤语,Google 地图中文版显示中文店名「穗香海鲜酒家」（商家自行登记）; Google 分类：Chinese restaurant / Cantonese restaurant
半岛,Millbrae,,高,,New China Foods Millbrae,除了礼拜二,"1595 El Camino Real, Millbrae, CA 94030",北方菜,北方/东北/江浙,普通话,Google 地图中文版显示中文店名「除了礼拜二」（商家自行登记）; Google 分类：Mandarin restaurant
半岛,Millbrae,,高,,Royal Feast,皇城家宴,"148 El Camino Real, Millbrae, CA 94030",川菜,川湘/西南,普通话,Google 地图中文版显示中文店名「皇城家宴」（商家自行登记）; Google 分类：中餐馆 / 食品配送 / 餐馆; 简介：Casual Chinese fixture with hearty meals
半岛,Millbrae,,高,,Social Eatery,街坊小馆,"102 S El Camino Real, Millbrae, CA 94030",中餐,其他中餐,普通话,Google 地图店名含中文「街坊小馆」; Google 分类：Restaurant
半岛,Millbrae,,高,,The Kitchen,厨房制造,"279 El Camino Real, Millbrae, CA 94030",粤式点心,粤菜/港式,普通话/粤语,Google 地图中文版显示中文店名「厨房制造」（商家自行登记）; Google 分类：Cantonese restaurant / Asian restaurant / Chinese restaurant; 简介：Traditional Cantonese cuisine & dim sum
半岛,Millbrae,,高,,Yan Peninsula,知味軒,"1180 El Camino Real, Millbrae, CA 94030",粤式点心,粤菜/港式,普通话/粤语,Google 地图店名含中文「知味軒」; Google 分类：Cantonese restaurant / Chinese restaurant / Dim sum restaurant
半岛,Millbrae,,高,,Yummy Szechuan,印象四川,"1661 El Camino Real, Millbrae, CA 94030",川菜,川湘/西南,普通话,Google 地图中文版显示中文店名「印象四川」（商家自行登记）; Google 分类：中餐馆 / 川菜馆; 简介：Informal venue for classic Sichuan meals
半岛,Millbrae,,高,,外婆家,外婆家,"1621 El Camino Real, Millbrae, CA 94030",中餐,其他中餐,普通话,Google 地图店名含中文「外婆家」; Google 分类：Chinese restaurant
半岛,Millbrae,,高,,家湘菜,家湘菜,"1711 El Camino Real, Millbrae, CA 94030",湘菜,川湘/西南,普通话,Google 地图店名含中文「家湘菜」; Google 分类：Chinese restaurant
半岛,Millbrae,,高,,家湘菜,家湘菜,"1155 CA-82, Millbrae, CA 94030",湘菜,川湘/西南,普通话,Google 地图店名含中文「家湘菜」; Google 分类：Chinese restaurant
半岛,Millbrae,,中,,Cafe Orchid,,"9 El Camino Real B, Millbrae, CA 94030",港式茶餐厅,粤菜/港式,普通话/粤语,Google 分类：Chinese restaurant / Cha chaan teng (Hong Kong-style cafe) / Restaurant; 无中文店名，按地区菜系推断
半岛,Millbrae,,中,,ChinoYang’s Hunan and Mandarin Cuisine,,"1711 El Camino Real, Millbrae, CA 94030",湘菜,川湘/西南,普通话,Google 分类：中餐馆; 无中文店名，按地区菜系推断
半岛,Millbrae,,中,,Dumpling Kitchen Millbrae,,"455 Broadway, Millbrae, CA 94030",饺子,面食/饺子,普通话,Google 分类：Chinese restaurant; 无中文店名，按地区菜系推断
半岛,Millbrae,,中,,Jinweide Lanzhou Hand-Pulled noodle House,,"328 Broadway, Millbrae, CA 94030",中式面馆,面食/饺子,普通话,Google 分类：Chinese noodle restaurant / Restaurant; 无中文店名，按地区菜系推断
半岛,Millbrae,,中,,Lai Lai Restaurant,,"334 Broadway, Millbrae, CA 94030",粤菜/饺子,粤菜/港式,普通话/粤语,Google 分类：中餐馆 / 亚洲风味餐馆 / 粤菜馆; 简介：Hearty Chinese meals in simple surrounds; 无中文店名，按地区菜系推断
半岛,Millbrae,,中,,Little Chengdu,,"213 El Camino Real, Millbrae, CA 94030",川菜,川湘/西南,普通话,Google 分类：Sichuan restaurant / Asian restaurant / Chinese restaurant; 无中文店名，按地区菜系推断
半岛,Millbrae,,中,,New Asian Pearl Peninsula,,"1671 El Camino Real, Millbrae, CA 94030",粤式点心,粤菜/港式,普通话/粤语,Google 分类：Chinese restaurant; 简介：Traditional Chinese seafood & dim sum; 无中文店名，按地区菜系推断
半岛,Millbrae,,中,,Nom Nom Bistro,,"309 Broadway, Millbrae, CA 94030",粤式点心,粤菜/港式,普通话/粤语,Google 分类：Dim sum restaurant / Asian restaurant / Cantonese restaurant; 无中文店名，按地区菜系推断
半岛,Millbrae,,中,,Special Hainan Chicken (Millbrae),,"9 Hillcrest Blvd, Millbrae, CA 94030",中式面馆,面食/饺子,普通话,Google 分类：Chinese noodle restaurant; 无中文店名，按地区菜系推断
半岛,Millbrae,,中,,wonderful,,"270 Broadway, Millbrae, CA 94030",湘菜,川湘/西南,普通话,Google 分类：Chinese restaurant / Chinese takeaway / Hunan restaurant; 简介：Modern kitchen for classic Chinese grub; 无中文店名，按地区菜系推断
半岛,Millbrae,,低,,Ai Grill,,"1621 El Camino Real, Millbrae, CA 94030",中餐,其他中餐,普通话,Google 分类：Chinese restaurant / Barbecue restaurant; 无中文店名，仅泛称中餐，弱推断
半岛,Millbrae,,低,,Cheung Hing Restaurant,,"245 El Camino Real, Millbrae, CA 94030",中餐,其他中餐,普通话,Google 分类：Chinese restaurant; 简介：No-frills counter-service Chinese spot; 无中文店名，仅泛称中餐，弱推断
半岛,Millbrae,,低,,Hubei Restaurant,,"1055 El Camino Real, Millbrae, CA 94030",中餐,其他中餐,普通话,Google 分类：中餐馆 / 餐馆; 无中文店名，仅泛称中餐，弱推断
半岛,Millbrae,,低,,Laka,,"447 Broadway, Millbrae, CA 94030",中餐,其他中餐,普通话,Google 分类：Chinese restaurant; 无中文店名，仅泛称中餐，弱推断
半岛,Millbrae,,低,,Laowai Noodles,,"238 Broadway, Millbrae, CA 94030",中餐,其他中餐,普通话,Google 分类：Chinese restaurant; 无中文店名，仅泛称中餐，弱推断
半岛,Millbrae,,低,,New Broadway Bistro,,"349 Broadway, Millbrae, CA 94030",中餐,其他中餐,普通话,Google 分类：Chinese restaurant; 无中文店名，仅泛称中餐，弱推断
半岛,Millbrae,,低,,Porridge & Things,,"235 Broadway, Millbrae, CA 94030",中餐,其他中餐,普通话,Google 分类：Chinese restaurant / Porridge restaurant / Restaurant; 简介：Homestyle Chinese fare in warm surrounds; 无中文店名，仅泛称中餐，弱推断
半岛,Millbrae,,低,,Stick & Steam,,"350 Adrian Rd, Millbrae, CA 94030",中餐,其他中餐,普通话,Google 分类：Asian restaurant / Chinese restaurant; 无中文店名，仅泛称中餐，弱推断
半岛,Pacifica,,高,,Grand HotPot,红馆自助餐,"452 Manor Plaza, Pacifica, CA 94044",火锅,火锅/麻辣烫,普通话,Google 地图中文版显示中文店名「红馆自助餐」（商家自行登记）; Google 分类：Hot pot restaurant / Buffet restaurant
半岛,Pacifica,,中,,Must Be Dumpling,,"1235 Linda Mar Shopping Center, Pacifica, CA 94044",饺子,面食/饺子,普通话,Google 分类：Chinese restaurant / Asian restaurant / Dumpling restaurant; 无中文店名，按地区菜系推断
半岛,Pacifica,,中,,Soul Rice,,"683 Manor Dr, Pacifica, CA 94044",中式面馆,面食/饺子,普通话,Google 分类：Chinese restaurant / Asian restaurant / Chicken wings restaurant; 无中文店名，按地区菜系推断
半岛,Pacifica,,中,,Top Pot,,"63 Bill Drake Way, Pacifica, CA 94044",火锅,火锅/麻辣烫,普通话,Google 分类：Hot pot restaurant / Restaurant; 无中文店名，按地区菜系推断
半岛,Pacifica,,低,,Ju Fu Restaurant,,"1045 Terra Nova Blvd, Pacifica, CA 94044",中餐,其他中餐,普通话,Google 分类：Chinese restaurant; 无中文店名，仅泛称中餐，弱推断
半岛,Pacifica,,低,,Kenny's Cafe,,"640 Crespi Dr #1, Pacifica, CA 94044",美式中餐,美式中餐/越南华人,普通话,Google 分类：Chinese restaurant / American restaurant / Restaurant; 简介：Casual Chinese & American café; 无中文店名，美式中餐风格，弱推断
半岛,Pacifica,,低,,Raymond's Chinese Restaurant,,"1709 Palmetto Ave, Pacifica, CA 94044",美式中餐,美式中餐/越南华人,普通话,Google 分类：Chinese restaurant; 简介：Airy spot serving basic Chinese fare; 无中文店名，美式中餐风格，弱推断
半岛,Pacifica,,低,,Tam's Cuisine of China,,"494 Manor Plaza, Pacifica, CA 94044",中餐,其他中餐,普通话,Google 分类：Chinese restaurant; 简介：Refined mainstay for Chinese food; 无中文店名，仅泛称中餐，弱推断
半岛,Redwood City,,中,,Brochette Dumpling and Grill,,"917 Main St, Redwood City, CA 94063",饺子,面食/饺子,普通话,Google 分类：Asian restaurant / Dumpling restaurant; 无中文店名，按地区菜系推断
半岛,Redwood City,,中,,I Dumpling,,"2660 Broadway, Redwood City, CA 94063",饺子,面食/饺子,普通话,Google 分类：中餐馆 / 亚洲风味餐馆 / 饺子馆; 简介：Classic Chinese plates in cozy digs; 无中文店名，按地区菜系推断
半岛,Redwood City,,中,,Mr. Pan Bistro,,"711 El Camino Real, Redwood City, CA 94063",台湾菜,台湾菜,普通话,Google 分类：台湾风味餐馆 / 鸡肉餐馆 / 食品配送; 简介：Low-key standby for classic Chinese fare; 无中文店名，按地区菜系推断
半岛,Redwood City,,中,,Taiwanese Eats,,"426 MacArthur Ave, Redwood City, CA 94063",台湾菜,台湾菜,普通话,Google 分类：Taiwanese restaurant; 无中文店名，按地区菜系推断
半岛,Redwood City,,低,,Chef Chen's,,"820 Veterans Blvd, Redwood City, CA 94063",中餐,其他中餐,普通话,Google 分类：Chinese restaurant / Asian restaurant; 简介：Familiar Chinese grub in basic digs; 无中文店名，仅泛称中餐，弱推断
半岛,Redwood City,,低,,Crouching Tiger Restaurant & Bar,,"2640 &, 2644 Broadway, Redwood City, CA 94063",中餐,其他中餐,普通话,Google 分类：中餐馆; 简介：Chinese eatery with spicy specialties; 无中文店名，仅泛称中餐，弱推断
半岛,Redwood City,,低,,US Chinese Food,,"2490 El Camino Real, Redwood City, CA 94063",美式中餐,美式中餐/越南华人,普通话,Google 分类：中餐馆 / 快餐店 / 餐馆; 无中文店名，美式中餐风格，弱推断
半岛,Redwood City,,低,,Yat Sing Restaurant,,"38 Woodside Rd, Redwood City, CA 94061",中餐,其他中餐,普通话,Google 分类：Chinese restaurant; 简介：Quaint cornerstone for Chinese fare; 无中文店名，仅泛称中餐，弱推断
半岛,San Bruno,,高,,Dumpling Era,思乡水饺,"354 El Camino Real, San Bruno, CA 94066",中式面馆/饺子,面食/饺子,普通话,Google 地图店名含中文「思乡水饺」; Google 分类：Chinese restaurant / Asian restaurant / Chinese noodle restaurant
半岛,San Bruno,,高,,Garden Kitchen,靚粥一世,"1780 El Camino Real, San Bruno, CA 94066",粤菜,粤菜/港式,普通话/粤语,Google 地图中文版显示中文店名「靚粥一世」（商家自行登记）; Google 分类：Chinese restaurant; 简介：Go-to for Hong Kong-style comfort food
半岛,San Bruno,,高,,Yao Yao Suan Cai Yu,姚姚酸菜鱼,"1212 El Camino Real, San Bruno, CA 94066",中餐,其他中餐,普通话,Google 地图中文版显示中文店名「姚姚酸菜鱼」（商家自行登记）; Google 分类：Chinese restaurant
半岛,San Bruno,,高,,Z-One Kitchen,岐山肉夹馍,"130 El Camino Real Ste C, San Bruno, CA 94066",中餐,其他中餐,普通话,Google 地图中文版显示中文店名「岐山肉夹馍」（商家自行登记）; Google 分类：Chinese restaurant
半岛,San Bruno,,中,,Boiling Beijing,,"649 San Mateo Ave, San Bruno, CA 94066",火锅,火锅/麻辣烫,普通话,Google 分类：Chinese restaurant / Hot pot restaurant / Delivery Restaurant; 简介：Traditional spot for Chinese meals; 无中文店名，按地区菜系推断
半岛,San Bruno,,中,,Coconut Kitchen (Red Circle Dumplings),,"1230 El Camino Real Unit j, San Bruno, CA 94066",饺子,面食/饺子,普通话,Google 分类：Chinese restaurant / Asian restaurant; 无中文店名，按地区菜系推断
半岛,San Bruno,,中,,Dumpling Place,,"1230 El Camino Real Unit j, San Bruno, CA 94066",饺子,面食/饺子,普通话,Google 分类：Dumpling restaurant; 无中文店名，按地区菜系推断
半岛,San Bruno,,低,,Hing Lung (San Bruno),,"1230 El Camino Real P, San Bruno, CA 94066",中餐,其他中餐,普通话,Google 分类：Chinese restaurant / Asian restaurant; 无中文店名，仅泛称中餐，弱推断
半岛,San Bruno,,低,,Jin Gege & Yao Yao,,"1212 El Camino Real, San Bruno, CA 94066",中餐,其他中餐,普通话,Google 分类：Chinese restaurant; 无中文店名，仅泛称中餐，弱推断
半岛,San Bruno,,低,,New Ming's Chinese Restaurant,,"436 San Mateo Ave, San Bruno, CA 94066",美式中餐,美式中餐/越南华人,普通话,Google 分类：中餐馆; 无中文店名，美式中餐风格，弱推断
半岛,San Bruno,,低,,Ocean Palace,,"711 Camino Plaza, San Bruno, CA 94066",中餐,其他中餐,普通话,Google 分类：Chinese restaurant; 简介：Stalwart choice for classic Chinese fare; 无中文店名，仅泛称中餐，弱推断
半岛,San Bruno,,低,,Texas BBQ,,"130 El Camino Real Ste B, San Bruno, CA 94066",中餐,其他中餐,普通话,Google 分类：Chinese restaurant; 无中文店名，仅泛称中餐，弱推断
半岛,San Carlos,,中,,Dim Sum Place,,"1201 Laurel St, San Carlos, CA 94070",粤式点心,粤菜/港式,普通话/粤语,Google 分类：中餐馆; 无中文店名，按地区菜系推断
半岛,San Carlos,,中,,Dumpling & Dough,,"1195 Laurel St, San Carlos, CA 94070",饺子,面食/饺子,普通话,Google 分类：中餐馆; 无中文店名，按地区菜系推断
半岛,San Carlos,,中,,New Canton Restaurant,,"1160 Laurel St, San Carlos, CA 94070",粤菜,粤菜/港式,普通话/粤语,Google 分类：Cantonese restaurant / Chinese restaurant; 简介：Cozy Chinese seafood specialist; 无中文店名，按地区菜系推断
半岛,San Carlos,,中,,Red Hot Chilli Pepper,,"1125 San Carlos Ave, San Carlos, CA 94070",中式面馆/客家菜,面食/饺子,普通话,Google 分类：Chinese restaurant / Asian restaurant / Chinese noodle restaurant; 简介：Indo-Chinese eats with peppery heat; 无中文店名，按地区菜系推断
半岛,San Carlos,,中,,Sunshine HK Cafe,,"648 El Camino Real, San Carlos, CA 94070",港式茶餐厅,粤菜/港式,普通话/粤语,Google 分类：中餐馆 / 港式茶餐厅; 无中文店名，按地区菜系推断
半岛,San Carlos,,中,,Sunshine HK Cafe Express,,"635 Laurel St, San Carlos, CA 94070",粤菜,粤菜/港式,普通话/粤语,Google 分类：Chinese takeaway; 无中文店名，按地区菜系推断
半岛,San Carlos,,低,,Amazing Wok,,"1653 Laurel St, San Carlos, CA 94070",美式中餐,美式中餐/越南华人,普通话,Google 分类：中餐馆 / 亚洲混合风味餐馆; 无中文店名，美式中餐风格，弱推断
半岛,San Carlos,,低,,King Chuan Restaurant,,"1188 San Carlos Ave, San Carlos, CA 94070",中餐,其他中餐,普通话,Google 分类：中餐馆 / 亚洲风味餐馆 / 中餐外卖; 简介：Casual standby for classic Chinese fare; 无中文店名，仅泛称中餐，弱推断
半岛,San Carlos,,低,,Yan's Garden,,"885 Laurel St, San Carlos, CA 94070",中餐,其他中餐,普通话,Google 分类：中餐馆 / 亚洲风味餐馆 / 中餐外卖; 简介：Basic joint for familiar eats; 无中文店名，仅泛称中餐，弱推断
半岛,San Mateo,,高,,Chef Zhao Bistro,老赵川菜,"2450 S El Camino Real, San Mateo, CA 94403",川菜,川湘/西南,普通话,Google 地图中文版显示中文店名「老赵川菜」（商家自行登记）; Google 分类：Sichuan restaurant / Restaurant
半岛,San Mateo,,高,,Dough Zone Dumpling House San Mateo,面贴面,"111 E 4th Ave, San Mateo, CA 94401",中式面馆/粤式点心,粤菜/港式,普通话/粤语,Google 地图中文版显示中文店名「面贴面」（商家自行登记）; Google 分类：Chinese restaurant / Chinese noodle restaurant / Chinese takeaway
半岛,San Mateo,,高,,Dynasty BBQ,人间烟火小酒馆,"105 W 25th Ave, San Mateo, CA 94403",中餐,其他中餐,普通话,Google 地图店名含中文「人间烟火小酒馆」; Google 分类：餐馆
半岛,San Mateo,,高,,Fish With You,鱼你在一起下饭酸菜鱼,"150 S B St, San Mateo, CA 94401",中餐,其他中餐,普通话,Google 地图店名含中文「鱼你在一起下饭酸菜鱼」; Google 分类：中餐馆
半岛,San Mateo,,高,,"Happy Lamb Hot Pot, San Mateo",快乐小羊,"215 S Ellsworth Ave, San Mateo, CA 94401",火锅/北方菜,火锅/麻辣烫,普通话,Google 地图店名含中文「快乐小羊」; Google 分类：Hot pot restaurant / Bar / Mandarin restaurant; 简介：Chain spot for make-your-own Asian meals
半岛,San Mateo,,高,,Kusan Bazaar｜Silk Road Grill & Noodles,龟兹集市,"2727 S El Camino Real H, San Mateo, CA 94403",新疆菜,西北/新疆/清真,普通话 (维吾尔语),Google 地图店名含中文「龟兹集市」; Google 分类：中餐馆 / 清真餐馆 / 中东风味餐馆
半岛,San Mateo,,高,,Li's Knife Cut Noodle,李面请,"121 W 25th Ave, San Mateo, CA 94403",中式面馆,面食/饺子,普通话,Google 地图店名含中文「李面请」; Google 分类：中餐馆
半岛,San Mateo,,高,,Little Shanghai Restaurant,上海人家,"17 E 25th Ave E, San Mateo, CA 94403",上海菜,北方/东北/江浙,普通话/粤语,Google 地图中文版显示中文店名「上海人家」（商家自行登记）; Google 分类：Shanghainese restaurant / Restaurant; 简介：Chinese clay-pot dishes & dim sum
半岛,San Mateo,,高,,Mala Town Express,自选麻辣烫,"77 E 3rd Ave, San Mateo, CA 94401",火锅,火锅/麻辣烫,普通话,Google 地图店名含中文「自选麻辣烫」; Google 分类：中餐馆
半岛,San Mateo,,高,,Palette Tea Garden & Dim Sum,彩苑,"48 Hillsdale Mall, San Mateo, CA 94403",粤式点心,粤菜/港式,普通话/粤语,Google 地图店名含中文「彩苑」; Google 分类：中式点心餐馆 / 粤菜馆 / 中餐馆; 简介：Casual space for creative Chinese dishes
半岛,San Mateo,,高,,Silver House,金煌海鲜酒家,"2224 S El Camino Real, San Mateo, CA 94403",粤式点心/海鲜,粤菜/港式,普通话/粤语,Google 地图中文版显示中文店名「金煌海鲜酒家」（商家自行登记）; Google 分类：中餐馆 / 亚洲风味餐馆 / 餐馆; 简介：Familiar Chinese fare in a simple venue
半岛,San Mateo,,高,,Superstar Dim Sum & Seafood Restaurant,明星宴會,"88 E 4th Ave, San Mateo, CA 94401",粤式点心,粤菜/港式,普通话/粤语,Google 地图中文版显示中文店名「明星宴會」（商家自行登记）; Google 分类：Dim sum restaurant
半岛,San Mateo,,高,,TAI ER SICHUAN CUISINE SAN MATEO,太二川菜,"98 E 4th Ave, San Mateo, CA 94401",川菜,川湘/西南,普通话,Google 地图店名含中文「太二川菜」; Google 分类：中餐馆 / 餐馆
半岛,San Mateo,,高,,Zen Noodle Bar,陶醉上海,"668 E 3rd Ave, San Mateo, CA 94401",上海菜,北方/东北/江浙,普通话,Google 地图中文版显示中文店名「陶醉上海」（商家自行登记）; Google 分类：Chinese restaurant / Noodle shop / Restaurant
半岛,San Mateo,,高,,Zhangliang Malatang,张亮麻辣烫,"139 S B St, San Mateo, CA 94401",火锅,火锅/麻辣烫,普通话,Google 地图中文版显示中文店名「张亮麻辣烫」（商家自行登记）; Google 分类：Chinese restaurant / Hot pot restaurant
半岛,San Mateo,,中,,Chopstix & Taiwanese Bentos,,"142 E 3rd Ave, San Mateo, CA 94401",台湾菜,台湾菜,普通话,Google 分类：Taiwanese restaurant / Chinese restaurant; 无中文店名，按地区菜系推断
半岛,San Mateo,,中,,Inshou DimDim Noodle,,"2944 S Norfolk St, San Mateo, CA 94403",台湾菜,台湾菜,普通话,Google 分类：台湾风味餐馆; 无中文店名，按地区菜系推断
半岛,San Mateo,,中,,Little Hunan Restaurant,,"120 De Anza Blvd, San Mateo, CA 94402",湘菜,川湘/西南,普通话,Google 分类：Chinese restaurant / Asian restaurant; 简介：Family-run place for Chinese standards; 无中文店名，按地区菜系推断
半岛,San Mateo,,中,,Liuyishou Hotpot (San Mateo),,"98 E 3rd Ave, San Mateo, CA 94401",火锅,火锅/麻辣烫,普通话,Google 分类：Hot pot restaurant / Asian restaurant / Chinese restaurant; 简介：Popular locale for classic hot pot soups; 无中文店名，按地区菜系推断
半岛,San Mateo,,中,,MY Dumpling,,"100 S B St, San Mateo, CA 94401",饺子,面食/饺子,普通话,Google 分类：Chinese restaurant; 无中文店名，按地区菜系推断
半岛,San Mateo,,中,,No.5 House,,"5 S Ellsworth Ave, San Mateo, CA 94401",台湾菜,台湾菜,普通话,Google 分类：Taiwanese restaurant / Chinese restaurant; 无中文店名，按地区菜系推断
半岛,San Mateo,,中,,O2 Valley,,"41 E 4th Ave, San Mateo, CA 94401",台湾菜,台湾菜,普通话,Google 分类：Taiwanese restaurant / Asian restaurant / Bubble tea store; 无中文店名，按地区菜系推断
半岛,San Mateo,,中,,Oceanic Restaurant,,"2507 S El Camino Real, San Mateo, CA 94403",湘菜,川湘/西南,普通话,Google 分类：Chinese restaurant / Asian restaurant / Delivery Restaurant; 简介：Casual stop for Hunan & Mandarin dishes; 无中文店名，按地区菜系推断
半岛,San Mateo,,中,,Ox 9 Lanzhou Handpulled Noodles,,"11 S B St, San Mateo, CA 94401",中式面馆,面食/饺子,普通话,Google 分类：Chinese noodle restaurant / Restaurant; 无中文店名，按地区菜系推断
半岛,San Mateo,,中,,Peking Alley,,"4300 S El Camino Real, San Mateo, CA 94403",北京菜,北方/东北/江浙,普通话,Google 分类：Chinese restaurant / Asian restaurant / Lunch restaurant; 简介：Chinese cooking for lunch & dinner; 无中文店名，按地区菜系推断
半岛,San Mateo,,中,,Shang Dumpling,,"213 E 3rd Ave, San Mateo, CA 94401",饺子,面食/饺子,普通话,Google 分类：Chinese restaurant; 无中文店名，按地区菜系推断
半岛,San Mateo,,中,,Taste of Shaxian,,"38 E 4th Ave, San Mateo, CA 94401",中式面馆,面食/饺子,普通话,Google 分类：中餐馆; 无中文店名，按地区菜系推断
半岛,San Mateo,,中,,The Noodle Shop,,"164 W 25th Ave, San Mateo, CA 94403",中式面馆,面食/饺子,普通话,Google 分类：Chinese restaurant / Asian restaurant / Chinese noodle restaurant; 简介：Homey outlet for Chinese noodle dishes; 无中文店名，按地区菜系推断
半岛,San Mateo,,中,,Town of dumpling,,"29 Laurie Meadows Dr, San Mateo, CA 94403",饺子,面食/饺子,普通话,Google 分类：中餐馆 / 饺子馆 / 美国南方风味餐馆; 无中文店名，按地区菜系推断
半岛,San Mateo,,低,,Bao Express,,"1040 Park Pl, San Mateo, CA 94403",美式中餐,美式中餐/越南华人,普通话,Google 分类：Chinese restaurant; 无中文店名，美式中餐风格，弱推断
半岛,San Mateo,,低,,Cheung Hing,,"40 42nd Ave, San Mateo, CA 94403",中餐,其他中餐,普通话,Google 分类：中餐馆; 无中文店名，仅泛称中餐，弱推断
半岛,San Mateo,,低,,Fortune Star | Chinese Restaurant (#1 Mandarin Style),,"173 W 25th Ave, San Mateo, CA 94403",美式中餐,美式中餐/越南华人,普通话,Google 分类：Chinese restaurant / Asian restaurant / Restaurant; 简介：Homey Chinese eatery with extensive menu; 无中文店名，美式中餐风格，弱推断
半岛,San Mateo,,低,,Golden Wok Bistro,,"570 S Norfolk St, San Mateo, CA 94401",美式中餐,美式中餐/越南华人,普通话,Google 分类：Chinese restaurant / Asian restaurant / Seafood restaurant; 简介：Standard Chinese in a shopping plaza; 无中文店名，美式中餐风格，弱推断
半岛,San Mateo,,低,,Hot Wok Bistro,,"1012 Howard Ave, San Mateo, CA 94401",美式中餐,美式中餐/越南华人,普通话,"Google 分类：Chinese restaurant; 简介：Sleek, contemporary Chinese-food spot; 无中文店名，美式中餐风格，弱推断"
半岛,San Mateo,,低,,Hot Wok Cafe,,"2960 S Norfolk St, San Mateo, CA 94403",美式中餐,美式中餐/越南华人,普通话,Google 分类：Chinese restaurant / Seafood restaurant; 简介：Relaxed spot for cross-regional Chinese; 无中文店名，美式中餐风格，弱推断
半岛,San Mateo,,低,,New Wing Fat - Chinese Restaurant,,"640 E 3rd Ave, San Mateo, CA 94401",美式中餐,美式中餐/越南华人,普通话,Google 分类：Chinese restaurant; 无中文店名，美式中餐风格，弱推断
半岛,San Mateo,,低,,Ping‘s Bistro,,"2946 S Norfolk St, San Mateo, CA 94403",中餐,其他中餐,普通话,Google 分类：Chinese restaurant / Restaurant; 无中文店名，仅泛称中餐，弱推断
半岛,San Mateo,,低,,Prime BBQ,,"33 W 25th Ave, San Mateo, CA 94403",中餐,其他中餐,普通话,Google 分类：Chinese restaurant / Asian restaurant / Barbecue restaurant; 无中文店名，仅泛称中餐，弱推断
半岛,San Mateo,,低,,Silver Lake - Chinese Seafood Restaurant,,"2291 S El Camino Real, San Mateo, CA 94403",中餐,其他中餐,普通话,Google 分类：Chinese restaurant / Asian restaurant / Seafood restaurant; 简介：Chinese hot-pot dishes & noodles; 无中文店名，仅泛称中餐，弱推断
半岛,San Mateo,,低,,Ten Seconds Yunnan Rice Noodle,,"215 E 3rd Ave, San Mateo, CA 94401",中餐,其他中餐,普通话,Google 分类：Chinese restaurant; 无中文店名，仅泛称中餐，弱推断
半岛,San Mateo,,低,,Toa Yuen Restaurant,,"3170 Campus Dr, San Mateo, CA 94403",中餐,其他中餐,普通话,Google 分类：Chinese restaurant / Asian restaurant / Restaurant; 无中文店名，仅泛称中餐，弱推断
半岛,San Mateo,,低,,Umami Express,,"66 21st Ave, San Mateo, CA 94403",美式中餐,美式中餐/越南华人,普通话,Google 分类：Chinese restaurant / Asian fusion restaurant / Box lunch supplier; 无中文店名，美式中餐风格，弱推断
半岛,South San Francisco,,高,,Dumpling Empire,水饺帝国,"216 Cypress Ave, South San Francisco, CA 94080",饺子,面食/饺子,普通话,Google 地图中文版显示中文店名「水饺帝国」（商家自行登记）; Google 分类：Dumpling restaurant / Asian restaurant / Restaurant; 简介：Homemade dumplings in a bare-bones space
半岛,South San Francisco,,高,,Grand Palace Seafood Restaurant,富源酒家,"359 Grand Ave, South San Francisco, CA 94080",粤式点心/饺子,粤菜/港式,普通话/粤语,Google 地图店名含中文「富源酒家」; Google 分类：Dim sum restaurant / Asian restaurant / Caterer; 简介：Dim sum & Asian cooking
半岛,South San Francisco,,中,,Andy's Hong Kong Restaurant,,"121 Hickey Blvd, South San Francisco, CA 94080",粤菜,粤菜/港式,普通话/粤语,Google 分类：Chinese restaurant; 无中文店名，按地区菜系推断
半岛,South San Francisco,,中,,Dumpling and Cajun Seafood,,"320 Grand Ave, South San Francisco, CA 94080",饺子,面食/饺子,普通话,Google 分类：Chinese restaurant / Seafood restaurant; 无中文店名，按地区菜系推断
半岛,South San Francisco,,中,,Dumpling Time,,"800 Gateway Blvd, South San Francisco, CA 94080",饺子,面食/饺子,普通话,Google 分类：Chinese restaurant; 无中文店名，按地区菜系推断
半岛,South San Francisco,,中,,H. L. Peninsula Restaurant,,"608 Dubuque Ave, South San Francisco, CA 94080",粤菜,粤菜/港式,普通话/粤语,"Google 分类：Cantonese restaurant / Chinese restaurant / Restaurant; 简介：Soaring, upscale Chinese restaurant; 无中文店名，按地区菜系推断"
半岛,South San Francisco,,中,,Hing Lung Cafe,,"331 Grand Ave, South San Francisco, CA 94080",港式快餐,粤菜/港式,普通话/粤语,Google 分类：Hong Kong style fast food restaurant; 无中文店名，按地区菜系推断
半岛,South San Francisco,,中,,Hung To Seafood Restaurant,,"221 S Spruce Ave, South San Francisco, CA 94080",粤式点心,粤菜/港式,普通话/粤语,Google 分类：Chinese restaurant / Cantonese restaurant / Dim sum restaurant; 简介：Asian banquet hall offering dim sum; 无中文店名，按地区菜系推断
半岛,South San Francisco,,中,,The Night Market,,"230 S Spruce Ave, South San Francisco, CA 94080",港式快餐/粤式点心,粤菜/港式,普通话/粤语,Google 分类：Hong Kong style fast food restaurant / Bubble tea store / Cantonese restaurant; 简介：Asian street eats in a bustling setting; 无中文店名，按地区菜系推断
半岛,South San Francisco,,低,,Cheung Hing BBQ Seafood,,"333 Grand Ave, South San Francisco, CA 94080",中餐,其他中餐,普通话,Google 分类：Chinese restaurant / American restaurant / Chicken restaurant; 简介：Straightforward stop for Chinese fare; 无中文店名，仅泛称中餐，弱推断
半岛,South San Francisco,,低,,New Dragon Garden,,"136 Hazelwood Dr, South San Francisco, CA 94080",美式中餐,美式中餐/越南华人,普通话,Google 分类：Chinese restaurant; 无中文店名，美式中餐风格，弱推断
半岛,South San Francisco,,低,,Ng's Cooking,,"2268 Westborough Blvd #303, South San Francisco, CA 94080",中餐,其他中餐,普通话,Google 分类：Chinese restaurant / Seafood restaurant; 无中文店名，仅泛称中餐，弱推断
半岛,South San Francisco,,低,,Pik 4 Wok Express,,"320 Grand Ave, South San Francisco, CA 94080",美式中餐,美式中餐/越南华人,普通话,Google 分类：Chinese restaurant; 无中文店名，美式中餐风格，弱推断
半岛,South San Francisco,,低,,Sky Dragon,,"117 Southwood Center, South San Francisco, CA 94080",美式中餐,美式中餐/越南华人,普通话,Google 分类：中餐馆 / 餐馆; 简介：Long-standing go-to for Chinese fare; 无中文店名，美式中餐风格，弱推断
东湾,Alameda,,高,,XIANGXIANG NOODLE,乡香面,"845 Marina Village Pkwy, Alameda, CA 94501",中式面馆,面食/饺子,普通话,Google 地图中文版显示中文店名「乡香面」（商家自行登记）; Google 分类：Catering food and drink supplier / Chinese noodle restaurant
东湾,Alameda,,中,,Ark Chinese Restaurant,,"1405 Park St, Alameda, CA 94501",中式面馆,面食/饺子,普通话,Google 分类：Chinese restaurant; 简介：Cozy spot for hand-pulled noodles & more; 无中文店名，按地区菜系推断
东湾,Alameda,,中,,DIM SUM BEST Of TASTE,,"1540 Webster St, Alameda, CA 94501",粤式点心,粤菜/港式,普通话/粤语,Google 分类：Dim sum restaurant; 无中文店名，按地区菜系推断
东湾,Alameda,,中,,Dumpling House,,"2105 Lincoln Ave, Alameda, CA 94501",饺子,面食/饺子,普通话,Google 分类：Dumpling restaurant; 无中文店名，按地区菜系推断
东湾,Alameda,,中,,East Ocean Seafood Restaurant,,"1713 Webster St, Alameda, CA 94501",粤式点心,粤菜/港式,普通话/粤语,Google 分类：Chinese restaurant / Cantonese restaurant / Dim sum restaurant; 简介：Banquet hall for Chinese fare & dim sum; 无中文店名，按地区菜系推断
东湾,Alameda,,中,,Hong Kong City Restaurant,,"1425 Park St, Alameda, CA 94501",港式茶餐厅,粤菜/港式,普通话/粤语,Google 分类：Chinese restaurant / Asian restaurant / Cha chaan teng (Hong Kong-style cafe); 简介：No-frills spot for a varied Chinese menu; 无中文店名，按地区菜系推断
东湾,Alameda,,中,,JuXi,,"1231 Park St, Alameda, CA 94501",粤菜,粤菜/港式,普通话/粤语,Google 分类：Cantonese restaurant; 无中文店名，按地区菜系推断
东湾,Alameda,,中,,Kitchen of Alameda,,"1727 Webster St, Alameda, CA 94501",粤式点心,粤菜/港式,普通话/粤语,Google 分类：Cantonese restaurant / Chinese restaurant / Dim sum restaurant; 无中文店名，按地区菜系推断
东湾,Alameda,,中,,Pacific Lighthouse,,"1051 Pacific Marina, Alameda, CA 94501",粤式点心,粤菜/港式,普通话/粤语,Google 分类：Cantonese restaurant / Dim sum restaurant / Restaurant; 简介：Dim sum & seafood spot with a water view; 无中文店名，按地区菜系推断
东湾,Alameda,,中,,Tasty Point (Alameda),,"2412 Santa Clara Ave, Alameda, CA 94501",台湾菜,台湾菜,普通话,Google 分类：Taiwanese restaurant; 无中文店名，按地区菜系推断
东湾,Alameda,,中,,Wild Ginger,,"1239 Park St, Alameda, CA 94501",川菜,川湘/西南,普通话,Google 分类：Chinese restaurant; 简介：Compact cafe for Szechuan street food; 无中文店名，按地区菜系推断
东湾,Alameda,,低,,Chef's Wok,,"1821 Webster St, Alameda, CA 94501",美式中餐,美式中餐/越南华人,普通话,Google 分类：Chinese restaurant; 无中文店名，美式中餐风格，弱推断
东湾,Alameda,,低,,China Villa Restaurant,,"891-A Island Dr, Alameda, CA 94502",中餐,其他中餐,普通话,Google 分类：Chinese restaurant; 无中文店名，仅泛称中餐，弱推断
东湾,Alameda,,低,,Dragon Village,,"642 Lincoln Ave #3324, Alameda, CA 94501",美式中餐,美式中餐/越南华人,普通话,Google 分类：Chinese restaurant / Asian restaurant / Restaurant; 简介：Simple standby for Chinese take-out eats; 无中文店名，美式中餐风格，弱推断
东湾,Alameda,,低,,Genghis Khan Kitchen,,"1540 Park St, Alameda, CA 94501",中餐,其他中餐,普通话,Google 分类：Chinese restaurant / Restaurant; 简介：All-you-can-eat sushi & Mongolian BBQ; 无中文店名，仅泛称中餐，弱推断
东湾,Alameda,,低,,Little Joe's Express,,"1410 Encinal Ave, Alameda, CA 94501",美式中餐,美式中餐/越南华人,普通话,Google 分类：Chinese restaurant / Asian fusion restaurant / Asian restaurant; 无中文店名，美式中餐风格，弱推断
东湾,Alameda,,低,,New Bamboo Kitchen,,"2105 Lincoln Ave, Alameda, CA 94501",美式中餐,美式中餐/越南华人,普通话,Google 分类：Chinese restaurant; 简介：No-frills Chinese eatery & take-out spot; 无中文店名，美式中餐风格，弱推断
东湾,Alameda,,低,,The New Gim's Chinese Kitchen Express,,"2322 Lincoln Ave, Alameda, CA 94501",美式中餐,美式中餐/越南华人,普通话,Google 分类：Chinese restaurant / Takeout Restaurant; 无中文店名，美式中餐风格，弱推断
东湾,Alameda,,低,,Xing Yuan,,"839 Marina Village Pkwy, Alameda, CA 94501",中餐,其他中餐,普通话,Google 分类：Chinese restaurant / Asian restaurant / Restaurant; 简介：Humble place for familiar Chinese fare; 无中文店名，仅泛称中餐，弱推断
东湾,Alamo,,低,,Alamo Palace,,"120 Alamo Plaza C, Alamo, CA 94507",中餐,其他中餐,普通话,Google 分类：Chinese restaurant; 简介：Relaxed stop for standard dishes; 无中文店名，仅泛称中餐，弱推断
东湾,Albany,,高,,Wojia Hunan Cuisine,我家湘馆菜,"917 San Pablo Ave, Albany, CA 94706",湘菜/川菜,川湘/西南,普通话,Google 地图中文版显示中文店名「我家湘馆菜」（商家自行登记）; Google 分类：Hunan restaurant / Asian restaurant / Chinese restaurant; 简介：Low-key Hunan outpost with a large menu
东湾,Albany,,中,,China Village,,"1335 Solano Ave, Albany, CA 94706",川菜,川湘/西南,普通话,Google 分类：Chinese restaurant / Asian restaurant / Sichuan restaurant; 简介：Sichuan cooking in contemporary digs; 无中文店名，按地区菜系推断
东湾,Albany,,低,,Renee's Place,,"1477 Solano Ave, Albany, CA 94706",中餐,其他中餐,普通话,"Google 分类：Chinese restaurant; 简介：Modern, eco-friendly Chinese-food joint; 无中文店名，仅泛称中餐，弱推断"
东湾,Antioch,,中,,Canton City,,"212 G St, Antioch, CA 94509",粤菜,粤菜/港式,普通话/粤语,Google 分类：Chinese restaurant / Asian restaurant / Delivery Restaurant; 无中文店名，按地区菜系推断
东湾,Antioch,,中,,Yu Kitchen,,"1100 Sycamore Dr, Antioch, CA 94509",粤式点心,粤菜/港式,普通话/粤语,Google 分类：Chinese restaurant / Dim sum restaurant / Noodle shop; 无中文店名，按地区菜系推断
东湾,Antioch,,低,,China City Restaurant,,"2757 Lone Tree Wy, Antioch, CA 94509",中餐,其他中餐,普通话,Google 分类：Chinese restaurant; 简介：Chinese meals in a laid-back setting; 无中文店名，仅泛称中餐，弱推断
东湾,Antioch,,低,,Chop Chop Restaurant,,"1115 E 18th St, Antioch, CA 94509",中餐,其他中餐,普通话,Google 分类：Chinese restaurant; 无中文店名，仅泛称中餐，弱推断
东湾,Antioch,,低,,Double Dragon,,"2621 Somersville Rd, Antioch, CA 94509",美式中餐,美式中餐/越南华人,普通话,Google 分类：Chinese restaurant; 简介：Casual standby offering Chinese classics; 无中文店名，美式中餐风格，弱推断
东湾,Antioch,,低,,Empress Garden Chinese Restaurant,,"2303 Buchanan Rd, Antioch, CA 94509",美式中餐,美式中餐/越南华人,普通话,Google 分类：Chinese restaurant / Asian restaurant / Restaurant; 无中文店名，美式中餐风格，弱推断
东湾,Antioch,,低,,Hidden Dragon,,"4106 Lone Tree Wy, Antioch, CA 94531",美式中餐,美式中餐/越南华人,普通话,Google 分类：Chinese restaurant / Restaurant; 无中文店名，美式中餐风格，弱推断
东湾,Antioch,,低,,Little Loma Chinese Restaurant,,"1100 Sycamore Dr Unit A, Antioch, CA 94509",美式中餐,美式中餐/越南华人,普通话,Google 分类：Chinese restaurant; 无中文店名，美式中餐风格，弱推断
东湾,Antioch,,低,,Rice Bowl,,"3436 Deer Valley Rd, Antioch, CA 94531",中餐,其他中餐,普通话,Google 分类：Chinese restaurant; 无中文店名，仅泛称中餐，弱推断
东湾,Antioch,,低,,South North Dragon,,"1611 A St, Antioch, CA 94509",美式中餐,美式中餐/越南华人,普通话,Google 分类：Chinese restaurant / Asian restaurant / Delivery Restaurant; 简介：Casual eatery for Chinese standards; 无中文店名，美式中餐风格，弱推断
东湾,Berkeley,,高,,DH Noodles and Grill Berkeley,敦煌兰州牛肉拉面,"2475 Telegraph Ave, Berkeley, CA 94704",西北菜,西北/新疆/清真,普通话,Google 地图店名含中文「敦煌兰州牛肉拉面」; Google 分类：Restaurant
东湾,Berkeley,,高,,Easterly-Berkeley,眷湘餐廳,"2323 Shattuck Ave., Berkeley, CA 94704",湘菜,川湘/西南,普通话,Google 地图中文版显示中文店名「眷湘餐廳」（商家自行登记）; Google 分类：Chinese restaurant
东湾,Berkeley,,高,,Li's Knife Cut Noodle,李面请大碗刀削面,"2126 Center St, Berkeley, CA 94704",中式面馆,面食/饺子,普通话,Google 地图店名含中文「李面请大碗刀削面」; Google 分类：Chinese restaurant
东湾,Berkeley,,高,,Our family table,烟火人家,"2037 Kala Bagai Wy, Berkeley, CA 94704",中式面馆,面食/饺子,普通话,Google 地图店名含中文「烟火人家」; Google 分类：Chinese noodle restaurant
东湾,Berkeley,,高,,Ox 9 Lanzhou Handpulled Noodles,九牛兰州拉面,"2404 Telegraph Ave, Berkeley, CA 94704",中式面馆,面食/饺子,普通话,Google 地图中文版显示中文店名「九牛兰州拉面」（商家自行登记）; Google 分类：Chinese noodle restaurant
东湾,Berkeley,,高,,Take Eat Easy,港麗,"2465 Bancroft Way, Berkeley, CA 94720",港式快餐,粤菜/港式,普通话/粤语,Google 地图店名含中文「港麗」; Google 分类：Asian restaurant / Hong Kong style fast food restaurant
东湾,Berkeley,,高,,Zhangliang Malatang,张亮麻辣烫,"2237 Shattuck Ave. #1415, Berkeley, CA 94704",火锅,火锅/麻辣烫,普通话,Google 地图中文版显示中文店名「张亮麻辣烫」（商家自行登记）; Google 分类：Chinese restaurant
东湾,Berkeley,,中,,Azure Hot Pot,,"1700 Shattuck Ave., Berkeley, CA 94709",火锅,火锅/麻辣烫,普通话,Google 分类：Restaurant / Hot pot restaurant; 无中文店名，按地区菜系推断
东湾,Berkeley,,中,,Chengdu Style Restaurant,,"2600 Bancroft Way, Berkeley, CA 94704",川菜,川湘/西南,普通话,Google 分类：Chinese restaurant / Sichuan restaurant; 简介：Simple spot for traditional Chinese fare; 无中文店名，按地区菜系推断
东湾,Berkeley,,中,,Dalian Restaurant,,"1674 Shattuck Ave., Berkeley, CA 94709",中式面馆,面食/饺子,普通话,Google 分类：Chinese restaurant / Asian restaurant / Chinese noodle restaurant; 简介：Low-key option for standard Chinese fare; 无中文店名，按地区菜系推断
东湾,Berkeley,,中,,Dough Zone Dumpling House Berkeley,,"1912 Shattuck Ave., Berkeley, CA 94704",中式面馆/粤式点心,粤菜/港式,普通话/粤语,Google 分类：Chinese restaurant / Asian restaurant / Chinese noodle restaurant; 无中文店名，按地区菜系推断
东湾,Berkeley,,中,,Dumpling Day,,"2115 Kittredge St, Berkeley, CA 94704",饺子,面食/饺子,普通话,Google 分类：Chinese restaurant; 无中文店名，按地区菜系推断
东湾,Berkeley,,中,,Dumpling Express,,"2328 Bowditch St, Berkeley, CA 94704",饺子/粤式点心,粤菜/港式,普通话/粤语,Google 分类：Dumpling restaurant / Dim sum restaurant; 简介：No-frills counter for Asian eats; 无中文店名，按地区菜系推断
东湾,Berkeley,,中,,Dumpling Time,,"1795 Fourth St, Berkeley, CA 94710",饺子,面食/饺子,普通话,Google 分类：Dumpling restaurant / Asian restaurant; 无中文店名，按地区菜系推断
东湾,Berkeley,,中,,Dumplings Family,,"2517 Durant Ave Ste A, Berkeley, CA 94704",粤式点心/饺子,粤菜/港式,普通话/粤语,Google 分类：Dim sum restaurant / Dumpling restaurant; 无中文店名，按地区菜系推断
东湾,Berkeley,,中,,Impression of LanZhou Berkeley,,"1878 Euclid Ave, Berkeley, CA 94709",中式面馆,面食/饺子,普通话,Google 分类：Chinese noodle restaurant; 无中文店名，按地区菜系推断
东湾,Berkeley,,中,,Kirin Chinese Restaurant And Cocktail Bar,,"1767 Solano Ave, Berkeley, CA 94707",中式面馆/饺子,面食/饺子,普通话,Google 分类：Chinese restaurant / Asian restaurant / Chinese noodle restaurant; 简介：Varied menu from a Chinese mainstay; 无中文店名，按地区菜系推断
东湾,Berkeley,,中,,Noodle Dynasty,,"2426 Telegraph Ave, Berkeley, CA 94704",中式面馆,面食/饺子,普通话,Google 分类：Chinese noodle restaurant; 无中文店名，按地区菜系推断
东湾,Berkeley,,中,,Noodles Fresh | Berkeley CA Chinese Cuisine,,"2430 Shattuck Ave., Berkeley, CA 94704",中式面馆,面食/饺子,普通话,Google 分类：Chinese noodle restaurant / Gluten-free restaurant; 无中文店名，按地区菜系推断
东湾,Berkeley,,中,,Presotea Berkeley,,"1812-B University Ave, Berkeley, CA 94703",台湾菜,台湾菜,普通话,Google 分类：Taiwanese restaurant / Cafe / Coffee shop; 无中文店名，按地区菜系推断
东湾,Berkeley,,中,,Sichuan Style,,"1699 Solano Ave, Berkeley, CA 94707",川菜/湘菜,川湘/西南,普通话,Google 分类：Sichuan restaurant / Hunan restaurant; 无中文店名，按地区菜系推断
东湾,Berkeley,,中,,Sweetheart Café,,"2523 Durant Ave, Berkeley, CA 94704",台湾菜,台湾菜,普通话,Google 分类：Taiwanese restaurant / Cafe / Hamburger restaurant; 简介：Busy spot for Asian bubble tea; 无中文店名，按地区菜系推断
东湾,Berkeley,,中,,Ten Seconds Yunnan Rice Noodle,,"2014 Kala Bagai Wy, Berkeley, CA 94704",中式面馆,面食/饺子,普通话,Google 分类：Chinese noodle restaurant; 无中文店名，按地区菜系推断
东湾,Berkeley,,中,,Xiao Guo Xuan Hot Pot,,"1585 University Ave, Berkeley, CA 94703",火锅,火锅/麻辣烫,普通话,Google 分类：Chinese restaurant; 无中文店名，按地区菜系推断
东湾,Berkeley,,中,,Yin Ji Chang Fen - Berkeley,,"2116 Shattuck Ave., Berkeley, CA 94704",粤菜,粤菜/港式,普通话/粤语,Google 分类：Cantonese restaurant / Chinese restaurant / Restaurant; 无中文店名，按地区菜系推断
东湾,Berkeley,,低,,Chang Luong Restaurant,,"2517 Durant Ave, Berkeley, CA 94704",中餐,其他中餐,普通话,Google 分类：Chinese restaurant; 简介：Typical Chinese fare in a low-key setup; 无中文店名，仅泛称中餐，弱推断
东湾,Berkeley,,低,,Chen's Garden,,"1818 Alcatraz Ave, Berkeley, CA 94703",中餐,其他中餐,普通话,Google 分类：Chinese restaurant / Noodle shop / Restaurant; 简介：Classic Chinese fare in unfussy environs; 无中文店名，仅泛称中餐，弱推断
东湾,Berkeley,,低,,Great China,,"2190 Bancroft Way, Berkeley, CA 94704",中餐,其他中餐,普通话,Google 分类：Chinese restaurant / Asian restaurant / Restaurant; 简介：Sleek space for traditional Chinese eats; 无中文店名，仅泛称中餐，弱推断
东湾,Berkeley,,低,,Himalayan Bite,,"2400 Telegraph Ave, Berkeley, CA 94704",中餐,其他中餐,普通话,Google 分类：Chinese restaurant / Indian restaurant / Nepalese restaurant; 无中文店名，仅泛称中餐，弱推断
东湾,Berkeley,,低,,King Yen,,"2995 College Ave, Berkeley, CA 94705",中餐,其他中餐,普通话,Google 分类：Chinese restaurant; 简介：Contemporary option for Chinese cuisine; 无中文店名，仅泛称中餐，弱推断
东湾,Berkeley,,低,,Long Life Vegi House,,"1725 University Ave, Berkeley, CA 94703",中餐,其他中餐,普通话,Google 分类：Chinese restaurant / Hotel / Restaurant; 简介：Chinese dining with a meat-free focus; 无中文店名，仅泛称中餐，弱推断
东湾,Berkeley,,低,,M & S Kitchen,,"6336 Shattuck Ave., Berkeley, CA 94705",中餐,其他中餐,普通话,Google 分类：Chinese restaurant; 无中文店名，仅泛称中餐，弱推断
东湾,Berkeley,,低,,Mandarin House,,"2519 Durant Ave # D, Berkeley, CA 94704",美式中餐,美式中餐/越南华人,普通话,Google 分类：Chinese restaurant / Asian restaurant / Vegetarian restaurant; 无中文店名，美式中餐风格，弱推断
东湾,Berkeley,,低,,Nash Café,,"2047 University Ave, Berkeley, CA 94704",中餐,其他中餐,普通话,Google 分类：Chinese restaurant; 无中文店名，仅泛称中餐，弱推断
东湾,Berkeley,,低,,Noodles Fresh,,"2431 Durant Ave Ste B, Berkeley, CA 94704",中餐,其他中餐,普通话,Google 分类：Chinese restaurant; 无中文店名，仅泛称中餐，弱推断
东湾,Berkeley,,低,,Pho Le,,"1301 San Pablo Ave, Berkeley, CA 94702",越南华人中餐,美式中餐/越南华人,粤语,Google 分类：Chinese restaurant / Vietnamese restaurant / Pho restaurant; 简介：Basic hub for Vietnamese & Chinese eats; 无中文店名，越南华人风格，弱推断
东湾,Berkeley,,低,,Rice Dynasty,,"2428 Telegraph Ave, Berkeley, CA 94704",中餐,其他中餐,普通话,Google 分类：Chinese restaurant / Restaurant; 无中文店名，仅泛称中餐，弱推断
东湾,Brentwood,,中,,China Garden Restaurant,,"8610 Brentwood Blvd G, Brentwood, CA 94513",粤菜/北方菜,粤菜/港式,普通话/粤语,Google 分类：Chinese restaurant / Cantonese restaurant / Mandarin restaurant; 无中文店名，按地区菜系推断
东湾,Brentwood,,中,,Dim Sum Basket,,"3120 Balfour Rd Suite C, Brentwood, CA 94513",粤式点心,粤菜/港式,普通话/粤语,Google 分类：Restaurant / Dim sum restaurant; 无中文店名，按地区菜系推断
东湾,Brentwood,,中,,X NOODLES & DUMPLINGS,,"1185 2nd St G, Brentwood, CA 94513",饺子,面食/饺子,普通话,Google 分类：Restaurant / Dumpling restaurant; 无中文店名，按地区菜系推断
东湾,Brentwood,,低,,88 BaoBao,,"5421 Lone Tree Wy #103, Brentwood, CA 94513",中餐,其他中餐,普通话,Google 分类：Chinese restaurant; 无中文店名，仅泛称中餐，弱推断
东湾,Brentwood,,低,,Enishi Kitchen,,"4441 Balfour Rd #1409, Brentwood, CA 94513",中餐,其他中餐,普通话,Google 分类：Chinese restaurant / Asian fusion restaurant / Japanese restaurant; 无中文店名，仅泛称中餐，弱推断
东湾,Brentwood,,低,,Lone Tree Buffet,,"6281 Lone Tree Wy, Brentwood, CA 94513",美式中餐,美式中餐/越南华人,普通话,Google 分类：Chinese restaurant / Asian restaurant / Buffet restaurant; 简介：Mall option for varied Chinese dishes; 无中文店名，美式中餐风格，弱推断
东湾,Brentwood,,低,,Lone Tree Drive In Chinese,,"8383 Lone Tree Wy, Brentwood, CA 94513",中餐,其他中餐,普通话,Google 分类：Chinese restaurant; 无中文店名，仅泛称中餐，弱推断
东湾,Brentwood,,低,,Papa Chen - Chinese Cuisine,,"5601 Lone Tree Wy #145, Brentwood, CA 94513",美式中餐,美式中餐/越南华人,普通话,Google 分类：Chinese restaurant; 无中文店名，美式中餐风格，弱推断
东湾,Brentwood,,低,,Roast Eatery Co,,"3120 Balfour Rd a, Brentwood, CA 94513",中餐,其他中餐,普通话,Google 分类：Chinese restaurant; 无中文店名，仅泛称中餐，弱推断
东湾,Brentwood,,低,,Sun Kitchen - Asian Bistro,,"2500 Sand Creek Rd A, Brentwood, CA 94513",中餐,其他中餐,普通话,Google 分类：Chinese restaurant / Asian fusion restaurant / Japanese restaurant; 简介：Casual spot for Japanese & Chinese fare; 无中文店名，仅泛称中餐，弱推断
东湾,Castro Valley,,高,,Hao kee kitchen,好記,"2966 Castro Valley Blvd, Castro Valley, CA 94546",中餐,其他中餐,普通话,Google 地图店名含中文「好記」; Google 分类：Chinese restaurant
东湾,Castro Valley,,中,,Garden Cafe,,"20390 Lake Chabot Rd, Castro Valley, CA 94546",港式茶餐厅,粤菜/港式,普通话/粤语,Google 分类：Cha chaan teng (Hong Kong-style cafe) / Chinese restaurant; 无中文店名，按地区菜系推断
东湾,Castro Valley,,中,,HL Peninsula Restaurant - Castro Valley,,"3868 Castro Valley Blvd, Castro Valley, CA 94546",粤式点心,粤菜/港式,普通话/粤语,Google 分类：Dim sum restaurant / Cantonese restaurant; 无中文店名，按地区菜系推断
东湾,Castro Valley,,中,,Hong Kong BBQ Restaurant | Chinese,,"20918 Redwood Rd, Castro Valley, CA 94546",粤菜,粤菜/港式,普通话/粤语,Google 分类：Chinese restaurant / Asian restaurant / Barbecue area; 简介：Chinese fare & BBQ in a low-key interior; 无中文店名，按地区菜系推断
东湾,Castro Valley,,中,,Wei Shu Wu Hot Pot,,"3240 Castro Valley Blvd, Castro Valley, CA 94546",火锅,火锅/麻辣烫,普通话,Google 分类：Asian restaurant / Hot pot restaurant; 无中文店名，按地区菜系推断
东湾,Castro Valley,,低,,88 BaoBao,,"3330 Village Dr, Castro Valley, CA 94546",中餐,其他中餐,普通话,Google 分类：Chinese restaurant; 无中文店名，仅泛称中餐，弱推断
东湾,Castro Valley,,低,,Chef's Express,,"3442 Village Dr, Castro Valley, CA 94546",美式中餐,美式中餐/越南华人,普通话,Google 分类：Chinese restaurant; 无中文店名，美式中餐风格，弱推断
东湾,Castro Valley,,低,,China Garden,,"22253 Redwood Rd, Castro Valley, CA 94546",美式中餐,美式中餐/越南华人,普通话,Google 分类：Chinese restaurant; 简介：Bright Chinese go-to with a relaxed vibe; 无中文店名，美式中餐风格，弱推断
东湾,Castro Valley,,低,,Fong Kee Claypot,,"3692 Castro Valley Blvd, Castro Valley, CA 94546",中餐,其他中餐,普通话,Google 分类：Chinese restaurant; 无中文店名，仅泛称中餐，弱推断
东湾,Castro Valley,,低,,HL Express,,"3868 Castro Valley Blvd, Castro Valley, CA 94546",美式中餐,美式中餐/越南华人,普通话,Google 分类：Chinese restaurant; 无中文店名，美式中餐风格，弱推断
东湾,Concord,,高,,Impression of Lanzhou,印象兰州,"1657 Willow Pass Rd Ste a, Concord, CA 94520",中式面馆,面食/饺子,普通话,Google 地图中文版显示中文店名「印象兰州」（商家自行登记）; Google 分类：Chinese restaurant / Chinese noodle restaurant / Restaurant
东湾,Concord,,高,,Szechuan Garden,川府家宴,"1050 Contra Costa Blvd, Concord, CA 94523",粤式点心/川菜,粤菜/港式,普通话/粤语,Google 地图中文版显示中文店名「川府家宴」（商家自行登记）; Google 分类：Chinese restaurant / Dim sum restaurant / Sichuan restaurant
东湾,Concord,,高,,Tasty Szechuan,川味鲜,"4475 Treat Blvd D, Concord, CA 94521",川菜,川湘/西南,普通话,Google 地图中文版显示中文店名「川味鲜」（商家自行登记）; Google 分类：Chinese restaurant
东湾,Concord,,中,,88 BaoBao,,"785 Oak Grove Rd E3, Concord, CA 94518",饺子,面食/饺子,普通话,Google 分类：Dumpling restaurant; 无中文店名，按地区菜系推断
东湾,Concord,,中,,Dumpling and Noodle House,,"1768 Willow Pass Rd, Concord, CA 94520",饺子,面食/饺子,普通话,Google 分类：Chinese restaurant; 无中文店名，按地区菜系推断
东湾,Concord,,中,,Hunan Restaurant,,"4804 Clayton Rd, Concord, CA 94521",湘菜,川湘/西南,普通话,Google 分类：Chinese restaurant / Hunan restaurant; 简介：Asian eats with room for groups; 无中文店名，按地区菜系推断
东湾,Concord,,中,,Red Dragon,,"3491 Clayton Rd, Concord, CA 94519",川菜,川湘/西南,普通话,Google 分类：Chinese restaurant / Sichuan restaurant; 简介：Basic eatery for Chinese food & drinks; 无中文店名，按地区菜系推断
东湾,Concord,,中,,Shabuya,,"2025 Diamond Blvd f150, Concord, CA 94520",火锅,火锅/麻辣烫,普通话,Google 分类：Hot pot restaurant / Buffet restaurant; 无中文店名，按地区菜系推断
东湾,Concord,,中,,Tasty Pot,,"1683 Willow Pass Rd, Concord, CA 94520",台湾菜,台湾菜,普通话,Google 分类：Restaurant / Taiwanese restaurant; 无中文店名，按地区菜系推断
东湾,Concord,,中,,Yin Ji Chang Fen - Concord,,"1691B Willow Pass Rd, Concord, CA 94520",粤菜,粤菜/港式,普通话/粤语,Google 分类：Chinese restaurant / Cantonese restaurant; 无中文店名，按地区菜系推断
东湾,Concord,,中,,Zhangliang Malatang Concord,,"1845 Willow Pass Rd, Concord, CA 94520",火锅,火锅/麻辣烫,普通话,Google 分类：Hot pot restaurant; 无中文店名，按地区菜系推断
东湾,Concord,,低,,China Wall Buffet,,"1673 Willow Pass Rd, Concord, CA 94520",美式中餐,美式中餐/越南华人,普通话,Google 分类：Chinese restaurant / Buffet restaurant; 无中文店名，美式中餐风格，弱推断
东湾,Concord,,低,,Mann's Chinese Cuisine,,"4115 Concord Blvd #52, Concord, CA 94519",美式中餐,美式中餐/越南华人,普通话,Google 分类：Chinese restaurant; 简介：Go-to for upscale family-style Chinese; 无中文店名，美式中餐风格，弱推断
东湾,Concord,,低,,Shan Shan Low Restaurant,,"1731 Willow Pass Rd, Concord, CA 94520",中餐,其他中餐,普通话,Google 分类：Chinese restaurant / Restaurant; 简介：Generous portions of basic Chinese fare; 无中文店名，仅泛称中餐，弱推断
东湾,Concord,,低,,The Chinese Kitchen,,"3426 Clayton Rd, Concord, CA 94519",美式中餐,美式中餐/越南华人,普通话,Google 分类：Chinese restaurant / Delivery Restaurant; 无中文店名，美式中餐风格，弱推断
东湾,Concord,,低,,Wok Express,,"1800 Monument Blvd Ste A, Concord, CA 94520",美式中餐,美式中餐/越南华人,普通话,Google 分类：Chinese restaurant; 无中文店名，美式中餐风格，弱推断
东湾,Concord,,低,,Yeung's Lotus Express,,"1 Sun Valley Mall STE 103, Concord, CA 94520",美式中餐,美式中餐/越南华人,普通话,Google 分类：Chinese restaurant; 无中文店名，美式中餐风格，弱推断
东湾,Danville,,中,,Amazing Wok Chinese Cuisine,,"9000 Crow Canyon Rd H, Danville, CA 94506",港式快餐/川菜,粤菜/港式,普通话/粤语,Google 分类：Chinese restaurant / Asian fusion restaurant / Asian restaurant; 无中文店名，按地区菜系推断
东湾,Danville,,低,,China Express,,"3496 Camino Tassajara, Danville, CA 94506",美式中餐,美式中餐/越南华人,普通话,Google 分类：Chinese restaurant; 无中文店名，美式中餐风格，弱推断
东湾,Danville,,低,,China Gourmet,,"426 Diablo Rd W25, Danville, CA 94526",中餐,其他中餐,普通话,Google 分类：Chinese restaurant / Asian restaurant / Chinese takeaway; 无中文店名，仅泛称中餐，弱推断
东湾,Danville,,低,,China Paradise Restaurant,,"3446 Camino Tassajara, Danville, CA 94506",中餐,其他中餐,普通话,Google 分类：Chinese restaurant / Delivery Chinese restaurant / Family restaurant; 简介：Welcoming spot for Chinese cuisine; 无中文店名，仅泛称中餐，弱推断
东湾,Danville,,低,,DONHAO Danville,,"416 Sycamore Valley Rd, Danville, CA 94526",中餐,其他中餐,普通话,Google 分类：Chinese restaurant; 无中文店名，仅泛称中餐，弱推断
东湾,Danville,,低,,Leo's Chinese Restaurant,,"105C Town and Country Dr, Danville, CA 94526",美式中餐,美式中餐/越南华人,普通话,Google 分类：Chinese restaurant; 无中文店名，美式中餐风格，弱推断
东湾,Discovery Bay,,低,,China Wok,,"Bixler Rd, Suite F, 14870 CA-4 F, Discovery Bay, CA 94505",美式中餐,美式中餐/越南华人,普通话,Google 分类：Chinese restaurant; 无中文店名，美式中餐风格，弱推断
东湾,Dublin,,高,,BBQ 85,石锅,"3882 Fallon Rd, Dublin, CA 94568",中餐,其他中餐,普通话,Google 地图中文版显示中文店名「石锅」（商家自行登记）; Google 分类：Chinese restaurant
东湾,Dublin,,高,,"Happy Lamb Hot Pot, Dublin",快乐小羊,"4068 Grafton St, Dublin, CA 94568",火锅,火锅/麻辣烫,普通话,Google 地图店名含中文「快乐小羊」; Google 分类：Hot pot restaurant / Chinese restaurant; 简介：Chain spot for make-your-own Asian meals
东湾,Dublin,,中,,88 BaoBao,,"3880 Fallon Rd, Dublin, CA 94568",饺子,面食/饺子,普通话,Google 分类：Chinese restaurant / Dumpling restaurant; 简介：Asian dumplings in a casual restaurant; 无中文店名，按地区菜系推断
东湾,Dublin,,中,,Golden Sand Harbor,,"7745 Amador Valley Blvd, Dublin, CA 94568",粤式点心/港式快餐,粤菜/港式,普通话/粤语,Google 分类：Dim sum restaurant / Hong Kong style fast food restaurant / Restaurant; 简介：Stalwart spot for Chinese fare & dim sum; 无中文店名，按地区菜系推断
东湾,Dublin,,中,,Grand Cafe,,"3720 Fallon Rd, Dublin, CA 94568",粤菜,粤菜/港式,普通话/粤语,Google 分类：Cantonese restaurant; 无中文店名，按地区菜系推断
东湾,Dublin,,中,,Hong Kong Cafe,,"7200 Regional St, Dublin, CA 94568",港式茶餐厅/粤菜,粤菜/港式,普通话/粤语,Google 分类：Cha chaan teng (Hong Kong-style cafe) / Cantonese restaurant; 无中文店名，按地区菜系推断
东湾,Dublin,,中,,Koi Palace - Dublin,,"4288 Dublin Blvd #213, Dublin, CA 94568",粤式点心,粤菜/港式,普通话/粤语,Google 分类：Chinese restaurant / Banquet hall / Cantonese restaurant; 简介：Opulent eatery for Cantonese delicacies; 无中文店名，按地区菜系推断
东湾,Dublin,,中,,Mayflower Restaurant,,"4086 Grafton St, Dublin, CA 94568",粤式点心,粤菜/港式,普通话/粤语,Google 分类：Chinese restaurant / Dim sum restaurant / Restaurant; 简介：Bustling spot for Chinese dim sum & fish; 无中文店名，按地区菜系推断
东湾,Dublin,,中,,Paik’s Noodle Dublin CA,,"7214 San Ramon Rd, Dublin, CA 94568",港式快餐,粤菜/港式,普通话/粤语,Google 分类：Chinese restaurant / Asian fusion restaurant / Asian restaurant; 无中文店名，按地区菜系推断
东湾,Dublin,,中,,Pearl Bay Manor,,"4940 Dublin Blvd, Dublin, CA 94568",粤式点心,粤菜/港式,普通话/粤语,Google 分类：Dim sum restaurant / Chinese restaurant; 无中文店名，按地区菜系推断
东湾,Dublin,,中,,Shabu King,,"3870 Fallon Rd, Dublin, CA 94568",火锅,火锅/麻辣烫,普通话,Google 分类：Hot pot restaurant / Buffet restaurant; 无中文店名，按地区菜系推断
东湾,Dublin,,中,,Tasty Pot,,"4288 Dublin Blvd Ste 115 - 116, Dublin, CA 94568",台湾菜,台湾菜,普通话,Google 分类：Taiwanese restaurant; 无中文店名，按地区菜系推断
东湾,Dublin,,中,,YGF Malatang Hotpot & BBQ,,"4288 Dublin Blvd #110, Dublin, CA 94568",火锅,火锅/麻辣烫,普通话,Google 分类：Restaurant / Hot pot restaurant; 无中文店名，按地区菜系推断
东湾,Dublin,,中,,Zhangliang Malatang Dublin,,"2700 Dublin Blvd, Dublin, CA 94568",火锅,火锅/麻辣烫,普通话,Google 分类：Chinese restaurant / Asian restaurant / Hot pot restaurant; 无中文店名，按地区菜系推断
东湾,Dublin,,低,,Inchin's Bamboo Garden,,"4100 Grafton St, Dublin, CA 94568",美式中餐,美式中餐/越南华人,普通话,Google 分类：Chinese restaurant / Asian fusion restaurant / Caterer; 无中文店名，美式中餐风格，弱推断
东湾,Dublin,,低,,Koi Palace Express,,"4288 Dublin Blvd #120, Dublin, CA 94568",美式中餐,美式中餐/越南华人,普通话,Google 分类：Chinese restaurant; 无中文店名，美式中餐风格，弱推断
东湾,Dublin,,低,,Lulu's Kitchen,,"7465 Amador Valley Blvd, Dublin, CA 94568",中餐,其他中餐,普通话,Google 分类：Chinese restaurant; 简介：Casual cafe for classic Chinese fare; 无中文店名，仅泛称中餐，弱推断
东湾,Dublin,,低,,Mandarin Delight Dublin,,"4580 Dublin Blvd, Dublin, CA 94568",美式中餐,美式中餐/越南华人,普通话,Google 分类：Chinese restaurant; 无中文店名，美式中餐风格，弱推断
东湾,Dublin,,低,,Shangrila Chinese Cuisine,,"6568 Village Pkwy, Dublin, CA 94568",美式中餐,美式中餐/越南华人,普通话,Google 分类：Chinese restaurant; 无中文店名，美式中餐风格，弱推断
东湾,El Cerrito,,中,,Chef's Chinese Food,,"233 El Cerrito Plaza, El Cerrito, CA 94530",粤菜,粤菜/港式,普通话/粤语,Google 分类：Chinese restaurant / Cantonese restaurant; 简介：Simple spot for familiar fare; 无中文店名，按地区菜系推断
东湾,El Cerrito,,中,,Little Hong Kong,,"10443 San Pablo Ave, El Cerrito, CA 94530",粤菜,粤菜/港式,普通话/粤语,Google 分类：Chinese restaurant; 简介：Stalwart spot for classic Chinese meals; 无中文店名，按地区菜系推断
东湾,El Cerrito,,中,,New Dumpling,,"10064 San Pablo Ave, El Cerrito, CA 94530",饺子,面食/饺子,普通话,Google 分类：Dumpling restaurant; 简介：Tiny go-to for dumplings & salads; 无中文店名，按地区菜系推断
东湾,El Cerrito,,中,,Noodles Fresh | El Cerrito CA Chinese Cuisine,,"10042 San Pablo Ave, El Cerrito, CA 94530",中式面馆,面食/饺子,普通话,Google 分类：Chinese noodle restaurant / Bar / Chicken restaurant; 简介：Stylish cafe with classic Asian dishes; 无中文店名，按地区菜系推断
东湾,El Cerrito,,中,,Tasty Sichuan,,"10675 San Pablo Ave, El Cerrito, CA 94530",川菜,川湘/西南,普通话,Google 分类：Restaurant / Sichuan restaurant; 无中文店名，按地区菜系推断
东湾,El Cerrito,,中,,Uncle Wong's,,"11760 San Pablo Ave C, El Cerrito, CA 94530",粤菜/北方菜,粤菜/港式,普通话/粤语,Google 分类：Chinese restaurant / Cantonese restaurant / Mandarin restaurant; 简介：Casual spot for Sichuan & Cantonese fare; 无中文店名，按地区菜系推断
东湾,El Cerrito,,低,,Happy Garden,,"11265 San Pablo Ave, El Cerrito, CA 94530",美式中餐,美式中餐/越南华人,普通话,Google 分类：Chinese restaurant; 无中文店名，美式中餐风格，弱推断
东湾,El Sobrante,,低,,Chef's Chinese Food,,"3741 San Pablo Dam Rd C, El Sobrante, CA 94803",美式中餐,美式中餐/越南华人,普通话,Google 分类：Chinese restaurant; 无中文店名，美式中餐风格，弱推断
东湾,El Sobrante,,低,,China Kitchen,,"4247 Appian Way, El Sobrante, CA 94803",美式中餐,美式中餐/越南华人,普通话,Google 分类：Chinese restaurant; 无中文店名，美式中餐风格，弱推断
东湾,Emeryville,,高,,东海酒家,东海酒家,"3199 Powell St, Emeryville, CA 94608",粤式点心/海鲜,粤菜/港式,普通话/粤语,Google 地图店名含中文「东海酒家」; Google 分类：Chinese restaurant
东湾,Emeryville,,中,,Good To Eat,,"1298 65th St #1, Emeryville, CA 94608",台湾菜,台湾菜,普通话,Google 分类：Taiwanese restaurant / Modern izakaya restaurant / Small plates restaurant; 无中文店名，按地区菜系推断
东湾,Emeryville,,中,,Hong Kong East Ocean Seafood Restaurant,,"3199 Powell St, Emeryville, CA 94608",粤式点心,粤菜/港式,普通话/粤语,Google 分类：Chinese restaurant / Dim sum restaurant / Seafood restaurant; 简介：Chinese seafood with water views; 无中文店名，按地区菜系推断
东湾,Emeryville,,中,,Mumu Hot Pot,,"5699 Bay St, Emeryville, CA 94608",火锅/涮涮锅,火锅/麻辣烫,普通话,Google 分类：Hot pot restaurant / Asian restaurant / Shabu-shabu restaurant; 无中文店名，按地区菜系推断
东湾,Fremont,,高,,A Sack of Potatoes,一袋馬鈴薯,"37100 Fremont Blvd Ste 3C, Fremont, CA 94536",中餐,其他中餐,普通话,Google 地图店名含中文「一袋馬鈴薯」; Google 分类：Chinese restaurant / Cafe / Asian fusion restaurant
东湾,Fremont,,高,,Always Cool BBQ,四姐走街串巷,"6008 Stevenson Blvd, Fremont, CA 94538",中餐,其他中餐,普通话,Google 地图店名含中文「四姐走街串巷」; Google 分类：Barbecue restaurant / Restaurant
东湾,Fremont,,高,,Bun Bun Chinese Food,天惠居,"39933 Mission Blvd, Fremont, CA 94539",美式中餐,美式中餐/越南华人,普通话,Google 地图店名含中文「天惠居」; Google 分类：Chinese restaurant
东湾,Fremont,,高,,Cafe Mei,美而美,"43761 Boscell Rd #5125, Fremont, CA 94538",台湾菜,台湾菜,普通话,Google 地图店名含中文「美而美」; Google 分类：Taiwanese restaurant / Breakfast restaurant / Cafe
东湾,Fremont,,高,,Chengdu Memory Hotpot,蓉城老火锅,"2090 Warm Springs Ct STE100, Fremont, CA 94539",火锅,火锅/麻辣烫,普通话,Google 地图店名含中文「蓉城老火锅」; Google 分类：Restaurant / Hot pot restaurant
东湾,Fremont,,高,,ChongQing Xiao Mian,饿了嘛四川菜,"34420 Fremont Blvd, Fremont, CA 94555",川菜,川湘/西南,普通话,Google 地图中文版显示中文店名「饿了嘛四川菜」（商家自行登记）; Google 分类：Chinese restaurant / Sichuan restaurant
东湾,Fremont,,高,,Happiness Hot Pot,囍火锅,"37140 Fremont Blvd A, Fremont, CA 94536",火锅,火锅/麻辣烫,普通话,Google 地图店名含中文「囍火锅」; Google 分类：Hot pot restaurant
东湾,Fremont,,高,,Home Eat - Fremont,汉家宴,"46573 Mission Blvd, Fremont, CA 94539",中餐,其他中餐,普通话,Google 地图店名含中文「汉家宴」; Google 分类：Chinese restaurant
东湾,Fremont,,高,,I Shanghai Delight,阿拉上海,"6016 Stevenson Blvd, Fremont, CA 94538",上海菜/饺子,北方/东北/江浙,普通话,Google 地图中文版显示中文店名「阿拉上海」（商家自行登记）; Google 分类：Shanghainese restaurant / Dumpling restaurant; 简介：Counter service Chinese restaurant
东湾,Fremont,,高,,Julie's Noodle,朱记重庆小面,"46164 Warm Springs Blvd #274, Fremont, CA 94539",中式面馆/川菜,川湘/西南,普通话,Google 地图中文版显示中文店名「朱记重庆小面」（商家自行登记）; Google 分类：Chinese noodle restaurant / Asian restaurant / Chinese restaurant
东湾,Fremont,,高,,Meet Rice Noodle,蒙自源米线大王,"46260 Warm Springs Blvd Unit 545, Fremont, CA 94539",云南米线,川湘/西南,普通话,Google 地图店名含中文「蒙自源米线大王」; Google 分类：Restaurant
东湾,Fremont,,高,,MUTANKE | Sweet Garden,慕碳客,"39473 Fremont Blvd, Fremont, CA 94538",中餐,其他中餐,普通话,Google 地图中文版显示中文店名「慕碳客」（商家自行登记）; Google 分类：Chinese restaurant / Asian fusion restaurant / Barbecue restaurant
东湾,Fremont,,高,,Old Street Chengpan Malatang,老街称盘麻辣烫,"6080 Stevenson Blvd, Fremont, CA 94538",火锅,火锅/麻辣烫,普通话,Google 地图店名含中文「老街称盘麻辣烫」; Google 分类：Chinese restaurant
东湾,Fremont,,高,,Ping's Bistro Fremont,留湘,"34145 Fremont Blvd, Fremont, CA 94555",湘菜,川湘/西南,普通话,Google 地图中文版显示中文店名「留湘」（商家自行登记）; Google 分类：Chinese restaurant / Restaurant; 简介：Straightforward Hunan & Asian dishes
东湾,Fremont,,高,,Special Noodle,四姐,"6004 Stevenson Blvd, Fremont, CA 94538",中式面馆,面食/饺子,普通话,Google 地图店名含中文「四姐」; Google 分类：Chinese noodle restaurant
东湾,Fremont,,高,,Taipei Station,台北棧,"47954 Warm Springs Blvd, Fremont, CA 94539",台湾菜,台湾菜,普通话,Google 地图店名含中文「台北棧」; Google 分类：Taiwanese restaurant
东湾,Fremont,,高,,Taiwan Porridge | Fremont,小劉清粥,"34137 Fremont Blvd, Fremont, CA 94555",台湾菜,台湾菜,普通话,Google 地图店名含中文「小劉清粥」; Google 分类：Taiwanese restaurant
东湾,Fremont,,高,,XIFU HOTPOT,喜福火锅,"43829 Boscell Rd, Fremont, CA 94538",火锅/涮涮锅,火锅/麻辣烫,普通话,Google 地图店名含中文「喜福火锅」; Google 分类：Hot pot restaurant / Asian restaurant / Chinese restaurant
东湾,Fremont,,中,,A Plus HK Style Cafe,,"46260 Warm Springs Blvd, Fremont, CA 94539",港式茶餐厅,粤菜/港式,普通话/粤语,Google 分类：Cha chaan teng (Hong Kong-style cafe) / Cafe / Chinese restaurant; 简介：Laid-back restaurant for Asian cuisine; 无中文店名，按地区菜系推断
东湾,Fremont,,中,,B K's Bistro,,"3113 Stevenson Blvd, Fremont, CA 94538",粤式点心/饺子,粤菜/港式,普通话/粤语,Google 分类：Chinese restaurant / Cantonese restaurant / Dim sum restaurant; 简介：Eatery specializing in Chinese dim sum; 无中文店名，按地区菜系推断
东湾,Fremont,,中,,Bing's Dumplings,,"34360 Fremont Blvd, Fremont, CA 94555",饺子,面食/饺子,普通话,Google 分类：Dumpling restaurant; 简介：Quick service dumpling restaurant; 无中文店名，按地区菜系推断
东湾,Fremont,,中,,Boiling Point,,"46807 Warm Springs Blvd, Fremont, CA 94539",火锅/台湾菜,火锅/麻辣烫,普通话,"Google 分类：Hot pot restaurant / Asian restaurant / Bubble tea store; 简介：Casual, stylish spot for Pan-Asian soups; 无中文店名，按地区菜系推断"
东湾,Fremont,,中,,Din Ding Dumpling House Fremont,,"3768 J Capitol Ave, Fremont, CA 94538",中式面馆/饺子,面食/饺子,普通话,Google 分类：Chinese restaurant / Asian restaurant / Chinese noodle restaurant; 无中文店名，按地区菜系推断
东湾,Fremont,,中,,Fu Lam Moon Restaurant,,"40460 Albrae St, Fremont, CA 94538",粤式点心,粤菜/港式,普通话/粤语,Google 分类：Cantonese restaurant / Dim sum restaurant; 简介：Casual nook for Cantonese fare & dim sum; 无中文店名，按地区菜系推断
东湾,Fremont,,中,,Full House Dumpling,,"6092 Stevenson Blvd, Fremont, CA 94538",台湾菜/饺子,台湾菜,普通话,Google 分类：Taiwanese restaurant / Dumpling restaurant; 无中文店名，按地区菜系推断
东湾,Fremont,,中,,Gourmet House,,"46875 Warm Springs Blvd, Fremont, CA 94539",粤菜,粤菜/港式,普通话/粤语,Google 分类：Chinese restaurant / Cantonese restaurant; 无中文店名，按地区菜系推断
东湾,Fremont,,中,,Haidilao Hot Pot Fremont City,,"43349 Boscell Rd, Fremont, CA 94538",火锅/涮涮锅,火锅/麻辣烫,普通话,Google 分类：Hot pot restaurant / Asian restaurant / Chinese restaurant; 无中文店名，按地区菜系推断
东湾,Fremont,,中,,Joyful Dim Sum Bistro,,"129 Anza St, Fremont, CA 94539",粤式点心,粤菜/港式,普通话/粤语,Google 分类：Dim sum restaurant / Chinese restaurant / Seafood restaurant; 无中文店名，按地区菜系推断
东湾,Fremont,,中,,Kung Fu Dim Sum,,"4370 Thornton Ave, Fremont, CA 94536",粤式点心,粤菜/港式,普通话/粤语,Google 分类：Dim sum restaurant; 无中文店名，按地区菜系推断
东湾,Fremont,,中,,Little Taipei Café,,"46897 Warm Springs Blvd, Fremont, CA 94539",台湾菜,台湾菜,普通话,Google 分类：Taiwanese restaurant / Restaurant; 无中文店名，按地区菜系推断
东湾,Fremont,,中,,M Dumpling,,"47001 Warm Springs Blvd, Fremont, CA 94539",饺子,面食/饺子,普通话,Google 分类：Chinese restaurant / Dumpling restaurant; 无中文店名，按地区菜系推断
东湾,Fremont,,中,,Milk & Honey Cafe,,"34265 Fremont Blvd, Fremont, CA 94555",台湾菜/火锅,火锅/麻辣烫,普通话,Google 分类：Taiwanese restaurant / Asian fusion restaurant / Bubble tea store; 简介：Homey setting for Taiwanese cuisine; 无中文店名，按地区菜系推断
东湾,Fremont,,中,,One Piece Lamian,,"34123 Fremont Blvd, Fremont, CA 94555",中式面馆,面食/饺子,普通话,Google 分类：Chinese noodle restaurant; 无中文店名，按地区菜系推断
东湾,Fremont,,中,,Ox 9 Lanzhou Handpulled Noodles,,"36456 Fremont Blvd, Fremont, CA 94536",中式面馆,面食/饺子,普通话,Google 分类：Chinese restaurant / Restaurant; 无中文店名，按地区菜系推断
东湾,Fremont,,中,,Shanghai Flavor,,"46132 Warm Springs Blvd, Fremont, CA 94539",上海菜,北方/东北/江浙,普通话,Google 分类：Shanghainese restaurant / Chinese restaurant / Restaurant; 简介：Low-key eatery for familiar Chinese fare; 无中文店名，按地区菜系推断
东湾,Fremont,,中,,Shanghai Noodle House,,"40575 Fremont Blvd, Fremont, CA 94538",上海菜/中式面馆,北方/东北/江浙,普通话,Google 分类：Shanghainese restaurant / Chinese noodle restaurant / Chinese restaurant; 无中文店名，按地区菜系推断
东湾,Fremont,,中,,Shihlin Taiwan Street Snacks,,"46551 Mission Blvd Ste 105, Fremont, CA 94539",台湾菜,台湾菜,普通话,Google 分类：Taiwanese restaurant / Asian restaurant; 无中文店名，按地区菜系推断
东湾,Fremont,,中,,Tai Pan Dim Sum,,"39486 Fremont Blvd, Fremont, CA 94538",粤式点心,粤菜/港式,普通话/粤语,Google 分类：Dim sum restaurant / Barbecue restaurant / Cantonese restaurant; 无中文店名，按地区菜系推断
东湾,Fremont,,中,,Teo Chow Noodle Shack,,"4165 Cushing Pkwy, Fremont, CA 94538",中式面馆,面食/饺子,普通话,Google 分类：Chinese restaurant / Asian restaurant / Chinese noodle restaurant; 简介：Informal Chinese soup & stir-fry joint; 无中文店名，按地区菜系推断
东湾,Fremont,,中,,Zhang Fei Hotpot,,"43844 Pacific Commons Blvd, Fremont, CA 94538",火锅,火锅/麻辣烫,普通话,Google 分类：Hot pot restaurant / Buffet restaurant / Chinese restaurant; 无中文店名，按地区菜系推断
东湾,Fremont,,低,,China Station,,"3880 Lake Arrowhead Ave, Fremont, CA 94555",中餐,其他中餐,普通话,Google 分类：Chinese restaurant; 简介：Strip-mall standby for Chinese chow; 无中文店名，仅泛称中餐，弱推断
东湾,Fremont,,低,,Eastern Winds Chinese Restaurant,,"40723 Grimmer Blvd, Fremont, CA 94538",美式中餐,美式中餐/越南华人,普通话,Google 分类：Chinese restaurant / Delivery Restaurant; 简介：No-frills storefront for standard eats; 无中文店名，美式中餐风格，弱推断
东湾,Fremont,,低,,EE Home Cooking,,"43689 Mission Blvd, Fremont, CA 94539",中餐,其他中餐,普通话,Google 分类：Chinese restaurant; 无中文店名，仅泛称中餐，弱推断
东湾,Fremont,,低,,Fortune Cookie Chinese Food,,"38509 Fremont Blvd, Fremont, CA 94536",美式中餐,美式中餐/越南华人,普通话,Google 分类：Chinese restaurant / Asian restaurant / Delivery Restaurant; 简介：Chinese standards in a pared-down shop; 无中文店名，美式中餐风格，弱推断
东湾,Fremont,,低,,Garam Mirchi- Pure Veg Rajasthani & Indo Chinese Restaurant,,"41063 Fremont Blvd, Fremont, CA 94538",美式中餐,美式中餐/越南华人,普通话,Google 分类：Chinese restaurant / Asian fusion restaurant / Indian restaurant; 无中文店名，美式中餐风格，弱推断
东湾,Fremont,,低,,General Pot,,"43767 Boscell Rd, Fremont, CA 94538",中餐,其他中餐,普通话,Google 分类：Chinese restaurant; 简介：Mellow spot for Chinese fare & dry pots; 无中文店名，仅泛称中餐，弱推断
东湾,Fremont,,低,,Joyful Hainan Chicken &Bento,,"43486 Ellsworth St, Fremont, CA 94539",中餐,其他中餐,普通话,Google 分类：Chinese restaurant; 无中文店名，仅泛称中餐，弱推断
东湾,Fremont,,低,,Local Bistro,,"43683 Boscell Rd, Fremont, CA 94538",中餐,其他中餐,普通话,Google 分类：Chinese restaurant / Bar / Asian fusion restaurant; 无中文店名，仅泛称中餐，弱推断
东湾,Fremont,,低,,Momo Cook truck,,"40967 Fremont Blvd, Fremont, CA 94538",中餐,其他中餐,普通话,Google 分类：Chinese restaurant / Asian fusion restaurant / Momo restaurant; 无中文店名，仅泛称中餐，弱推断
东湾,Fremont,,低,,Northwest China Cuisine,,"6096 Stevenson Blvd, Fremont, CA 94538",中餐,其他中餐,普通话,Google 分类：Chinese restaurant; 无中文店名，仅泛称中餐，弱推断
东湾,Fremont,,低,,Pearl Bay,,"43635 Boscell Rd, Fremont, CA 94538",中餐,其他中餐,普通话,Google 分类：Chinese restaurant; 无中文店名，仅泛称中餐，弱推断
东湾,Fremont,,低,,Ping's Bistro,,"2090 Warm Springs Ct Ste 140, Fremont, CA 94539",中餐,其他中餐,普通话,Google 分类：Chinese restaurant; 无中文店名，仅泛称中餐，弱推断
东湾,Fremont,,低,,Red Hot Chilli Pepper Fremont,,"43321 Boscell Rd, Fremont, CA 94538",中餐,其他中餐,普通话,Google 分类：Chinese restaurant / Asian fusion restaurant / Indian restaurant; 无中文店名，仅泛称中餐，弱推断
东湾,Fremont,,低,,YOSHI EN HOUSE LLC,,"1980 Driscoll Rd, Fremont, CA 94539",中餐,其他中餐,普通话,Google 分类：Chinese restaurant; 无中文店名，仅泛称中餐，弱推断
东湾,Hayward,,高,,Elite Dumpling,飄香水餃,"24036 Hesperian Blvd, Hayward, CA 94545",饺子/粤式点心,粤菜/港式,普通话/粤语,Google 地图中文版显示中文店名「飄香水餃」（商家自行登记）; Google 分类：Chinese restaurant / Dumpling restaurant / Dim sum restaurant
东湾,Hayward,,高,,MITK Taiwanese Kitchen,阿美廚房,"1655 Whipple Rd, Hayward, CA 94544",台湾菜,台湾菜,普通话,Google 地图店名含中文「阿美廚房」; Google 分类：Taiwanese restaurant / Takeout Restaurant
东湾,Hayward,,高,,Tasty Szechuan,川味鲜,"766 A St, Hayward, CA 94541",川菜,川湘/西南,普通话,Google 地图中文版显示中文店名「川味鲜」（商家自行登记）; Google 分类：中餐馆
东湾,Hayward,,中,,Cai You Kee B.B.Q,,"18002 Hesperian Blvd, Hayward, CA 94545",粤菜,粤菜/港式,普通话/粤语,Google 分类：Barbecue restaurant / Cantonese restaurant; 无中文店名，按地区菜系推断
东湾,Hayward,,中,,Hong Kong Seafood Restaurant | Chinese,,"661 W Tennyson Rd, Hayward, CA 94544",粤菜,粤菜/港式,普通话/粤语,Google 分类：Chinese restaurant / Cantonese restaurant; 简介：Veteran eatery for Chinese standards; 无中文店名，按地区菜系推断
东湾,Hayward,,中,,Tin's Teapot Bistro,,"320 Jackson St, Hayward, CA 94544",中式面馆/粤式点心,粤菜/港式,普通话/粤语,Google 分类：Chinese restaurant / Asian restaurant / Caterer; 简介：Relaxed kitchen for classic Chinese fare; 无中文店名，按地区菜系推断
东湾,Hayward,,低,,A Wok,,"1025 A St, Hayward, CA 94541",美式中餐,美式中餐/越南华人,普通话,Google 分类：Chinese takeaway; 无中文店名，美式中餐风格，弱推断
东湾,Hayward,,低,,Asia Delight,,"26930 Hesperian Blvd, Hayward, CA 94545",中餐,其他中餐,普通话,Google 分类：Chinese restaurant / Asian fusion restaurant / Asian restaurant; 无中文店名，仅泛称中餐，弱推断
东湾,Hayward,,低,,Asia Delight Express,,"18444 Hesperian Blvd, Hayward, CA 94541",美式中餐,美式中餐/越南华人,普通话,Google 分类：Chinese restaurant; 无中文店名，美式中餐风格，弱推断
东湾,Hayward,,低,,Asian Wok Chinese Restaurant,,"24933 Santa Clara St #3, Hayward, CA 94544",美式中餐,美式中餐/越南华人,普通话,Google 分类：Chinese restaurant / Restaurant / Wok restaurant; 无中文店名，美式中餐风格，弱推断
东湾,Hayward,,低,,Chef Mak Express,,"390 W Tennyson Rd, Hayward, CA 94544",美式中餐,美式中餐/越南华人,普通话,Google 分类：Chinese restaurant; 无中文店名，美式中餐风格，弱推断
东湾,Hayward,,低,,Chef's Experience China Bistro,,"22436 Foothill Blvd, Hayward, CA 94541",美式中餐,美式中餐/越南华人,普通话,"Google 分类：Chinese restaurant; 简介：Full-menu, sit-down Chinese dining; 无中文店名，美式中餐风格，弱推断"
东湾,Hayward,,低,,China Best Restaurant,,"University Plaza, 26775 Hayward Blvd, Hayward, CA 94542",中餐,其他中餐,普通话,Google 分类：Chinese restaurant / Asian restaurant / Restaurant; 简介：Colorful strip-mall Chinese spot; 无中文店名，仅泛称中餐，弱推断
东湾,Hayward,,低,,China Cook,,"27320 Hesperian Blvd, Hayward, CA 94545",中餐,其他中餐,普通话,Google 分类：Chinese restaurant; 无中文店名，仅泛称中餐，弱推断
东湾,Hayward,,低,,China Kitchen of Hayward | Chinese • East Asian,,"392 A St, Hayward, CA 94541",美式中餐,美式中餐/越南华人,普通话,Google 分类：Chinese restaurant; 无中文店名，美式中餐风格，弱推断
东湾,Hayward,,低,,Egg Roll King | Chinese,,"22624 Vermont St, Hayward, CA 94541",中餐,其他中餐,普通话,Google 分类：Chinese restaurant / Southeast Asian restaurant; 简介：No-frills space for Chinese standards; 无中文店名，仅泛称中餐，弱推断
东湾,Hayward,,低,,Frannie Express,,"390 W Tennyson Rd, Hayward, CA 94544",美式中餐,美式中餐/越南华人,普通话,Google 分类：Chinese restaurant / Fast food restaurant / Restaurant; 无中文店名，美式中餐风格，弱推断
东湾,Hayward,,低,,Frannie Express - Chinese Food,,"26147 Mission Blvd, Hayward, CA 94544",美式中餐,美式中餐/越南华人,普通话,Google 分类：Chinese restaurant; 无中文店名，美式中餐风格，弱推断
东湾,Hayward,,低,,Frannie's Restaurant | Chinese,,"219 Harder Rd, Hayward, CA 94544",中餐,其他中餐,普通话,Google 分类：Chinese restaurant; 无中文店名，仅泛称中餐，弱推断
东湾,Hayward,,低,,Great River Chinese Restaurant hayward CA foothill,,"22218 Foothill Blvd #2711, Hayward, CA 94541",美式中餐,美式中餐/越南华人,普通话,Google 分类：Chinese restaurant / Asian restaurant; 简介：Chinese standards in a low-key space; 无中文店名，美式中餐风格，弱推断
东湾,Hayward,,低,,House Cafe,,"24036 Hesperian Blvd, Hayward, CA 94545",中餐,其他中餐,普通话,Google 分类：Chinese restaurant; 无中文店名，仅泛称中餐，弱推断
东湾,Hayward,,低,,Sunflower Chinese Halal & Catering,,"1213 A St, Hayward, CA 94541",中餐,其他中餐,普通话,Google 分类：Chinese restaurant / Gluten-free restaurant / Takeout Restaurant; 无中文店名，仅泛称中餐，弱推断
东湾,Hayward,,低,,Tin Fu Chinese Restaurant,,"448 W Harder Rd, Hayward, CA 94544",美式中餐,美式中餐/越南华人,普通话,Google 分类：Chinese restaurant; 简介：Simple spot for basic Chinese eats; 无中文店名，美式中餐风格，弱推断
东湾,Hayward,,低,,Umami Express,,"1025 A St, Hayward, CA 94541",美式中餐,美式中餐/越南华人,普通话,Google 分类：Chinese restaurant / Box lunch supplier / Catering food and drink supplier; 无中文店名，美式中餐风格，弱推断
东湾,Hayward,,低,,Veggie Lee Restaurant,,"1169 W A St, Hayward, CA 94541",中餐,其他中餐,普通话,Google 分类：Chinese restaurant / Vegan restaurant / Vegetarian restaurant; 简介：Vegetarian & vegan Chinese dining; 无中文店名，仅泛称中餐，弱推断
东湾,Hayward,,低,,Yummy,,"1160 W Tennyson Rd, Hayward, CA 94544",中餐,其他中餐,普通话,Google 分类：Chinese restaurant; 无中文店名，仅泛称中餐，弱推断
东湾,Hercules,,低,,Dragon Terrace,,"1581 Sycamore Ave, Hercules, CA 94547",美式中餐,美式中餐/越南华人,普通话,Google 分类：Chinese restaurant; 简介：Simple eatery offering Chinese standards; 无中文店名，美式中餐风格，弱推断
东湾,Hercules,,低,,Willow Garden,,"844 Willow Ave a8, Hercules, CA 94547",中餐,其他中餐,普通话,Google 分类：Chinese restaurant; 无中文店名，仅泛称中餐，弱推断
东湾,Lafayette,,低,,Great Wall Restaurant,,"3500 Golden Gate Way, Lafayette, CA 94549",美式中餐,美式中餐/越南华人,普通话,"Google 分类：Chinese restaurant; 简介：Chinese fare in a casual, open space; 无中文店名，美式中餐风格，弱推断"
东湾,Lafayette,,低,,Uncle Yu's,,"999 Oak Hill Rd, Lafayette, CA 94549",中餐,其他中餐,普通话,Google 分类：Chinese restaurant; 简介：Tasteful traditional Chinese restaurant; 无中文店名，仅泛称中餐，弱推断
东湾,Livermore,,中,,Canton Village,,"1070 E Stanley Blvd, Livermore, CA 94550",粤菜,粤菜/港式,普通话/粤语,Google 分类：Chinese restaurant / Chinese takeaway; 无中文店名，按地区菜系推断
东湾,Livermore,,中,,Dumpling Haus,,"3424 Livermore Outlets Dr, Livermore, CA 94551",饺子,面食/饺子,普通话,Google 分类：Chinese restaurant; 无中文店名，按地区菜系推断
东湾,Livermore,,中,,Li Cha Tea (T4 Livermore),,"4010 East Ave, Livermore, CA 94550",台湾菜,台湾菜,普通话,Google 分类：Chinese restaurant / Asian restaurant / Bubble tea store; 无中文店名，按地区菜系推断
东湾,Livermore,,中,,LT Hot Pot,,"2256 Las Positas Rd, Livermore, CA 94551",火锅,火锅/麻辣烫,普通话,Google 分类：Restaurant / Hot pot restaurant; 无中文店名，按地区菜系推断
东湾,Livermore,,中,,Yin Yin Restaurant,,"2083 First St, Livermore, CA 94550",川菜,川湘/西南,普通话,Google 分类：Chinese restaurant / Asian restaurant / Seafood restaurant; 简介：Casual spot for Sichuan & Hunan cuisine; 无中文店名，按地区菜系推断
东湾,Livermore,,低,,China Garden Restaurant,,"1536 Railroad Ave, Livermore, CA 94550",美式中餐,美式中餐/越南华人,普通话,Google 分类：Chinese restaurant / Restaurant; 简介：Chinese cuisine in a mellow atmosphere; 无中文店名，美式中餐风格，弱推断
东湾,Livermore,,低,,Ming's Garden,,"136 S Vasco Rd, Livermore, CA 94551",中餐,其他中餐,普通话,Google 分类：Chinese restaurant / Restaurant; 简介：Cozy go-to for Chinese standards; 无中文店名，仅泛称中餐，弱推断
东湾,Livermore,,低,,Resunga Momo and Curry,,"3787 First St, Livermore, CA 94551",中餐,其他中餐,普通话,Google 分类：Chinese restaurant / Indian restaurant / Fast food restaurant; 无中文店名，仅泛称中餐，弱推断
东湾,Livermore,,低,,Uncle Yu's at the Vineyard,,"39 S Livermore Ave #125, Livermore, CA 94550",中餐,其他中餐,普通话,Google 分类：Chinese restaurant; 简介：Elevated Asian dining with wine pairings; 无中文店名，仅泛称中餐，弱推断
东湾,Livermore,,低,,Viet Noms - Vietnamese Restaurant,,"1100 E Stanley Blvd, Livermore, CA 94550",中餐,其他中餐,普通话,Google 分类：Chinese restaurant / Asian fusion restaurant / Asian restaurant; 无中文店名，仅泛称中餐，弱推断
东湾,Livermore,,低,,Wok A Holic,,"Livermore Outlets Dr, Livermore, CA 94551",美式中餐,美式中餐/越南华人,普通话,Google 分类：Chinese restaurant; 无中文店名，美式中餐风格，弱推断
东湾,Martinez,,高,,Aberdeen Cafe,香港仔,"719 Main St, Martinez, CA 94553",粤菜,粤菜/港式,普通话/粤语,Google 地图店名含中文「香港仔」; Google 分类：Chinese restaurant
东湾,Martinez,,低,,Bamboo Garden Restaurant,,"1155 Arnold Dr, Martinez, CA 94553",美式中餐,美式中餐/越南华人,普通话,Google 分类：Chinese restaurant; 无中文店名，美式中餐风格，弱推断
东湾,Martinez,,低,,Sunflower Garden | Restaurant & Bar,,"436 Ferry St, Martinez, CA 94553",中餐,其他中餐,普通话,Google 分类：Chinese restaurant / Asian restaurant / Bar; 简介：Chinese dishes in an unpretentious space; 无中文店名，仅泛称中餐，弱推断
东湾,Moraga,,中,,Chef Chao Restaurant,,"343 Rheem Blvd, Moraga, CA 94556",川菜,川湘/西南,普通话,Google 分类：Chinese restaurant; 简介：Sichuan & Mandarin fare in relaxed spot; 无中文店名，按地区菜系推断
东湾,Moraga,,低,,China Moon,,"380 Park St, Moraga, CA 94556",中餐,其他中餐,普通话,Google 分类：Chinese restaurant / Restaurant; 简介：Casual Chinese eats in courtyard locale; 无中文店名，仅泛称中餐，弱推断
东湾,Moraga,,低,,Golden Palace Restaurant,,"581 Moraga Rd, Moraga, CA 94556",美式中餐,美式中餐/越南华人,普通话,Google 分类：Chinese restaurant / Asian restaurant / Japanese restaurant; 无中文店名，美式中餐风格，弱推断
东湾,Newark,,高,,Chef Cho,六合夜市,"6180 Jarvis Ave Ste c, Newark, CA 94560",台湾菜,台湾菜,普通话,Google 地图店名含中文「六合夜市」; Google 分类：Taiwanese restaurant
东湾,Newark,,高,,Chong Qing Noodle,表姐重庆面馆,"39229 Cedar Blvd, Newark, CA 94560",川菜,川湘/西南,普通话,Google 地图店名含中文「表姐重庆面馆」; Google 分类：Asian restaurant
东湾,Newark,,高,,Chuan Xiang Spicy Cuisine,川湘阁,"6092 Mowry Ave, Newark, CA 94560",川菜,川湘/西南,普通话,Google 地图店名含中文「川湘阁」; Google 分类：中餐馆
东湾,Newark,,高,,Cousin Cafe,表哥茶餐厅,"39193 Cedar Blvd, Newark, CA 94560",港式茶餐厅,粤菜/港式,普通话/粤语,Google 地图中文版显示中文店名「表哥茶餐厅」（商家自行登记）; Google 分类：Chinese restaurant / Breakfast restaurant / Restaurant; 简介：Chinese eatery with happy-hour specials
东湾,Newark,,高,,Hanson's Pastry Since 2011 - Newark,老宅门面食坊,"35201 Newark Blvd Ste b, Newark, CA 94560",粤式点心/饺子,粤菜/港式,普通话/粤语,Google 地图店名含中文「老宅门面食坊」; Google 分类：Bakery / Asian restaurant / Breakfast restaurant
东湾,Newark,,高,,Hu Din Ji Shanghai Bistro,李一季生煎館,"39169 Cedar Blvd, Newark, CA 94560",上海菜,北方/东北/江浙,普通话,Google 地图中文版显示中文店名「李一季生煎館」（商家自行登记）; Google 分类：Shanghainese restaurant
东湾,Newark,,高,,Little Sheep,小肥羊,"2016 Newpark Mall Rd, Newark, CA 94560",火锅,火锅/麻辣烫,普通话,Google 地图店名含中文「小肥羊」; Google 分类：Chinese restaurant / Restaurant / Hot pot restaurant
东湾,Newark,,高,,Little Sichuan Restaurant,小四川,"35233 Newark Blvd, Newark, CA 94560",川菜,川湘/西南,普通话,Google 地图中文版显示中文店名「小四川」（商家自行登记）; Google 分类：Sichuan restaurant / Restaurant
东湾,Newark,,高,,Long Men Bay Hotpot,龙门湾,"39055 Cedar Blvd #189, Newark, CA 94560",火锅,火锅/麻辣烫,普通话,Google 地图店名含中文「龙门湾」; Google 分类：Hot pot restaurant / Chinese restaurant
东湾,Newark,,高,,New HuiJi,新徽记下饭菜,"39135 Cedar Blvd, Newark, CA 94560",中餐,其他中餐,普通话,Google 地图店名含中文「新徽记下饭菜」; Google 分类：Chinese restaurant
东湾,Newark,,高,,Sichuan Bistro,蜀聚小馆,"5492 Central Ave, Newark, CA 94560",川菜,川湘/西南,普通话,Google 地图中文版显示中文店名「蜀聚小馆」（商家自行登记）; Google 分类：Chinese restaurant
东湾,Newark,,高,,Special Noodle,四姐,"6180 Jarvis Ave Ste U, Newark, CA 94560",中式面馆/粤式点心,粤菜/港式,普通话/粤语,Google 地图店名含中文「四姐」; Google 分类：中国面馆 / 中餐馆 / 中式点心餐馆
东湾,Newark,,高,,Spicy Kitchen,重庆老贾厨房,"35201-a Newark Blvd, Newark, CA 94560",川菜,川湘/西南,普通话,Google 地图店名含中文「重庆老贾厨房」; Google 分类：Chinese restaurant
东湾,Newark,,高,,ZSX Szechuan Rice Noodle,曾三仙米线,"6180 Jarvis Ave Ste b, Newark, CA 94560",中式面馆,面食/饺子,普通话,Google 地图中文版显示中文店名「曾三仙米线」（商家自行登记）; Google 分类：Chinese noodle restaurant
东湾,Newark,,中,,Fairwood Cafe,,"35204 Newark Blvd, Newark, CA 94560",港式快餐,粤菜/港式,普通话/粤语,Google 分类：Hong Kong style fast food restaurant / Asian restaurant / Breakfast restaurant; 无中文店名，按地区菜系推断
东湾,Newark,,中,,New China Station BBQ Restaurant,,"39055 Cedar Blvd, Newark, CA 94560",粤菜,粤菜/港式,普通话/粤语,Google 分类：Barbecue restaurant / Cantonese restaurant; 无中文店名，按地区菜系推断
东湾,Newark,,中,,New Hwong Kok,,"39055 Cedar Blvd #186, Newark, CA 94560",粤式点心,粤菜/港式,普通话/粤语,Google 分类：Chinese restaurant / Dim sum restaurant; 无中文店名，按地区菜系推断
东湾,Newark,,中,,New Venus hk cafe Newark,,"6267 Jarvis Ave, Newark, CA 94560",港式茶餐厅/港式快餐,粤菜/港式,普通话/粤语,"Google 分类：Cha chaan teng (Hong Kong-style cafe) / Chinese restaurant / Coffee store; 简介：Tiny, colorful digs & Hong Kong eats; 无中文店名，按地区菜系推断"
东湾,Newark,,中,,Tasty Pot - Newark,,"34909 Newark Blvd, Newark, CA 94560",火锅/台湾菜,火锅/麻辣烫,普通话,Google 分类：Hot pot restaurant / Bubble tea store / Restaurant; 无中文店名，按地区菜系推断
东湾,Newark,,低,,Ace King Bbq,,"6062 Mowry Ave, Newark, CA 94560",中餐,其他中餐,普通话,Google 分类：Chinese restaurant / Barbecue restaurant / Tea store; 简介：Simple counter-serve for Chinese BBQ; 无中文店名，仅泛称中餐，弱推断
东湾,Newark,,低,,Asia express,,"5672 Thornton Ave, Newark, CA 94560",美式中餐,美式中餐/越南华人,普通话,Google 分类：Chinese restaurant; 无中文店名，美式中餐风格，弱推断
东湾,Newark,,低,,Chinese Deli,,"Newark Blvd, Newark, CA 94560",中餐,其他中餐,普通话,Google 分类：Chinese restaurant / Restaurant; 无中文店名，仅泛称中餐，弱推断
东湾,Newark,,低,,Cloudland Rice Noodle,,"39185 Cedar Blvd, Newark, CA 94560",中餐,其他中餐,普通话,Google 分类：Chinese restaurant / Restaurant; 无中文店名，仅泛称中餐，弱推断
东湾,Newark,,低,,Good Neighbor Restaurant,,"35122 Newark Blvd, Newark, CA 94560",中餐,其他中餐,普通话,Google 分类：Chinese restaurant; 无中文店名，仅泛称中餐，弱推断
东湾,Newark,,低,,Ming Kee,,"39119 Cedar Blvd, Newark, CA 94560",中餐,其他中餐,普通话,Google 分类：Chinese restaurant; 无中文店名，仅泛称中餐，弱推断
东湾,Newark,,低,,New Ocean Restaurant,,"7179 Thornton Ave, Newark, CA 94560",中餐,其他中餐,普通话,Google 分类：Chinese restaurant; 无中文店名，仅泛称中餐，弱推断
东湾,Newark,,低,,Tasty Chinese Restaurant,,"5576 Newpark Mall Rd, Newark, CA 94560",美式中餐,美式中餐/越南华人,普通话,Google 分类：Chinese restaurant / Asian restaurant / Takeout Restaurant; 简介：Chinese cuisine in simple environs; 无中文店名，美式中餐风格，弱推断
东湾,Oakland,,高,,5 Spiced Kitchen,百香上食,"6516 Moraga Ave, Oakland, CA 94611",饺子,面食/饺子,普通话,Google 地图店名含中文「百香上食」; Google 分类：Chinese restaurant / Cocktail bar / Dumpling restaurant
东湾,Oakland,,高,,Big Dish,新东亚点心烧腊店,"339 9th St, Oakland, CA 94607",粤式烧腊,粤菜/港式,普通话/粤语,Google 地图中文版显示中文店名「新东亚点心烧腊店」（商家自行登记）; Google 分类：Chinese restaurant
东湾,Oakland,,高,,C&M Bistro,金記小館,"388 9th St Apt 181, Oakland, CA 94607",中餐,其他中餐,普通话,Google 地图中文版显示中文店名「金記小館」（商家自行登记）; Google 分类：Chinese restaurant
东湾,Oakland,,高,,Dragon Gate Oakland,龍門客棧,"1 Franklin St, Oakland, CA 94607",台湾菜,台湾菜,普通话,Google 地图中文版显示中文店名「龍門客棧」（商家自行登记）; Google 分类：Chinese restaurant / Bar / Asian restaurant; 简介：Taiwanese street food & karaoke bar
东湾,Oakland,,高,,Fen Classic Guilin Rice Noodles,合味桂林米粉,"188 10th St, Oakland, CA 94607",中式面馆,面食/饺子,普通话,Google 地图中文版显示中文店名「合味桂林米粉」（商家自行登记）; Google 分类：Chinese noodle restaurant / Noodle shop; 简介：Casual spot for Chinese noodle soups
东湾,Oakland,,高,,hay yue restaurant,喜粤居,"337 8th St, Oakland, CA 94607",粤菜,粤菜/港式,普通话/粤语,Google 地图中文版显示中文店名「喜粤居」（商家自行登记）; Google 分类：Chinese restaurant
东湾,Oakland,,高,,Huangcheng Noodle House,山西刀削面,"911 Washington St, Oakland, CA 94607",中式面馆,面食/饺子,普通话,Google 地图店名含中文「山西刀削面」; Google 分类：Chinese noodle restaurant / Asian fusion restaurant / Asian restaurant; 简介：Simple eatery serving soups & noodles
东湾,Oakland,,高,,KungFu Mala 쿵푸마라,功夫麻辣,"4419 Telegraph Ave, Oakland, CA 94609",火锅,火锅/麻辣烫,普通话,Google 地图店名含中文「功夫麻辣」; Google 分类：Chinese restaurant / Hot pot restaurant / Korean restaurant
东湾,Oakland,,高,,Laughing Buddha Vegetarian Bistro,福林素食,"3766 Piedmont Ave, Oakland, CA 94611",中餐,其他中餐,普通话,Google 地图店名含中文「福林素食」; Google 分类：Chinese restaurant
东湾,Oakland,,高,,Oakland,荣华鸡粉,"1221 E 12th St, Oakland, CA 94606",中餐,其他中餐,普通话,Google 地图店名含中文「荣华鸡粉」; Google 分类：Chinese restaurant
东湾,Oakland,,高,,Peony Seafood Restaurant,金牡丹海鲜茶寮,"388 9th St Apt 288, Oakland, CA 94607",粤式点心,粤菜/港式,普通话/粤语,Google 地图中文版显示中文店名「金牡丹海鲜茶寮」（商家自行登记）; Google 分类：Dim sum restaurant / Asian restaurant / Banquet hall; 简介：Busy hub for Cantonese eats & dim sum
东湾,Oakland,,高,,Spices 3,辣妹子,"370-372 12th St, Oakland, CA 94607",川菜,川湘/西南,普通话,Google 地图店名含中文「辣妹子」; Google 分类：Chinese restaurant / Asian restaurant / Sichuan restaurant; 简介：Chinese eatery with spicy specialties
东湾,Oakland,,高,,The hundred,易佰,"564 14th St A, Oakland, CA 94612",中餐,其他中餐,普通话,Google 地图店名含中文「易佰」; Google 分类：Chinese restaurant / Dessert shop / Fried chicken takeaway
东湾,Oakland,,中,,Dumpling Hours - Oakland,,"3331 Lakeshore Ave, Oakland, CA 94610",中式面馆/饺子,面食/饺子,普通话,Google 分类：Chinese restaurant / Chinese noodle restaurant / Asian restaurant; 无中文店名，按地区菜系推断
东湾,Oakland,,中,,Gum Wah,,"345 8th St, Oakland, CA 94607",粤菜,粤菜/港式,普通话/粤语,Google 分类：Chinese restaurant / Barbecue restaurant / Cantonese restaurant; 无中文店名，按地区菜系推断
东湾,Oakland,,中,,Hunan Village,,"3232 Grand Ave, Oakland, CA 94610",湘菜,川湘/西南,普通话,Google 分类：Chinese restaurant; 简介：Stalwart venue for classic Chinese meals; 无中文店名，按地区菜系推断
东湾,Oakland,,中,,Hunan Yuan,,"4100 Redwood Rd #11, Oakland, CA 94619",湘菜,川湘/西南,普通话,Google 分类：Chinese restaurant; 简介：Laid-back pick for familiar Chinese eats; 无中文店名，按地区菜系推断
东湾,Oakland,,中,,Imperial Soup,皇帝汤,"723 Webster St, Oakland, CA 94607",美式中餐,美式中餐/越南华人,普通话,Google 地图中文版显示中文店名「皇帝汤」（商家自行登记）; Google 分类：Chinese restaurant / Restaurant / Soup restaurant
东湾,Oakland,,中,,Kung Fu Dumlpings,,"564a 14th St, Oakland, CA 94612",饺子,面食/饺子,普通话,Google 分类：Dumpling restaurant; 无中文店名，按地区菜系推断
东湾,Oakland,,中,,Ming's Tasty,,"940 Webster St, Oakland, CA 94607",粤菜/饺子,粤菜/港式,普通话/粤语,Google 分类：Chinese restaurant / Asian fusion restaurant / Cantonese restaurant; 简介：Unassuming eatery for Chinese grub; 无中文店名，按地区菜系推断
东湾,Oakland,,中,,Mr Liu Noodle House,,"358 11th St, Oakland, CA 94607",中式面馆/川菜,川湘/西南,普通话,Google 分类：Chinese noodle restaurant / Chinese restaurant / Sichuan restaurant; 无中文店名，按地区菜系推断
东湾,Oakland,,中,,Qi Dumpling Lounge,,"3300 Grand Ave, Oakland, CA 94610",饺子,面食/饺子,普通话,Google 分类：Dumpling restaurant; 简介：Modern spot for homemade Chinese dishes; 无中文店名，按地区菜系推断
东湾,Oakland,,中,,Saint Anna Coffee Shop,,"326 8th St, Oakland, CA 94607",港式茶餐厅,粤菜/港式,普通话/粤语,Google 分类：Cha chaan teng (Hong Kong-style cafe) / Cafe / Chinese restaurant; 无中文店名，按地区菜系推断
东湾,Oakland,,中,,Shooting Star Cafe,,"1022 Webster St, Oakland, CA 94607",粤菜,粤菜/港式,普通话/粤语,Google 分类：Chinese restaurant / Asian fusion restaurant / Restaurant; 简介：Hong Kong-style hangout open late; 无中文店名，按地区菜系推断
东湾,Oakland,,中,,Spices Noodle House,,"369 12th St, Oakland, CA 94607",粤式点心,粤菜/港式,普通话/粤语,Google 分类：Chinese restaurant / Breakfast restaurant / Dim sum restaurant; 无中文店名，按地区菜系推断
东湾,Oakland,,中,,T4 Oakland,,"1068 Webster St, Oakland, CA 94607",台湾菜,台湾菜,普通话,Google 分类：Taiwanese restaurant / Bubble tea store / Tea house; 无中文店名，按地区菜系推断
东湾,Oakland,,中,,Tasty Szechuan,,"2811 Havenscourt Blvd, Oakland, CA 94605",川菜,川湘/西南,普通话,Google 分类：Chinese restaurant; 无中文店名，按地区菜系推断
东湾,Oakland,,中,,United Dumplings - Rockridge,,"6247 College Ave, Oakland, CA 94618",粤式点心/饺子,粤菜/港式,普通话/粤语,Google 分类：Chinese restaurant / Asian restaurant / Delivery Chinese restaurant; 无中文店名，按地区菜系推断
东湾,Oakland,,中,,Vien Huong Restaurant,,"712 Franklin St, Oakland, CA 94607",中式面馆,面食/饺子,普通话,Google 分类：Chinese restaurant / Chinese noodle restaurant / Vietnamese restaurant; 无中文店名，按地区菜系推断
东湾,Oakland,,中,,Yummy Dim Sum,,"307 10th St, Oakland, CA 94607",粤式点心,粤菜/港式,普通话/粤语,Google 分类：Chinese restaurant / Asian restaurant / Dim sum restaurant; 无中文店名，按地区菜系推断
东湾,Oakland,,低,,An’s Canteen,,"989 Franklin St B, Oakland, CA 94607",中餐,其他中餐,普通话,Google 分类：Chinese restaurant; 无中文店名，仅泛称中餐，弱推断
东湾,Oakland,,低,,Becky's,,"5620 College Ave, Oakland, CA 94618",中餐,其他中餐,普通话,Google 分类：Chinese restaurant; 简介：Welcoming option for familiar fare; 无中文店名，仅泛称中餐，弱推断
东湾,Oakland,,低,,Ben's,,"398 3rd St, Oakland, CA 94607",中餐,其他中餐,普通话,Google 分类：Chinese restaurant; 简介：Chinese standards in a simple eatery; 无中文店名，仅泛称中餐，弱推断
东湾,Oakland,,低,,Best Taste,,"814 Franklin St, Oakland, CA 94607",中餐,其他中餐,普通话,Google 分类：Chinese restaurant; 无中文店名，仅泛称中餐，弱推断
东湾,Oakland,,低,,Bing Kong Tong,,"374 8th St, Oakland, CA 94607",中餐,其他中餐,普通话,Google 分类：Chinese restaurant; 无中文店名，仅泛称中餐，弱推断
东湾,Oakland,,低,,China Express,,"4425 Foothill Blvd, Oakland, CA 94601",美式中餐,美式中餐/越南华人,普通话,Google 分类：Chinese restaurant; 无中文店名，美式中餐风格，弱推断
东湾,Oakland,,低,,China Gourmet Express,,"3407 Fruitvale Ave, Oakland, CA 94602",美式中餐,美式中餐/越南华人,普通话,Google 分类：Chinese restaurant; 简介：Basic Chinese chain with counter service; 无中文店名，美式中餐风格，弱推断
东湾,Oakland,,低,,China Gourmet Express,,"3301 Foothill Blvd, Oakland, CA 94601",美式中餐,美式中餐/越南华人,普通话,Google 分类：Chinese restaurant / Fast food restaurant / Takeout Restaurant; 无中文店名，美式中餐风格，弱推断
东湾,Oakland,,低,,Chuan Yu,,"388 9th St STE 268, Oakland, CA 94607",中餐,其他中餐,普通话,Google 分类：Chinese restaurant; 无中文店名，仅泛称中餐，弱推断
东湾,Oakland,,低,,Delicious Garden Oakland,,"326 7th St, Oakland, CA 94607",中餐,其他中餐,普通话,Google 分类：Chinese restaurant; 无中文店名，仅泛称中餐，弱推断
东湾,Oakland,,低,,Egg Roll Kitchen,,"6650 Bancroft Ave, Oakland, CA 94605",中餐,其他中餐,普通话,Google 分类：Chinese restaurant; 无中文店名，仅泛称中餐，弱推断
东湾,Oakland,,低,,Flower Lounge,,"2033 MacArthur Blvd, Oakland, CA 94602",中餐,其他中餐,普通话,Google 分类：Chinese restaurant / Bar; 简介：Informal option for classic Chinese fare; 无中文店名，仅泛称中餐，弱推断
东湾,Oakland,,低,,Fortune Cookie,,"1698 7th St, Oakland, CA 94607",美式中餐,美式中餐/越南华人,普通话,Google 分类：Chinese restaurant; 简介：Casual eatery for Chinese classics; 无中文店名，美式中餐风格，弱推断
东湾,Oakland,,低,,Fountain Garden Seafood Restaurant,,"3836 MacArthur Blvd #1315, Oakland, CA 94619",中餐,其他中餐,普通话,Google 分类：Chinese restaurant; 无中文店名，仅泛称中餐，弱推断
东湾,Oakland,,低,,Guilin Rice Noodles,,"417 7th St, Oakland, CA 94607",中餐,其他中餐,普通话,Google 分类：Chinese restaurant; 无中文店名，仅泛称中餐，弱推断
东湾,Oakland,,低,,Gum Kuo,,"388 9th St Apt 182, Oakland, CA 94607",中餐,其他中餐,普通话,Google 分类：Chinese restaurant; 简介：No-frills stop for Chinese comfort food; 无中文店名，仅泛称中餐，弱推断
东湾,Oakland,,低,,HAPPY EXPRESS CHINESE FOOD,,"2608 Market St, Oakland, CA 94607",美式中餐,美式中餐/越南华人,普通话,Google 分类：Chinese restaurant; 无中文店名，美式中餐风格，弱推断
东湾,Oakland,,低,,Happy Garden,,"4112 MacArthur Blvd, Oakland, CA 94619",美式中餐,美式中餐/越南华人,普通话,Google 分类：Chinese restaurant / Restaurant; 无中文店名，美式中餐风格，弱推断
东湾,Oakland,,低,,Holly's Mandarin,,"4080 Piedmont Ave, Oakland, CA 94611",美式中餐,美式中餐/越南华人,普通话,Google 分类：Chinese restaurant; 简介：Cozy Chinese spot serving ample portions; 无中文店名，美式中餐风格，弱推断
东湾,Oakland,,低,,Jade Palace,,"2531 MacArthur Blvd, Oakland, CA 94602",美式中餐,美式中餐/越南华人,普通话,Google 分类：Chinese restaurant / Fast food restaurant / Delivery Restaurant; 简介：Standard grub in a no-frills setting; 无中文店名，美式中餐风格，弱推断
东湾,Oakland,,低,,Jin Sing Restaurant,,"2068 35th Ave, Oakland, CA 94601",中餐,其他中餐,普通话,Google 分类：Chinese restaurant; 无中文店名，仅泛称中餐，弱推断
东湾,Oakland,,低,,King Kitchen,,"366 8th St, Oakland, CA 94607",中餐,其他中餐,普通话,Google 分类：Chinese restaurant; 无中文店名，仅泛称中餐，弱推断
东湾,Oakland,,低,,King Kong Chinese Restaurant,,"3421 MacArthur Blvd, Oakland, CA 94602",美式中餐,美式中餐/越南华人,普通话,Google 分类：Chinese restaurant / Barbecue restaurant / Restaurant; 简介：Modest spot for Chinese favorites; 无中文店名，美式中餐风格，弱推断
东湾,Oakland,,低,,Kingkong Rotisserie RestAurant,,"839 International Blvd, Oakland, CA 94606",中餐,其他中餐,普通话,Google 分类：Chinese restaurant / Barbecue restaurant; 无中文店名，仅泛称中餐，弱推断
东湾,Oakland,,低,,Lin Jia Asian Kitchen,,"3437 Lakeshore Ave, Oakland, CA 94610",中餐,其他中餐,普通话,Google 分类：Chinese restaurant / Asian restaurant / Restaurant; 简介：Eco-friendly contemporary Asian locale; 无中文店名，仅泛称中餐，弱推断
东湾,Oakland,,低,,Lucky Chef Chen,,"3542 International Blvd, Oakland, CA 94601",美式中餐,美式中餐/越南华人,普通话,Google 分类：Chinese restaurant; 无中文店名，美式中餐风格，弱推断
东湾,Oakland,,低,,Lucky Dragon Cafe,,"6928 International Blvd, Oakland, CA 94621",美式中餐,美式中餐/越南华人,普通话,Google 分类：Chinese restaurant / Delivery Restaurant; 简介：No-frills spot for Chinese favorites; 无中文店名，美式中餐风格，弱推断
东湾,Oakland,,低,,Lucky Express,,"10700 MacArthur Blvd Ste 5C, Oakland, CA 94605",美式中餐,美式中餐/越南华人,普通话,Google 分类：Chinese restaurant; 无中文店名，美式中餐风格，弱推断
东湾,Oakland,,低,,Ly-Luck,,"3537 Fruitvale Ave, Oakland, CA 94602",中餐,其他中餐,普通话,Google 分类：Chinese restaurant; 简介：Hearty plates of familiar Chinese fare; 无中文店名，仅泛称中餐，弱推断
东湾,Oakland,,低,,Nature Vegetarian Restaurant,,"1116 Franklin St, Oakland, CA 94607",中餐,其他中餐,普通话,Google 分类：Chinese restaurant / Vegetarian restaurant / Vegan restaurant; 简介：Traditional Chinese vegetarian dishes; 无中文店名，仅泛称中餐，弱推断
东湾,Oakland,,低,,New Big Daddy's,,"3700 Telegraph Ave, Oakland, CA 94609",中餐,其他中餐,普通话,Google 分类：Chinese restaurant / Fast food restaurant; 无中文店名，仅泛称中餐，弱推断
东湾,Oakland,,低,,New Gold Medal Restaurant,,"389 8th St, Oakland, CA 94607",中餐,其他中餐,普通话,Google 分类：Chinese restaurant; 简介：Chinese eatery with late-night hours; 无中文店名，仅泛称中餐，弱推断
东湾,Oakland,,低,,NYC Buffet,,"4108 International Blvd, Oakland, CA 94601",美式中餐,美式中餐/越南华人,普通话,Google 分类：Chinese restaurant; 简介：Roomy spot for Pan-Asian & American eats; 无中文店名，美式中餐风格，弱推断
东湾,Oakland,,低,,Oakland Cafe,,"288 11th St D, Oakland, CA 94607",中餐,其他中餐,普通话,Google 分类：Chinese restaurant / Restaurant; 无中文店名，仅泛称中餐，弱推断
东湾,Oakland,,低,,Panda Kitchen,,"138 14th St, Oakland, CA 94612",美式中餐,美式中餐/越南华人,普通话,Google 分类：Chinese restaurant / Asian fusion restaurant / Fast food restaurant; 无中文店名，美式中餐风格，弱推断
东湾,Oakland,,低,,R' noodles,,"930 Webster St, Oakland, CA 94607",中餐,其他中餐,普通话,Google 分类：Chinese restaurant / Asian fusion restaurant / Asian restaurant; 无中文店名，仅泛称中餐，弱推断
东湾,Oakland,,低,,Shan Dong,,"328 10th St #101, Oakland, CA 94607",中餐,其他中餐,普通话,Google 分类：Chinese restaurant / Asian restaurant / Restaurant; 简介：Hopping venue for Chinese specialties; 无中文店名，仅泛称中餐，弱推断
东湾,Oakland,,低,,Sun Hing Restaurant,,"382 8th St, Oakland, CA 94607",中餐,其他中餐,普通话,Google 分类：Chinese restaurant; 无中文店名，仅泛称中餐，弱推断
东湾,Oakland,,低,,Thanh Ky Restaurant,,"659 E 12th St, Oakland, CA 94606",中餐,其他中餐,普通话,Google 分类：Chinese restaurant / Vietnamese restaurant / Restaurant; 无中文店名，仅泛称中餐，弱推断
东湾,Oakland,,低,,Umami Express,,"5333 Adeline St, Oakland, CA 94608",美式中餐,美式中餐/越南华人,普通话,Google 分类：Chinese restaurant / Asian fusion restaurant / Box lunch supplier; 无中文店名，美式中餐风格，弱推断
东湾,Oakland,,低,,Viridian,,"2216 Broadway, Oakland, CA 94612",中餐,其他中餐,普通话,Google 分类：Chinese restaurant / Asian restaurant / Bar; 简介：Chic spot for cocktails & Asian dishes; 无中文店名，仅泛称中餐，弱推断
东湾,Oakland,,低,,Yang Chow Restaurant,,"3211 Grand Ave, Oakland, CA 94610",中餐,其他中餐,普通话,Google 分类：Chinese restaurant / Asian restaurant / Delivery Restaurant; 简介：Basic mainstay for Chinese standards; 无中文店名，仅泛称中餐，弱推断
东湾,Oakland,,低,,Ying Kee Restaurant,,"387 9th St, Oakland, CA 94607",中餐,其他中餐,普通话,Google 分类：Chinese restaurant; 无中文店名，仅泛称中餐，弱推断
东湾,Oakland,,低,,Yuyu Za Zang,,"4871 Telegraph Ave, Oakland, CA 94609",中餐,其他中餐,普通话,Google 分类：Chinese restaurant / Wok restaurant / Korean restaurant; 无中文店名，仅泛称中餐，弱推断
东湾,Oakley,,低,,Silver River - Chinese Cuisine,,"3100 Main St, Oakley, CA 94561",美式中餐,美式中餐/越南华人,普通话,Google 分类：Chinese restaurant; 无中文店名，美式中餐风格，弱推断
东湾,Oakley,,低,,Uncle Wong Chinese Restaurant,,"2005 Main St B, Oakley, CA 94561",美式中餐,美式中餐/越南华人,普通话,Google 分类：Chinese restaurant; 无中文店名，美式中餐风格，弱推断
东湾,Orinda,,低,,Szechwan Restaurant,,"79 Orinda Way, Orinda, CA 94563",美式中餐,美式中餐/越南华人,普通话,Google 分类：Chinese restaurant; 简介：Hearty Chinese dishes in a mellow space; 无中文店名，美式中餐风格，弱推断
东湾,Pacheco,,高,,Tasty Szechuan - Pacheco,川味鲜,"5872 Pacheco Blvd, Pacheco, CA 94553",川菜,川湘/西南,普通话,Google 地图店名含中文「川味鲜」; Google 分类：Chinese restaurant
东湾,Pinole,,中,,King Valley Tea House,,"795 Fernandez Ave, Pinole, CA 94564",粤式点心,粤菜/港式,普通话/粤语,Google 分类：Chinese restaurant / Dim sum restaurant / Restaurant; 简介：Airy Chinese restaurant with dim sum; 无中文店名，按地区菜系推断
东湾,Pinole,,中,,Uncle Chung,,"2558 Appian Way, Pinole, CA 94564",中式面馆,面食/饺子,普通话,Google 分类：Chinese restaurant / Asian restaurant / Caterer; 简介：Go-to outpost for Chinese classics; 无中文店名，按地区菜系推断
东湾,Pinole,,低,,China Delights,,"1501 Tara Hills Dr, Pinole, CA 94564",中餐,其他中餐,普通话,Google 分类：Chinese restaurant / Fine dining restaurant / Restaurant; 无中文店名，仅泛称中餐，弱推断
东湾,Pinole,,低,,China House Restaurant,,"1971 San Pablo Ave, Pinole, CA 94564",美式中餐,美式中餐/越南华人,普通话,Google 分类：Chinese restaurant; 简介：Comfortable outpost for Chinese classics; 无中文店名，美式中餐风格，弱推断
东湾,Pinole,,低,,Rickshaw Chinese Restaurant,,"1560 Fitzgerald Dr, Pinole, CA 94564",美式中餐,美式中餐/越南华人,普通话,Google 分类：Chinese restaurant; 无中文店名，美式中餐风格，弱推断
东湾,Pittsburg,,低,,Asian Express,,"184 Atlantic Ave, Pittsburg, CA 94565",美式中餐,美式中餐/越南华人,普通话,Google 分类：Chinese restaurant; 无中文店名，美式中餐风格，弱推断
东湾,Pittsburg,,低,,Jade House - Chinese Restaurant,,"2931 Harbor St J, Pittsburg, CA 94565",美式中餐,美式中餐/越南华人,普通话,Google 分类：Chinese restaurant; 无中文店名，美式中餐风格，弱推断
东湾,Pittsburg,,低,,Skyview Noodle & Tea,,"200 E 3rd St, Pittsburg, CA 94565",中餐,其他中餐,普通话,Google 分类：Chinese restaurant; 无中文店名，仅泛称中餐，弱推断
东湾,Pittsburg,,低,,Uncle Wang - Chinese Restaurant,,"3821 Railroad Ave, Pittsburg, CA 94565",美式中餐,美式中餐/越南华人,普通话,Google 分类：Chinese restaurant; 无中文店名，美式中餐风格，弱推断
东湾,Pittsburg,,低,,Wah Sing - Chinese Restaurant,,"2222 Railroad Ave, Pittsburg, CA 94565",美式中餐,美式中餐/越南华人,普通话,Google 分类：Chinese restaurant; 无中文店名，美式中餐风格，弱推断
东湾,Pleasant Hill,,高,,Dumpling Harbor,鼎包记,"1420 Contra Costa Blvd D1, Pleasant Hill, CA 94523",饺子,面食/饺子,普通话,Google 地图店名含中文「鼎包记」; Google 分类：Chinese restaurant / Syokudo and Teishoku restaurant / Dumpling restaurant
东湾,Pleasant Hill,,中,,Sichuan Fortune House,,"41 Woodsworth Ln, Pleasant Hill, CA 94523",川菜,川湘/西南,普通话,Google 分类：Chinese restaurant / Sichuan restaurant; 简介：Local eatery for Sichuan specialties; 无中文店名，按地区菜系推断
东湾,Pleasant Hill,,低,,3 Bros from China Express,,"2001 Contra Costa Blvd Ste 40, Pleasant Hill, CA 94523",美式中餐,美式中餐/越南华人,普通话,Google 分类：Chinese restaurant / Asian fusion restaurant / Seafood restaurant; 简介：Family-friendly fixture for Chinese fare; 无中文店名，美式中餐风格，弱推断
东湾,Pleasant Hill,,低,,China Chef Restaurant,,"1200 Contra Costa Blvd # K, Pleasant Hill, CA 94523",中餐,其他中餐,普通话,Google 分类：Chinese restaurant / Asian restaurant; 无中文店名，仅泛称中餐，弱推断
东湾,Pleasant Hill,,低,,Ming's,,"2653 Pleasant Hill Rd, Pleasant Hill, CA 94523",中餐,其他中餐,普通话,Google 分类：Chinese restaurant / Restaurant; 简介：Warm & welcoming spot for Chinese food; 无中文店名，仅泛称中餐，弱推断
东湾,Pleasant Hill,,低,,Yan's Garden,,"2223 Morello Ave #1850, Pleasant Hill, CA 94523",中餐,其他中餐,普通话,Google 分类：Chinese restaurant / Asian restaurant; 无中文店名，仅泛称中餐，弱推断
东湾,Pleasanton,,高,,CloudDish,采云南,"2693 Stoneridge Dr #101, Pleasanton, CA 94588",云南米线,川湘/西南,普通话,Google 地图店名含中文「采云南」; Google 分类：Chinese restaurant
东湾,Pleasanton,,高,,Mala Town,自选麻辣烫,"2717 Stoneridge Dr #101, Pleasanton, CA 94588",火锅,火锅/麻辣烫,普通话,Google 地图店名含中文「自选麻辣烫」; Google 分类：Chinese restaurant
东湾,Pleasanton,,高,,Special Noodle,四姐,"2693 Stoneridge Dr Unit 103, Pleasanton, CA 94588",中式面馆,面食/饺子,普通话,Google 地图店名含中文「四姐」; Google 分类：Chinese noodle restaurant
东湾,Pleasanton,,高,,Taiwan Street Bite,台灣古都風味情,"2705 Stoneridge Dr Unit C, Pleasanton, CA 94588",台湾菜,台湾菜,普通话,Google 地图店名含中文「台灣古都風味情」; Google 分类：Taiwanese restaurant
东湾,Pleasanton,,高,,TOP POT Restaurant,宴遇火锅,"2733 Stoneridge Dr Ste 105, Pleasanton, CA 94588",火锅,火锅/麻辣烫,普通话,Google 地图店名含中文「宴遇火锅」; Google 分类：Hot pot restaurant
东湾,Pleasanton,,高,,Yin Ji Chang Fen - Pleasanton,银记肠粉店,"2693 Stoneridge Dr #104, Pleasanton, CA 94588",粤菜,粤菜/港式,普通话/粤语,Google 地图中文版显示中文店名「银记肠粉店」（商家自行登记）; Google 分类：Cantonese restaurant / Restaurant
东湾,Pleasanton,,中,,BentoLicious,,"4833 Hopyard Rd E3, Pleasanton, CA 94588",台湾菜,台湾菜,普通话,Google 分类：Taiwanese restaurant; 简介：Relaxed counter-serve for Taiwanese fare; 无中文店名，按地区菜系推断
东湾,Pleasanton,,中,,CA NOODLE,,"3550 Stanley Blvd #3, Pleasanton, CA 94566",中式面馆,面食/饺子,普通话,Google 分类：Chinese restaurant / Chinese noodle restaurant; 无中文店名，按地区菜系推断
东湾,Pleasanton,,中,,Chick&tea Pleasanton,,"4247 Rosewood Dr #17, Pleasanton, CA 94588",台湾菜,台湾菜,普通话,Google 分类：Taiwanese restaurant / Fusion restaurant; 无中文店名，按地区菜系推断
东湾,Pleasanton,,中,,Chinese Szechuan Restaurant,,"3059 Hopyard Rd Ste F, Pleasanton, CA 94588",川菜,川湘/西南,普通话,Google 分类：Chinese restaurant / Restaurant; 简介：Relaxed option for classic dishes; 无中文店名，按地区菜系推断
东湾,Pleasanton,,中,,Fiery Shanghai,,"2717 Stoneridge Dr #103, Pleasanton, CA 94588",上海菜/中式面馆,北方/东北/江浙,普通话,Google 分类：Shanghainese restaurant / Chinese noodle restaurant / Chinese restaurant; 无中文店名，按地区菜系推断
东湾,Pleasanton,,中,,Mumu Hot Pot,,"2725 Stoneridge Dr #103, Pleasanton, CA 94588",火锅,火锅/麻辣烫,普通话,Google 分类：Hot pot restaurant; 无中文店名，按地区菜系推断
东湾,Pleasanton,,中,,Papa's Dumpling,,"239 Main St, Pleasanton, CA 94566",饺子,面食/饺子,普通话,Google 分类：Restaurant / Dumpling restaurant; 无中文店名，按地区菜系推断
东湾,Pleasanton,,中,,Shihlin Taiwan Street Snacks,,"2705 Stoneridge Dr Unit F, Pleasanton, CA 94588",台湾菜,台湾菜,普通话,Google 分类：Asian restaurant / Taiwanese restaurant; 无中文店名，按地区菜系推断
东湾,Pleasanton,,低,,Andy & Yu's,,"348 St Mary St, Pleasanton, CA 94566",中餐,其他中餐,普通话,Google 分类：Chinese restaurant; 简介：Contemporary bistro for Chinese fare; 无中文店名，仅泛称中餐，弱推断
东湾,Pleasanton,,低,,Dragon City,,"824 Main St, Pleasanton, CA 94566",美式中餐,美式中餐/越南华人,普通话,Google 分类：Chinese restaurant; 无中文店名，美式中餐风格，弱推断
东湾,Pleasanton,,低,,Gold Chopsticks,,"3170 Santa Rita Rd Ste A-11, Pleasanton, CA 94566",中餐,其他中餐,普通话,Google 分类：Chinese restaurant / Restaurant; 简介：Classic Chinese fare in a low-key space; 无中文店名，仅泛称中餐，弱推断
东湾,Pleasanton,,低,,New China Cuisine Express,,"1989 Santa Rita Rd Ste D, Pleasanton, CA 94566",美式中餐,美式中餐/越南华人,普通话,Google 分类：Chinese restaurant; 无中文店名，美式中餐风格，弱推断
东湾,Richmond,,高,,Dumpling Day,饺好运,"3288 Pierce St c100, Richmond, CA 94804",饺子,面食/饺子,普通话,Google 地图店名含中文「饺好运」; Google 分类：Chinese restaurant
东湾,Richmond,,高,,顺峰厨房,顺峰厨房,"3288 Pierce St a118, Richmond, CA 94804",中餐,其他中餐,普通话,Google 地图店名含中文「顺峰厨房」; Google 分类：Restaurant
东湾,Richmond,,中,,Asian Pearl Seafood Restaurant,,"3288 Pierce St a118, Richmond, CA 94804",粤式点心,粤菜/港式,普通话/粤语,Google 分类：Dim sum restaurant / African restaurant / Cantonese restaurant; 简介：Hong Kong-style dim sum spot; 无中文店名，按地区菜系推断
东湾,Richmond,,中,,Dumpling House - Mongolian Cuisine,,"12221 San Pablo Ave #6, Richmond, CA 94805",饺子,面食/饺子,普通话,Google 分类：Dumpling restaurant; 无中文店名，按地区菜系推断
东湾,Richmond,,中,,Hong Kong Cafe,,"3288 Pierce St a103, Richmond, CA 94804",港式茶餐厅/粤菜,粤菜/港式,普通话/粤语,Google 分类：Cha chaan teng (Hong Kong-style cafe) / Cantonese restaurant / Restaurant; 无中文店名，按地区菜系推断
东湾,Richmond,,中,,Hong Kong Snack House,,"3288 Pierce St #111, Richmond, CA 94804",粤菜,粤菜/港式,普通话/粤语,Google 分类：Chinese restaurant; 无中文店名，按地区菜系推断
东湾,Richmond,,中,,Hot Pot Nation,,"3288 Pierce St A 109, Richmond, CA 94804",火锅,火锅/麻辣烫,普通话,Google 分类：Restaurant / Hot pot restaurant; 无中文店名，按地区菜系推断
东湾,Richmond,,中,,Sichuan Fusion,,"3288 Pierce St Ste B-109, Richmond, CA 94804",川菜,川湘/西南,普通话,Google 分类：Chinese restaurant / Sichuan restaurant; 无中文店名，按地区菜系推断
东湾,Richmond,,中,,Tsing Tao,,"12372 San Pablo Ave, Richmond, CA 94805",中式面馆,面食/饺子,普通话,Google 分类：Chinese restaurant / Asian fusion restaurant / Asian restaurant; 无中文店名，按地区菜系推断
东湾,Richmond,,低,,Chef Ming Chinese Food To Go,,"1190 Macdonald Ave # C, Richmond, CA 94801",美式中餐,美式中餐/越南华人,普通话,Google 分类：Chinese restaurant; 无中文店名，美式中餐风格，弱推断
东湾,Richmond,,低,,Daimo Chinese Restaurant,,"3288 Pierce St, Richmond, CA 94804",美式中餐,美式中餐/越南华人,普通话,Google 分类：Chinese restaurant / Restaurant; 简介：Late-night Chinese noodle shop; 无中文店名，美式中餐风格，弱推断
东湾,Richmond,,低,,Grand Cafe,,"4250 Macdonald Ave, Richmond, CA 94805",中餐,其他中餐,普通话,Google 分类：Chinese restaurant; 无中文店名，仅泛称中餐，弱推断
东湾,Richmond,,低,,Jin Ye Restaurant,,"152 Washington Ave, Richmond, CA 94801",中餐,其他中餐,普通话,Google 分类：Chinese restaurant; 无中文店名，仅泛称中餐，弱推断
东湾,Richmond,,低,,Mi,,"3288 Pierce St B101, Richmond, CA 94804",越南华人中餐,美式中餐/越南华人,粤语,Google 分类：Chinese restaurant / Noodle shop / Southeast Asian restaurant; 简介：Casual go-to for Vietnamese soup fare; 无中文店名，越南华人风格，弱推断
东湾,Rodeo,,低,,Happy Wok,,"677 Parker Ave, Rodeo, CA 94572",美式中餐,美式中餐/越南华人,普通话,Google 分类：Chinese restaurant; 无中文店名，美式中餐风格，弱推断
东湾,San Leandro,,高,,Full House Cafe,啫煲,"1456 E 14th St, San Leandro, CA 94577",中式面馆,面食/饺子,普通话,Google 地图中文版显示中文店名「啫煲」（商家自行登记）; Google 分类：Chinese restaurant / Asian restaurant / Chinese noodle restaurant
东湾,San Leandro,,高,,Fusion Delight,美食坊海鮮閣,"699 Lewelling Blvd Unit 212, San Leandro, CA 94579",粤式点心/海鲜,粤菜/港式,普通话/粤语,Google 地图中文版显示中文店名「美食坊海鮮閣」（商家自行登记）; Google 分类：Chinese restaurant; 简介：Pan-Asian recipes in a casual space
东湾,San Leandro,,高,,Hometown Kitchen,海记家乡美食餐馆,"971 Manor Blvd, San Leandro, CA 94579",中餐,其他中餐,普通话,Google 地图店名含中文「海记家乡美食餐馆」; Google 分类：Chinese restaurant / Asian restaurant / Restaurant
东湾,San Leandro,,高,,Manor Point Kitchen,大茶饭,"15052 Farnsworth St, San Leandro, CA 94579",中餐,其他中餐,普通话,Google 地图中文版显示中文店名「大茶饭」（商家自行登记）; Google 分类：Chinese restaurant
东湾,San Leandro,,高,,Oriental Tea House,碧贵园,"604 MacArthur Blvd, San Leandro, CA 94577",粤式点心,粤菜/港式,普通话/粤语,Google 地图店名含中文「碧贵园」; Google 分类：Chinese restaurant / Cantonese restaurant / Dim sum restaurant
东湾,San Leandro,,高,,Special Hainan Chicken,和记海南鸡饭,"699 Lewelling Blvd #104, San Leandro, CA 94579",中餐,其他中餐,普通话,Google 地图店名含中文「和记海南鸡饭」; Google 分类：Chinese restaurant
东湾,San Leandro,,高,,YAOYAO,姚姚酸菜魚,"699 Lewelling Blvd, San Leandro, CA 94579",港式快餐,粤菜/港式,普通话/粤语,Google 地图店名含中文「姚姚酸菜魚」; Google 分类：Chinese restaurant / Hong Kong style fast food restaurant
东湾,San Leandro,,中,,Baby Cafe San Leandro,,"13708 Doolittle Dr, San Leandro, CA 94577",港式快餐,粤菜/港式,普通话/粤语,Google 分类：Hong Kong style fast food restaurant / Restaurant; 无中文店名，按地区菜系推断
东湾,San Leandro,,中,,Beijing Bowl,,"14400 Washington Ave, San Leandro, CA 94578",北京菜,北方/东北/江浙,普通话,Google 分类：Chinese restaurant / Asian restaurant / Chicken restaurant; 无中文店名，按地区菜系推断
东湾,San Leandro,,中,,Chinese Super 5 Kitchen,,"555 Lewelling Blvd, San Leandro, CA 94579",粤菜,粤菜/港式,普通话/粤语,Google 分类：Chinese restaurant / Cantonese restaurant / Chinese takeaway; 无中文店名，按地区菜系推断
东湾,San Leandro,,中,,D T Dim Sum & Tea,,"1970 Lewelling Blvd, San Leandro, CA 94579",粤式点心,粤菜/港式,普通话/粤语,Google 分类：Dim sum restaurant; 无中文店名，按地区菜系推断
东湾,San Leandro,,中,,Hong Kong Chef,,"1371 E 14th St Unit d, San Leandro, CA 94577",粤菜,粤菜/港式,普通话/粤语,Google 分类：Chinese restaurant; 无中文店名，按地区菜系推断
东湾,San Leandro,,中,,Leisure Cafe,,"1443 E 14th St Unit A, San Leandro, CA 94577",港式快餐,粤菜/港式,普通话/粤语,Google 分类：Hong Kong style fast food restaurant; 无中文店名，按地区菜系推断
东湾,San Leandro,,中,,New Hong Kong Restaurant,,"1750 E 14th St, San Leandro, CA 94577",粤菜,粤菜/港式,普通话/粤语,Google 分类：Chinese restaurant / Asian restaurant / Delivery Restaurant; 简介：Basic Chinese eatery with delivery; 无中文店名，按地区菜系推断
东湾,San Leandro,,中,,Ten Seconds Yunnan Rice Noodle,,"145 W Joaquin Ave, San Leandro, CA 94577",中式面馆,面食/饺子,普通话,Google 分类：Chinese noodle restaurant; 无中文店名，按地区菜系推断
东湾,San Leandro,,低,,Asia Delight,,"156 W Juana Ave, San Leandro, CA 94577",中餐,其他中餐,普通话,Google 分类：Chinese restaurant; 无中文店名，仅泛称中餐，弱推断
东湾,San Leandro,,低,,Best BBQ Chinese Food,,"180 Greenhouse Marketplace, San Leandro, CA 94577",美式中餐,美式中餐/越南华人,普通话,Google 分类：Chinese restaurant / Barbecue restaurant / Restaurant; 无中文店名，美式中餐风格，弱推断
东湾,San Leandro,,低,,Buffet Fortuna,,"1330 Washington Ave, San Leandro, CA 94577",美式中餐,美式中餐/越南华人,普通话,Google 分类：Chinese restaurant / American restaurant / Asian restaurant; 无中文店名，美式中餐风格，弱推断
东湾,San Leandro,,低,,Chicken Pho Ga 88 Noodles Soup & Rice,,"15040 Farnsworth St, San Leandro, CA 94579",中式面馆/越南菜,美式中餐/越南华人,粤语,Google 分类：Pho restaurant / Chicken restaurant / Chicken shop; 无中文店名，越南华人风格，弱推断
东湾,San Leandro,,低,,Chinese Bakery & Deli,,"981A Manor Blvd, San Leandro, CA 94579",中餐,其他中餐,普通话,Google 分类：Chinese restaurant / Bakery / Sandwich shop; 简介：Humble venue for Chinese desserts & fare; 无中文店名，仅泛称中餐，弱推断
东湾,San Leandro,,低,,Golden Bay Banquet,,"14736 E 14th St, San Leandro, CA 94578",美式中餐,美式中餐/越南华人,普通话,Google 分类：Chinese restaurant; 无中文店名，美式中餐风格，弱推断
东湾,San Leandro,,低,,Great Wall Restaurant,,"15048 Farnsworth St, San Leandro, CA 94579",美式中餐,美式中餐/越南华人,普通话,Google 分类：Chinese restaurant; 简介：Chinese mains in strip-mall surroundings; 无中文店名，美式中餐风格，弱推断
东湾,San Leandro,,低,,J L Kitchen,,"1076 Davis St, San Leandro, CA 94577",中餐,其他中餐,普通话,Google 分类：Chinese restaurant; 无中文店名，仅泛称中餐，弱推断
东湾,San Leandro,,低,,Jasmine Chinese Food To Go,,"STE G, 14393 Washington Ave, San Leandro, CA 94578",美式中餐,美式中餐/越南华人,普通话,Google 分类：Chinese restaurant; 无中文店名，美式中餐风格，弱推断
东湾,San Leandro,,低,,Jin Gege,,"699 Lewelling Blvd #270, San Leandro, CA 94579",中餐,其他中餐,普通话,Google 分类：Chinese restaurant; 无中文店名，仅泛称中餐，弱推断
东湾,San Leandro,,低,,Kim Po kitchen,,"600 Dutton Ave, San Leandro, CA 94577",中餐,其他中餐,普通话,Google 分类：Chinese restaurant; 无中文店名，仅泛称中餐，弱推断
东湾,San Leandro,,低,,King Kong BBQ,,"13780 E 14th St, San Leandro, CA 94578",中餐,其他中餐,普通话,Google 分类：Chinese takeaway; 无中文店名，仅泛称中餐，弱推断
东湾,San Leandro,,低,,Kingkong Imperial Restaurant,,"310 MacArthur Blvd, San Leandro, CA 94577",美式中餐,美式中餐/越南华人,普通话,Google 分类：Chinese restaurant / Banquet hall / Caterer; 无中文店名，美式中餐风格，弱推断
东湾,San Leandro,,低,,Lee’s garden Chinese restaurant,,"21 Thornton St, San Leandro, CA 94577",美式中餐,美式中餐/越南华人,普通话,Google 分类：Chinese restaurant / Delivery Restaurant / Restaurant; 无中文店名，美式中餐风格，弱推断
东湾,San Leandro,,低,,Little Namking Chinese Food,,"695 E 14th St, San Leandro, CA 94577",美式中餐,美式中餐/越南华人,普通话,Google 分类：Chinese restaurant / Restaurant; 简介：Pint-sized pick for classic Chinese fare; 无中文店名，美式中餐风格，弱推断
东湾,San Leandro,,低,,My Happy Grill,,"983 Manor Blvd, San Leandro, CA 94579",美式中餐,美式中餐/越南华人,普通话,Google 分类：Chinese restaurant; 无中文店名，美式中餐风格，弱推断
东湾,San Leandro,,低,,Pearl Bay Tea House,,"13762 Doolittle Dr, San Leandro, CA 94577",中餐,其他中餐,普通话,Google 分类：Chinese restaurant; 无中文店名，仅泛称中餐，弱推断
东湾,San Leandro,,低,,Rose Garden Restaurant,,"15754 E 14th St, San Leandro, CA 94578",中餐,其他中餐,普通话,Google 分类：Chinese restaurant / Delivery Restaurant / Restaurant; 无中文店名，仅泛称中餐，弱推断
东湾,San Leandro,,低,,Tasty Kitchen,,"145 Pelton Center Way, San Leandro, CA 94577",中餐,其他中餐,普通话,Google 分类：Chinese restaurant / Asian restaurant / Chinese takeaway; 无中文店名，仅泛称中餐，弱推断
东湾,San Leandro,,低,,Wonderful Cafe,,"1515 E 14th St, San Leandro, CA 94577",中餐,其他中餐,普通话,Google 分类：Chinese restaurant; 无中文店名，仅泛称中餐，弱推断
东湾,San Lorenzo,,中,,Dim Sum House,,"754 Bockman Rd, San Lorenzo, CA 94580",粤式点心,粤菜/港式,普通话/粤语,Google 分类：Dim sum restaurant; 无中文店名，按地区菜系推断
东湾,San Lorenzo,,中,,Hong Kong Cafe,,"17850 Hesperian Blvd, San Lorenzo, CA 94580",港式茶餐厅,粤菜/港式,普通话/粤语,Google 分类：Chinese restaurant / Cha chaan teng (Hong Kong-style cafe); 无中文店名，按地区菜系推断
东湾,San Lorenzo,,中,,Hunan Restaurant,,"17383 Hesperian Blvd, San Lorenzo, CA 94580",湘菜,川湘/西南,普通话,Google 分类：Chinese restaurant; 简介：Chinese kitchen with familiar fare to go; 无中文店名，按地区菜系推断
东湾,San Lorenzo,,中,,Peking Garden Restaurant,,"15950 Hesperian Blvd, San Lorenzo, CA 94580",北京菜,北方/东北/江浙,普通话,Google 分类：Chinese restaurant; 简介：Strip-mall spot for Chinese classics; 无中文店名，按地区菜系推断
东湾,San Lorenzo,,中,,Yin Ji Chang Fen - San Lorenzo,,"15828 Hesperian Blvd, San Lorenzo, CA 94580",粤菜,粤菜/港式,普通话/粤语,Google 分类：Chinese restaurant / Asian fusion restaurant / Asian restaurant; 无中文店名，按地区菜系推断
东湾,San Lorenzo,,低,,Tao's Fresh,,"15809 Channel St, San Lorenzo, CA 94580",中餐,其他中餐,普通话,Google 分类：Chinese restaurant / Asian restaurant / Asian fusion restaurant; 无中文店名，仅泛称中餐，弱推断
东湾,San Pablo,,低,,Asia Delight,,"13350 San Pablo Ave, San Pablo, CA 94806",中餐,其他中餐,普通话,Google 分类：Chinese restaurant; 无中文店名，仅泛称中餐，弱推断
东湾,San Pablo,,低,,China Express Restaurant,,"1841 23rd St, San Pablo, CA 94806",美式中餐,美式中餐/越南华人,普通话,Google 分类：Chinese restaurant / Restaurant; 简介：Time-tested standby for Chinese fare; 无中文店名，美式中餐风格，弱推断
东湾,San Pablo,,低,,Empire Buffet,,"700 San Pablo Towne Center, San Pablo, CA 94806",美式中餐,美式中餐/越南华人,普通话,Google 分类：Chinese restaurant / Buffet restaurant / Fast food restaurant; 简介：Chinese & Asian-American buffet classics; 无中文店名，美式中餐风格，弱推断
东湾,San Pablo,,低,,Lee's Garden,,"107 San Pablo Towne Center, San Pablo, CA 94806",美式中餐,美式中餐/越南华人,普通话,Google 分类：Chinese restaurant; 简介：Take-out Chinese spot for classic eats; 无中文店名，美式中餐风格，弱推断
东湾,San Pablo,,低,,Lee's Garden Chinese Restaurant,,"2300 El Portal Dr Ste I, San Pablo, CA 94806",美式中餐,美式中餐/越南华人,普通话,Google 分类：Chinese restaurant / Restaurant; 无中文店名，美式中餐风格，弱推断
东湾,San Ramon,,高,,China Lounge Restaurant,味道成都,"2416 San Ramon Valley Blvd #140, San Ramon, CA 94583",川菜,川湘/西南,普通话,Google 地图中文版显示中文店名「味道成都」（商家自行登记）; Google 分类：Chinese restaurant / Restaurant / Sichuan restaurant
东湾,San Ramon,,高,,Peking Delight,湘聚樓,"21001 San Ramon Valley Blvd A-3, San Ramon, CA 94583",北京菜,北方/东北/江浙,普通话,Google 地图中文版显示中文店名「湘聚樓」（商家自行登记）; Google 分类：Chinese restaurant / Delivery Restaurant / Takeout Restaurant
东湾,San Ramon,,中,,Dumpling 85,,"2005 Crow Canyon Pl #138, San Ramon, CA 94583",饺子,面食/饺子,普通话,Google 分类：Chinese restaurant / Asian restaurant / Chinese takeaway; 无中文店名，按地区菜系推断
东湾,San Ramon,,中,,M DUMPLING - San Ramon,,"11040 Bollinger Canyon Rd SUITE A, San Ramon, CA 94582",饺子,面食/饺子,普通话,Google 分类：Restaurant / Dumpling restaurant; 无中文店名，按地区菜系推断
东湾,San Ramon,,低,,Imperial Delight,,"290 Market Pl, San Ramon, CA 94583",美式中餐,美式中餐/越南华人,普通话,Google 分类：Chinese restaurant / Asian restaurant / Restaurant; 简介：Chinese cuisine amid Asian decor; 无中文店名，美式中餐风格，弱推断
东湾,San Ramon,,低,,New Moon Restaurant,,"9150 Alcosta Blvd D, San Ramon, CA 94583",中餐,其他中餐,普通话,Google 分类：Chinese restaurant; 无中文店名，仅泛称中餐，弱推断
东湾,San Ramon,,低,,Orient Express,,"2475 San Ramon Valley Blvd Ste 5, San Ramon, CA 94583",美式中餐,美式中餐/越南华人,普通话,Google 分类：Chinese restaurant; 无中文店名，美式中餐风格，弱推断
东湾,Union City,,高,,Golden Bay Seafood Harbor,金海湾渔港,"34348 Alvarado-Niles Rd, Union City, CA 94587",粤菜,粤菜/港式,普通话/粤语,Google 地图店名含中文「金海湾渔港」; Google 分类：Chinese restaurant / Asian restaurant; 简介：Cantonese food in a relaxed environment
东湾,Union City,,高,,Gui Taste,桂味桂林米粉,"31834 Alvarado Blvd B, Union City, CA 94587",中餐,其他中餐,普通话,Google 地图店名含中文「桂味桂林米粉」; Google 分类：Restaurant
东湾,Union City,,高,,"Happy Lamb Hot Pot, Union City",快乐小羊,"34396 Alvarado-Niles Rd, Union City, CA 94587",火锅,火锅/麻辣烫,普通话,Google 地图店名含中文「快乐小羊」; Google 分类：Hot pot restaurant / Asian restaurant / Chinese restaurant; 简介：Chain spot for make-your-own Asian meals
东湾,Union City,,高,,Home Eat - Union City,汉家宴,"33348 Alvarado-Niles Rd, Union City, CA 94587",中餐,其他中餐,普通话,Google 地图店名含中文「汉家宴」; Google 分类：Chinese restaurant
东湾,Union City,,高,,House of Dumplings,水餃之家,"109 Appian Way, Union City, CA 94587",饺子,面食/饺子,普通话/粤语,Google 地图店名含中文「水餃之家」; Google 分类：Chinese restaurant / Asian restaurant / Chinese takeaway; 简介：Cozy go-to for Chinese dim sum & soup
东湾,Union City,,高,,Uncle Yu Restaurant | Chinese,永康又一家,"30059 Industrial Pkwy SW, Union City, CA 94587",中餐,其他中餐,普通话,Google 地图中文版显示中文店名「永康又一家」（商家自行登记）; Google 分类：Chinese restaurant / Asian restaurant / Fast food restaurant
东湾,Union City,,中,,Baby Café Hong Kong Bistro,,"1749 Decoto Rd, Union City, CA 94587",港式快餐,粤菜/港式,普通话/粤语,Google 分类：Hong Kong style fast food restaurant / Asian restaurant / Restaurant; 无中文店名，按地区菜系推断
东湾,Union City,,中,,CAFFE:iN-Union City,,"1788 Decoto Rd, Union City, CA 94587",台湾菜,台湾菜,普通话,Google 分类：Taiwanese restaurant / Dessert shop / Ice cream shop; 无中文店名，按地区菜系推断
东湾,Union City,,中,,Din Ding Dumpling House Union City,,"1779 Decoto Rd, Union City, CA 94587",饺子,面食/饺子,普通话,Google 分类：Dumpling restaurant / Asian restaurant; 简介：Storefront locale for casual Asian fare; 无中文店名，按地区菜系推断
东湾,Union City,,中,,Hong Kong Restaurant,,"4100 Dyer St, Union City, CA 94587",粤菜,粤菜/港式,普通话/粤语,Google 分类：Chinese restaurant; 无中文店名，按地区菜系推断
东湾,Union City,,中,,MalaTown,,"1737 Decoto Rd, Union City, CA 94587",火锅,火锅/麻辣烫,普通话,Google 分类：Hot pot restaurant / Chinese restaurant / Restaurant; 无中文店名，按地区菜系推断
东湾,Union City,,中,,Shanghai Cuisine,,"1773 Decoto Rd, Union City, CA 94587",上海菜,北方/东北/江浙,普通话,Google 分类：Shanghainese restaurant; 无中文店名，按地区菜系推断
东湾,Union City,,低,,Asia Express,,"1710 Decoto Rd, Union City, CA 94587",美式中餐,美式中餐/越南华人,普通话,Google 分类：Chinese restaurant; 无中文店名，美式中餐风格，弱推断
东湾,Union City,,低,,Dragon House | Chinese,,"31870 Alvarado Blvd, Union City, CA 94587",美式中餐,美式中餐/越南华人,普通话,Google 分类：Chinese restaurant; 无中文店名，美式中餐风格，弱推断
东湾,Union City,,低,,Fong Kee Claypot,,"1773 Decoto Rd, Union City, CA 94587",中餐,其他中餐,普通话,Google 分类：Chinese restaurant; 无中文店名，仅泛称中餐，弱推断
东湾,Union City,,低,,King Calamari,,"32130 Alvarado Blvd, Union City, CA 94587",中餐,其他中餐,普通话,Google 分类：Chinese restaurant; 无中文店名，仅泛称中餐，弱推断
东湾,Union City,,低,,Rickshaw Food Delivery Service,,"32145 Alvarado-Niles Rd #201, Union City, CA 94587",中餐,其他中餐,普通话,Google 分类：Delivery service / Chinese takeaway / Delivery Chinese restaurant; 无中文店名，仅泛称中餐，弱推断
东湾,Union City,,低,,Special Hainan Chicken (Union City),,"1771 Decoto Rd, Union City, CA 94587",中餐,其他中餐,普通话,Google 分类：Chinese restaurant; 无中文店名，仅泛称中餐，弱推断
东湾,Walnut Creek,,中,,Creek House Dim Sum Restaurant,,"1291 Parkside Dr, Walnut Creek, CA 94596",粤式点心,粤菜/港式,普通话/粤语,Google 分类：Chinese restaurant / Asian restaurant / Dim sum restaurant; 简介：Standard & less-well-known Chinese faves; 无中文店名，按地区菜系推断
东湾,Walnut Creek,,中,,Dough Zone Dumpling House Walnut Creek,,"1320 Locust St, Walnut Creek, CA 94596",中式面馆/饺子,面食/饺子,普通话,Google 分类：Chinese restaurant / Asian fusion restaurant / Asian restaurant; 无中文店名，按地区菜系推断
东湾,Walnut Creek,,中,,Dumpling Hours,,"1389 N Main St, Walnut Creek, CA 94596",粤式点心/饺子,粤菜/港式,普通话/粤语,Google 分类：Chinese restaurant / Asian restaurant / Chinese takeaway; 无中文店名，按地区菜系推断
东湾,Walnut Creek,,中,,East Ocean Seafood Restaurant,,"1841 Ygnacio Valley Rd, Walnut Creek, CA 94598",中式面馆/粤式点心,粤菜/港式,普通话/粤语,Google 分类：Chinese restaurant / Cantonese restaurant / Caterer; 无中文店名，按地区菜系推断
东湾,Walnut Creek,,中,,Sichuan House,,"2064H Treat Blvd, Walnut Creek, CA 94598",川菜,川湘/西南,普通话,Google 分类：Chinese restaurant / Asian restaurant / Restaurant; 简介：Chinese joint serving regional cuisine; 无中文店名，按地区菜系推断
东湾,Walnut Creek,,低,,China Palace Restaurant,,"2932 N Main St, Walnut Creek, CA 94596",美式中餐,美式中餐/越南华人,普通话,Google 分类：Chinese restaurant; 简介：Unassuming option for Chinese dining; 无中文店名，美式中餐风格，弱推断
东湾,Walnut Creek,,低,,Dragon's Arch,,"1353 Locust St, Walnut Creek, CA 94596",美式中餐,美式中餐/越南华人,普通话,Google 分类：Chinese restaurant / Asian fusion restaurant / Asian restaurant; 简介：Modern Chinese fixture with classic fare; 无中文店名，美式中餐风格，弱推断
东湾,Walnut Creek,,低,,Kung Fu Kitchen,,"1562 Palos Verdes Mall, Walnut Creek, CA 94597",中餐,其他中餐,普通话,Google 分类：Chinese restaurant; 无中文店名，仅泛称中餐，弱推断
东湾,Walnut Creek,,低,,Modern China,,"1525 N Main St, Walnut Creek, CA 94596",中餐,其他中餐,普通话,Google 分类：Chinese restaurant / Bar & grill / Live music venue; 简介：Chinese eatery with front patio seating; 无中文店名，仅泛称中餐，弱推断
东湾,Walnut Creek,,低,,Peony Garden,,"1448 S Main St, Walnut Creek, CA 94596",中餐,其他中餐,普通话,Google 分类：Chinese restaurant / Asian restaurant; 简介：Creative Pan-Asian fare in a chic space; 无中文店名，仅泛称中餐，弱推断
东湾,Walnut Creek,,低,,Yan's China Bistro & Bar,,"2929 N Main St, Walnut Creek, CA 94597",美式中餐,美式中餐/越南华人,普通话,Google 分类：Chinese restaurant / Bar / Bistro; 简介：Modern Chinese eatery with full bar; 无中文店名，美式中餐风格，弱推断
南湾,Campbell,,低,,Best Taste Chinese Restaurant,,"2360 S Bascom Ave, Campbell, CA 95008",美式中餐,美式中餐/越南华人,普通话,Family-operated Chinese restaurant for 20+ years; language not confirmed
南湾,Campbell,,低,,Blue Sky,,"2028 S Winchester Blvd, Campbell, CA 95008",美式中餐,美式中餐/越南华人,普通话,Chinese family restaurant for 12+ years; language not confirmed
南湾,Campbell,,低,,Chef Li Kitchen,,"2360 S Bascom Ave B, Campbell, CA 95008",中餐,其他中餐,普通话,Google 分类：Chinese restaurant / Caterer / Takeout Restaurant; 无中文店名，仅泛称中餐，弱推断
南湾,Campbell,,低,,Dough Zone Dumpling House (Pruneyard),,"1875 S Bascom Ave, Campbell, CA 95008",饺子/面食,面食/饺子,普通话,Chinese dumpling chain; listed in OSM at the Pruneyard; staff language not confirmed
南湾,Campbell,,低,,Oriental Garden Restaurant,,"2895 S Bascom Ave, Campbell, CA 95008",美式中餐,美式中餐/越南华人,普通话,Chinese-American menu; language not confirmed
南湾,Cupertino,,高,,BZZ Claypot,煲仔正,"10869 N Wolfe Rd, Cupertino, CA 95014 (Cupertino Village)",港式煲仔饭,粤菜/港式,普通话/粤语,Chinese name on listing; reviews compare it to Guangzhou claypot rice; HK/Cantonese-style spot
南湾,Cupertino,,高,,Changsha Rice Noodle,长沙米粉,"10911 N Wolfe Rd Ste b, Cupertino, CA 95014",中式面馆,面食/饺子,普通话,Google 地图中文版显示中文店名「长沙米粉」（商家自行登记）; Google 分类：Chinese noodle restaurant
南湾,Cupertino,,高,,Chuan Xiang Kitchen,川湘小厨,"19541 Richwood Dr, Cupertino, CA 95014",川菜,川湘/西南,普通话,Google 地图店名含中文「川湘小厨」; Google 分类：Chinese restaurant
南湾,Cupertino,,高,,Dainty Cuisine,珍味美食,"10445 S De Anza Blvd Unit 106, Cupertino, CA 95014 (EatUp! by 99 Ranch)",上海包子/中式早餐,北方/东北/江浙,普通话,"Chinese name on listing; 99 Ranch food court; Shanghai pan-fried buns, rice balls"
南湾,Cupertino,,高,,Duan Chun Zhen Noodle House,段純貞,"10118 Bandley Dr Ste H, Cupertino, CA 95014",台湾牛肉面,台湾菜,普通话,Taiwanese beef-noodle chain; reviews written in Chinese (手工拉面不错...)
南湾,Cupertino,,高,,DX Braised Chicken Rice,鼎香黄焖鸡,"20803 Stevens Creek Blvd Ste 110, Cupertino, CA 95014",山东黄焖鸡米饭,北方/东北/江浙,普通话,Chinese name on listing; reviews call it Northwestern-style Chinese classic
南湾,Cupertino,,高,,Easterly,眷湘,"10495 S De Anza Blvd Ste C, Cupertino, CA 95014",湘菜,川湘/西南,普通话,"Chinese name on listing; menu items listed in Chinese (干煸四季豆, 农家土鸡汤...)"
南湾,Cupertino,,高,,Gemini bbq outside only,双子中式烧烤,"20990 W Homestead Rd, Cupertino, CA 95014",中餐,其他中餐,普通话,Google 地图店名含中文「双子中式烧烤」; Google 分类：Restaurant
南湾,Cupertino,,高,,Haidilao Hot Pot,海底捞火锅,"19409 Stevens Creek Blvd #100, Cupertino, CA 95014",四川火锅,火锅/麻辣烫,普通话,China-based chain (海底捞); Chinese name on OSM listing
南湾,Cupertino,,高,,Happy Lamb Hot Pot,快乐小羊,"19062 Stevens Creek Blvd, Cupertino, CA 95014",内蒙羊肉火锅,火锅/麻辣烫,普通话,China-based chain; Chinese name on listing
南湾,Cupertino,,高,,Home Eat,汉家宴,"20588 Stevens Creek Blvd, Cupertino, CA 95014",家常菜/火锅,火锅/麻辣烫,普通话,Chinese name on listing; Chinese deli section and dry pots
南湾,Cupertino,,高,,Hua Qian Dai Grilled Fish,花千代烤魚,"10883B S Blaney Ave, Cupertino, CA 95014",中餐,其他中餐,普通话,Google 地图店名含中文「花千代烤魚」; Google 分类：Chinese restaurant
南湾,Cupertino,,高,,Jade Xiang Yue,湘粵情,"10911 N Wolfe Rd, Cupertino, CA 95014 (Cupertino Village)",湘菜/粤菜,粤菜/港式,普通话/粤语,Chinese name on listing; Hunan/Cantonese menu
南湾,Cupertino,,高,,Kiku Restaurant 향원,香苑,"1655 S De Anza Blvd, Cupertino, CA 95014",中餐,其他中餐,普通话,Google 地图店名含中文「香苑」; Google 分类：Chinese restaurant
南湾,Cupertino,,高,,Koi Palace Contempo,尚品鲤鱼门,"19369 Stevens Creek Blvd #100, Cupertino, CA 95014",新派粤菜/点心,粤菜/港式,普通话/粤语,Own website is bilingual Chinese (鲤鱼门集团); Cantonese group
南湾,Cupertino,,高,,Local Cafe,老街坊茶餐廳,"20956 Homestead Rd Ste H, Cupertino, CA 95014",港式茶餐厅,粤菜/港式,普通话/粤语,Own website is in Chinese with a 香港粵語 option; HK-style menu
南湾,Cupertino,,高,,Meet You BBQ Cupertino,遇见烧烤,"10883B S Blaney Ave, Cupertino, CA 95014",中餐,其他中餐,普通话,Google 地图店名含中文「遇见烧烤」; Google 分类：Restaurant / Barbecue restaurant
南湾,Cupertino,,高,,Mian Sichuan Noodles,滋味小麵,"19389 Stevens Creek Blvd, Cupertino, CA 95014 (Main Street)",四川面食,川湘/西南,普通话,Chinese name on listing; Sichuan noodle chain; QR-code ordering
南湾,Cupertino,,高,,Mifen Yo •,烤鱼,"19066 Stevens Creek Blvd, Cupertino, CA 95014",中餐,其他中餐,普通话,Google 地图店名含中文「烤鱼」; Google 分类：Halal restaurant
南湾,Cupertino,,高,,Mingkee Deli,西關明記腸粉,"20956 Homestead Rd Ste G, Cupertino, CA 95014",广式肠粉/粥,粤菜/港式,普通话/粤语,Own website uses the Chinese name 西關明記腸粉 (Guangzhou Xiguan style) plus a Traditional Chinese option
南湾,Cupertino,,高,,Nutrition Restaurant,,"10935 N Wolfe Rd, Cupertino, CA 95014 (Cupertino Village)",北方菜/台湾菜,台湾菜,普通话,"Review summary: having a friend who speaks Chinese helps with ordering (iPad menu), so staff mostly speak Chinese"
南湾,Cupertino,,高,,Ox 9 Lanzhou Handpulled Noodles,九牛兰州拉面,"10745 S De Anza Blvd, Cupertino, CA 95014",兰州牛肉面,西北/新疆/清真,普通话,Chinese name on OSM; ordering site offers 简体中文
南湾,Cupertino,,高,,Royal Cuisine,御食坊,"10477 S De Anza Blvd, Cupertino, CA 95014",北方/东北菜,北方/东北/江浙,普通话,"Chinese name; reviews quote Chinese dish names (東北扣肉, 冬瓜燉排骨)"
南湾,Cupertino,,高,,TLT & Grill,汤司令烧烤,"20371 Stevens Creek Blvd, Cupertino, CA 95014",中式烧烤串,其他中餐,普通话,Chinese name on listing; one review is written in Chinese
南湾,Cupertino,,高,,XiangBobo Hunan Cuisine,湘卜卜·新派湖南菜,"10877 N Wolfe Rd, Cupertino, CA 95014",湘菜,川湘/西南,普通话,Google 地图店名含中文「湘卜卜·新派湖南菜」; Google 分类：Asian restaurant / Hunan restaurant
南湾,Cupertino,,高,,XPP Claypot XiaoPoPo,肖婆婆砂锅,"20950 Stevens Creek Blvd, Cupertino, CA 95014",川菜,川湘/西南,普通话,Google 地图店名含中文「肖婆婆砂锅」; Google 分类：Chinese restaurant / Restaurant / Sichuan restaurant
南湾,Cupertino,,高,,YGF Malatang,杨国福麻辣烫,"19672 Stevens Creek Blvd, Cupertino, CA 95014",麻辣烫,火锅/麻辣烫,普通话,China-based chain (Yang Guo Fu); review mentions Chinese items (油条) and staff
南湾,Cupertino,,高,,Yu Noodle,愚小面,"10893 N Wolfe Rd, Cupertino, CA 95014 (Cupertino Village)",四川面食,川湘/西南,普通话,"Chinese name on listing; reviews say run by a married couple of Sichuan head chefs, next to 99 Ranch"
南湾,Cupertino,,中,,Apple Green Bistro,青苹果餐厅,"10885 N Wolfe Rd, Cupertino, CA 95014 (Cupertino Village)",川菜/中餐,川湘/西南,普通话,Google 地图中文版显示中文店名「青苹果餐厅」; In Cupertino Village; a review from a Chinese family calls it their favorite; Sichuan boiled fish etc.
南湾,Cupertino,,中,,Bento Corner,,"10118A Bandley Dr, Cupertino, CA 95014",台式/中式外卖便当,台湾菜,普通话,Menu items in Chinese (滷肉拌麵); Chinese takeout
南湾,Cupertino,,中,,C.Q. Taste,,"10815 N Wolfe Rd Ste 101B, Cupertino, CA 95014",川菜,川湘/西南,普通话,Google 分类：Chinese restaurant / Fast food restaurant / Noodle shop; 简介：Varied Thai dishes & lunch specials; 无中文店名，按地区菜系推断
南湾,Cupertino,,中,,Grandma's Kitchen,,"19541 Richwood Dr, Cupertino, CA 95014",湘菜,川湘/西南,普通话,Hunan home cooking; owner described as welcoming; several reviews appear translated from Chinese
南湾,Cupertino,,中,,Hui Lau Shan,許留山,"19620 Stevens Creek Blvd Ste 190, Cupertino, CA 95014",港式甜品,粤菜/港式,普通话/粤语,Hong Kong dessert brand; Chinese name
南湾,Cupertino,,中,,Joy Dumpling,,"10895 S Blaney Ave, Cupertino, CA 95014",台式饺子/面食,台湾菜,普通话,"Taiwanese XLB/beef noodle house; a review compares it with Chinese-named dumpling houses (松滿湯包, 勝鮮湯包)"
南湾,Cupertino,,中,,Joy Square,,"10851 N Wolfe Rd, Cupertino, CA 95014 (Cupertino Village)",川菜,川湘/西南,普通话,"Review: 'Boss from Chengdu, Sichuan food is very authentic'"
南湾,Cupertino,,中,,Lei Garden,,"10125 Bandley Dr, Cupertino, CA 95014",粤式点心/海鲜,粤菜/港式,普通话/粤语,Cantonese dim sum/seafood house; website offers poon choi (盆菜) set menus
南湾,Cupertino,,中,,Liang's Village,,"20530 Stevens Creek Blvd, Cupertino, CA 95014",台湾菜,台湾菜,普通话,Well-known Taiwanese spot (also called Liang's Mama)
南湾,Cupertino,,中,,Liukoushui Chongqing Noodles,流口水,"19052 Stevens Creek Blvd, Cupertino, CA 95014",重庆小面/麻辣烫,火锅/麻辣烫,普通话,Chongqing noodle/malatang shop (name is a pinyin Chinese name)
南湾,Cupertino,,中,,Mala Mala,,"10851 N Wolfe Rd, Cupertino, CA 95014",火锅,火锅/麻辣烫,普通话,Google 分类：Chinese restaurant; 无中文店名，按地区菜系推断
南湾,Cupertino,,中,,Mia's,,"10118 Bandley Dr Ste g, Cupertino, CA 95014",台湾菜,台湾菜,普通话,Google 分类：Taiwanese restaurant / Bubble tea store; 无中文店名，按地区菜系推断
南湾,Cupertino,,中,,Mr. Ma's Kitchen,川卤霸王,"10118 Bandley Dr Ste A, Cupertino, CA 95014",四川凉面/外卖,川湘/西南,普通话,"Google 地图中文版显示中文店名「川卤霸王」; Owner-run takeout (reviews mention the boss); dandan noodles, chili-oil chicken"
南湾,Cupertino,,中,,O2 Valley Cupertino,,"19058 Stevens Creek Blvd, Cupertino, CA 95014",台湾菜,台湾菜,普通话,Google 分类：Taiwanese restaurant / Bubble tea store; 无中文店名，按地区菜系推断
南湾,Cupertino,,中,,Orange Square,,"20343 Stevens Creek Blvd, Cupertino, CA 95014",台湾菜,台湾菜,普通话,Google 分类：Taiwanese restaurant; 无中文店名，按地区菜系推断
南湾,Cupertino,,中,,Ping's Bistro,,"10700 S De Anza Blvd, Cupertino, CA 95014",云南菜,川湘/西南,普通话,Yunnan cuisine (mushroom dishes)
南湾,Cupertino,,中,,Qing Shu Malatang & Nai Brother Fish,,"10445 S De Anza Blvd Unit 105, Cupertino, CA 95014 (EatUp! by 99 Ranch)",麻辣烫/酸菜鱼,火锅/麻辣烫,普通话,China-style malatang + pickled fish in the 99 Ranch food court
南湾,Cupertino,,中,,QQ Noodle,,"10889 S Blaney Ave, Cupertino, CA 95014",台式/川味手工面,台湾菜,普通话,Handmade-noodle shop; reviews use Chinese spice terms (少辣); cash only
南湾,Cupertino,,中,,Red Hot Wok,,"10074 E Estates Dr, Cupertino, CA 95014",台湾家常菜,台湾菜,普通话,Taiwanese family-style; reviews say it tastes nostalgic for Taiwan
南湾,Cupertino,,中,,Shanghai Bun Dynasty,外灘十八號,"19634 Stevens Creek Blvd, Cupertino, CA 95014",上海菜,北方/东北/江浙,普通话,"Google 地图中文版显示中文店名「Shanghai Bun Dynasty 外灘十八號」; Shanghai XLB, pan-fried buns, rice cakes; Chinese-run"
南湾,Cupertino,,中,,Shihlin Taiwan Street Snacks,士林,"10445 S De Anza Blvd Ste 102, Cupertino, CA 95014 (EatUp! by 99 Ranch)",台湾街头小吃,台湾菜,普通话,Taiwanese chain (popcorn chicken) in the 99 Ranch food court
南湾,Cupertino,,中,,Special Noodle Soup,,"10275 S De Anza Blvd, Cupertino, CA 95014",潮州粉面/海南鸡饭,美式中餐/越南华人,普通话/粤语,"Chiu Chow broth, oyster pancake, Hainan chicken"
南湾,Cupertino,,中,,Taiwan Porridge Kingdom,小劉清粥,"20956 Homestead Rd Ste A1, Cupertino, CA 95014",台式清粥小菜,台湾菜,普通话,Chinese name on OSM; open 20+ years; reviews compare it to Chinatown service
南湾,Cupertino,,中,,Taste Good Beijing Cuisine- Cupertino,,"20916 Homestead Rd, Cupertino, CA 95014",北京菜,北方/东北/江浙,普通话,Google 分类：Chinese restaurant / Asian restaurant; 无中文店名，按地区菜系推断
南湾,Cupertino,,中,,Wei's Fish,,"10520 S De Anza Blvd, Cupertino, CA 95014",酸菜鱼,川湘/西南,普通话,Sichuan pickled-cabbage fish soup shop
南湾,Cupertino,,中,,XLB Kitchen,,"10235 S De Anza Blvd, Cupertino, CA 95014",上海菜/川菜,川湘/西南,普通话,"Owner usually on site; XLB, chili oil wontons"
南湾,Cupertino,,低,,Beijing BBQ,,"20916 Homestead Rd, Cupertino, CA 95014",北方烧烤串,北方/东北/江浙,普通话,Northern Chinese skewers and tofu-skin dishes
南湾,Cupertino,,低,,Dough Zone Dumpling House,,"19600 Vallco Pkwy Unit 130, Cupertino, CA 95014",饺子/面食,面食/饺子,普通话,Chinese dumpling chain; staff language not confirmed
南湾,Cupertino,,低,,Jin Gege & YaoYao,,"19628 Stevens Creek Blvd, Cupertino, CA 95014",中餐,其他中餐,普通话,Google 分类：Chinese restaurant; 无中文店名，仅泛称中餐，弱推断
南湾,Gilroy,,低,,China Delight,,"8045 Wren Ave, Gilroy, CA 95020",中餐,其他中餐,普通话,Google 分类：Chinese restaurant; 无中文店名，仅泛称中餐，弱推断
南湾,Gilroy,,低,,Ginger Cafe,,"8657 San Ysidro Ave, Gilroy, CA 95020",中餐,其他中餐,普通话,Google 分类：Chinese restaurant / Asian restaurant / Restaurant; 简介：Southeast Asian-flavored Chinese cuisine; 无中文店名，仅泛称中餐，弱推断
南湾,Gilroy,,低,,Mr. Hong's - Gilroy,,"1210 1st St, Gilroy, CA 95020",中餐,其他中餐,普通话,Google 分类：Chinese restaurant / Chinese takeaway; 无中文店名，仅泛称中餐，弱推断
南湾,Gilroy,,低,,Pineapple Village,,"769 1st St, Gilroy, CA 95020",中餐,其他中餐,普通话,Google 分类：Chinese restaurant / Asian fusion restaurant; 简介：Casual Southeast Asian spot with a patio; 无中文店名，仅泛称中餐，弱推断
南湾,Gilroy,,低,,The Wok,,"2939+QP, 3050 Hecker Pass Hwy, Gilroy, CA 95020",美式中餐,美式中餐/越南华人,普通话,Google 分类：Chinese restaurant; 无中文店名，美式中餐风格，弱推断
南湾,Los Altos,,高,是,Charley Noodle & Grill (Charley's),,"244 State St, Los Altos, CA 94022",亚洲融合/面食,面食/饺子,普通话,Review: 'she is bilingual speaking both english and chinese 服务员可以说英文和中文'
南湾,Los Altos,,高,,Noodle Talk,福牛堂湘味馆,"4546 El Camino Real #A6, Los Altos, CA 94022",湖南粉面,川湘/西南,普通话,湾区华人资讯网中文商家目录收录中文店名
南湾,Los Altos,,中,,Chef Chu's,,"1067 N San Antonio Rd, Los Altos, CA 94022",中餐,粤菜/港式,普通话/粤语,Family-run by Chef Lawrence Chu since 1970
南湾,Los Gatos,,高,,國宴主廚李建軒,國宴主廚李建軒,"19480 Bear Creek Rd, Los Gatos, CA 95033",中餐,其他中餐,普通话,Google 地图店名含中文「國宴主廚李建軒」; Google 分类：Chinese restaurant
南湾,Los Gatos,,低,,Shangri-La,,"784 Blossom Hill Rd, Los Gatos, CA 95032",美式中餐,美式中餐/越南华人,普通话,Long-running Chinese-American restaurant; language not confirmed
南湾,Los Gatos,,低,,Taba Taba China Bistro,,"20 S Santa Cruz Ave, Los Gatos, CA 95030",美式中餐,美式中餐/越南华人,普通话,Chinese bistro in downtown Los Gatos; language not confirmed
南湾,Los Gatos,,低,,Tea Garden Chinese Restaurant,,"14030 Blossom Hill Rd, Los Gatos, CA 95032",美式中餐外卖,美式中餐/越南华人,普通话,"Chinese takeout, new management; language not confirmed"
南湾,Los Gatos,,低,,Tsing Tao,,"15525 Los Gatos Blvd, Los Gatos, CA 95032",中餐,其他中餐,普通话,Google 分类：Chinese restaurant; 简介：Unfussy local standby for familiar fare; 无中文店名，仅泛称中餐，弱推断
南湾,Milpitas,,高,,DH Noodles & Grill,敦煌兰州牛肉拉面,"496 Barber Ln, Milpitas, CA 95035",兰州牛肉面,西北/新疆/清真,普通话,Listed with Chinese name 敦煌兰州牛肉拉面
南湾,Milpitas,,高,,Fen Classic Guilin Rice Noodles,合味桂林米粉,"542 Barber Ln, Milpitas, CA 95035",中式面馆,面食/饺子,普通话,Google 地图店名含中文「合味桂林米粉」; Google 分类：Chinese noodle restaurant
南湾,Milpitas,,高,,FT BBQ,奉天烧烤,"660 Barber Ln, Milpitas, CA 95035",东北菜,北方/东北/江浙,普通话,Google 地图中文版显示中文店名「奉天烧烤」（商家自行登记）; Google 分类：Chinese restaurant / Barbecue restaurant / Restaurant; 简介：Chinese-style BBQ in a modest space
南湾,Milpitas,,高,,GAO’s BBQ & Crab Milpitas,老高烧烤旧金山店,"1741 N Milpitas Blvd, Milpitas, CA 95035",中餐,其他中餐,普通话,Google 地图店名含中文「老高烧烤旧金山店」; Google 分类：Chinese restaurant / Barbecue restaurant / Seafood restaurant
南湾,Milpitas,,高,,Golden Sun Palace,香港樓,"1678 N Milpitas Blvd, Milpitas, CA 95035",港式点心,粤菜/港式,普通话/粤语,"Listed under Chinese name 香港樓; bilingual menu (豉汁凤爪, 香港楼虾饺)"
南湾,Milpitas,,高,,Hanson's Pastry,老宅门面食坊,"1726 N Milpitas Blvd, Milpitas, CA 95035",北方面点/包子,北方/东北/江浙,普通话,Listed as 'Hanson's Pastry since 2011老宅门面食坊'
南湾,Milpitas,,高,,Henan Braised Noodle,好一方烩面,"1470 N Milpitas Blvd, Milpitas, CA 95035",中式面馆,面食/饺子,普通话,Google 地图店名含中文「好一方烩面」; Google 分类：Chinese noodle restaurant / Chinese restaurant
南湾,Milpitas,,高,,Home Eat,汉家宴,"605 Great Mall Dr, Milpitas, CA 95035",川菜/中餐（Great Mall 美食广场）,川湘/西南,普通话,Chinese name 汉家宴 on social page; Sichuan dishes
南湾,Milpitas,,高,,Honey Express Bento & Tea,甜心便當奶茶,"279 Jacklin Rd, Milpitas, CA 95035",台湾菜,台湾菜,普通话,Google 地图店名含中文「甜心便當奶茶」; Google 分类：Taiwanese restaurant / Bubble tea store / Chinese restaurant
南湾,Milpitas,,高,,JiangNan Delicacy,江南雅厨,"1750 N Milpitas Blvd, Milpitas, CA 95035",上海菜,北方/东北/江浙,普通话,Google 地图店名含中文「江南雅厨」; Google 分类：Restaurant
南湾,Milpitas,,高,,Joyful Cafe,君临小馆,"1756 N Milpitas Blvd, Milpitas, CA 95035",中餐,其他中餐,普通话,Google 地图店名含中文「君临小馆」; Google 分类：Chinese restaurant / Restaurant
南湾,Milpitas,,高,,Koi Palace - Milpitas,鯉魚門,"768 Barber Ln, Milpitas, CA 95035",粤式点心/海鲜,粤菜/港式,普通话/粤语,Official site uses Chinese name 鯉魚門 + bilingual menus (臻選菜單/特色餐單); HK-style banquet chain
南湾,Milpitas,,高,,Kusan Bazaar | Silk Road Grill & Noodles,龟兹集市,"510 Barber Ln, Milpitas, CA 95035",维吾尔/新疆菜,西北/新疆/清真,普通话,Listed with Chinese name 龟兹集市 (维吾尔餐厅); reviewer from Henan
南湾,Milpitas,,高,,Liu Roast Fish,老劉家烤鱼烤串,"550 Barber Ln, Milpitas, CA 95035",川味烤鱼/烤串,川湘/西南,普通话,Listed with Chinese name 老劉家烤鱼烤串
南湾,Milpitas,,高,,Mala Town,自选麻辣烫,"438 Barber Ln, Milpitas, CA 95035",四川麻辣烫,火锅/麻辣烫,普通话,Listed with Chinese name 自选麻辣烫; mainland-style malatang
南湾,Milpitas,,高,,Mian Sichuan Noodle and Dumpling Milpitas,滋味小面,"181 W Calaveras Blvd, Milpitas, CA 95035",饺子,面食/饺子,普通话,Google 地图店名含中文「滋味小面」; Google 分类：Restaurant / Dumpling restaurant
南湾,Milpitas,,高,,New China Foods,新中华快餐,"1836 N Milpitas Blvd, Milpitas, CA 95035",中餐,其他中餐,普通话,Google 地图中文版显示中文店名「新中华快餐」（商家自行登记）; Google 分类：Chinese restaurant
南湾,Milpitas,,高,,OK Noodle,西北拉面,"52 S Abel St, Milpitas, CA 95035",中式面馆,面食/饺子,普通话,Google 地图中文版显示中文店名「西北拉面」（商家自行登记）; Google 分类：Chinese noodle restaurant / Chinese restaurant; 简介：Chinese noodles in utilitarian surrounds
南湾,Milpitas,,高,,Shihlin Taiwan Street Snacks,士林台湾小吃,"ENTRY # 4 -Food Court, 447 Great Mall Dr, Milpitas, CA 95035",台湾菜,台湾菜,普通话,Google 地图中文版显示中文店名「士林台湾小吃」（商家自行登记）; Google 分类：Taiwanese restaurant / Restaurant
南湾,Milpitas,,高,,Super Potato,粉阿姐超级土豆粉,"177 W Calaveras Blvd, Milpitas, CA 95035",中餐,其他中餐,普通话,Google 地图中文版显示中文店名「粉阿姐超级土豆粉」（商家自行登记）; Google 分类：Chinese restaurant / Noodle shop / Restaurant
南湾,Milpitas,,高,,Tasty Pot,味鼎,"222 Barber Ct, Milpitas, CA 95035",台式个人小火锅,火锅/麻辣烫,普通话,Listed as '味鼎 - 風靡灣區的小火鍋'; Taiwanese chain; Chinese menu (台式臭臭锅)
南湾,Milpitas,,高,,和記海南雞飯,和記海南雞飯,"1735 N Milpitas Blvd, Milpitas, CA 95035",中餐,其他中餐,普通话,Google 地图店名含中文「和記海南雞飯」; Google 分类：Chinese restaurant
南湾,Milpitas,,中,,Cheung Hing Restaurant,祥興,"1235 E Calaveras Blvd, Milpitas, CA 95035",粤式烧腊/点心,粤菜/港式,普通话/粤语,Cantonese roast-meat house; reviews: 'Authentic Cantonese food'; Chinese menu (珍珠糯米鸡)
南湾,Milpitas,,中,,Chick & Tea Milpitas,,"1723 N Milpitas Blvd, Milpitas, CA 95035",台湾菜,台湾菜,普通话,Google 分类：Taiwanese restaurant / Restaurant / Tea house; 无中文店名，按地区菜系推断
南湾,Milpitas,,中,,Chili Garden,山城私房菜,"278 Barber Ct, Milpitas, CA 95035",川菜,川湘/西南,普通话,Google 地图中文版显示中文店名「山城私房菜 隐烫 Chili Garden」; Sichuan; Chinese menu (山城麻辣海鲜锅); 'the owner is genuinely so nice'
南湾,Milpitas,,中,,China Rose,,"387 Jacklin Rd Suite 3225, Milpitas, CA 95035",粤菜/上海菜,粤菜/港式,普通话/粤语,Family-run Chinese; owner accommodates low-salt/no-MSG requests; reviewer 'born and raised in China' regular
南湾,Milpitas,,中,,Darda Seafood Restaurant,清真達達海鮮館,"296 Barber Ct, Milpitas, CA 95035",北方清真菜,西北/新疆/清真,普通话,Long-standing Hui/halal Chinese restaurant; 'Islamic Chinese decorations'
南湾,Milpitas,,中,,Hand pulled noodle,,"52 S Abel St, Milpitas, CA 95035",中式面馆,面食/饺子,普通话,Google 分类：Chinese restaurant; 无中文店名，按地区菜系推断
南湾,Milpitas,,中,,Highland Noodles,,"1720 N Milpitas Blvd, Milpitas, CA 95035",兰州/西北面食,西北/新疆/清真,普通话,Chinese menu (兰州牛肉拉面); Ulferts Center
南湾,Milpitas,,中,,HL Peninsula Restaurant - Milpitas,半島豪庭,"136 Ranch Dr, Milpitas, CA 95035",粤式点心/海鲜,粤菜/港式,普通话/粤语,"HK-style dim sum chain; menu items in Chinese (潮式粉果, 酥皮流沙包); Chinese-name reviews"
南湾,Milpitas,,中,,Hometown Kitchen,,"1245 Jacklin Rd, Milpitas, CA 95035",湘菜,川湘/西南,普通话,Hunan (Xiang) cuisine; Chinese menu (蒸手工湖南烧麦)
南湾,Milpitas,,中,,Hui Lau Shan,许留山,"288 Barber Ct, Milpitas, CA 95035",港式甜品,粤菜/港式,普通话/粤语,HK dessert chain branch in Milpitas Square
南湾,Milpitas,,中,,Jin Gege & Yao Yao,,"516 Barber Ln, Milpitas, CA 95035",港式/粤菜、川菜、上海菜,粤菜/港式,普通话/粤语,HK-style Chinese; iPad ordering with Chinese-English translation noted by reviewer
南湾,Milpitas,,中,,Jun Bistro,,"290 Barber Ct, Milpitas, CA 95035",云南菜,川湘/西南,普通话,Yunnan mushroom hot pot; Chinese menu (菌子一锅鲜)
南湾,Milpitas,,中,,Kathmandu Cuisine Milpitas,,"138 S Main St, Milpitas, CA 95035",饺子/客家菜,面食/饺子,普通话,Google 分类：Chinese restaurant / Nepalese restaurant / Dumpling restaurant; 简介：Snug kitchen dishing up Nepalese eats; 无中文店名，按地区菜系推断
南湾,Milpitas,,中,,Mayflower Seafood Restaurant,五月花海鮮酒家,"428 Barber Ln, Milpitas, CA 95035",粤式点心/海鲜,粤菜/港式,普通话/粤语,"Long-running Cantonese seafood/dim sum house in Milpitas Square; Chinese menu (蝦餃, 芝麻球)"
南湾,Milpitas,,中,,Mokkoji Shabu Shabu Bar,,"1425 McCandless Dr, Milpitas, CA 95035",火锅,火锅/麻辣烫,普通话,Google 分类：Hot pot restaurant; 无中文店名，按地区菜系推断
南湾,Milpitas,,中,,More Than Bento,,"682 Barber Ln, Milpitas, CA 95035",上海小吃/馄饨,北方/东北/江浙,普通话,"Shanghai-style desserts & wontons; Chinese menu (香卤鸭脖, 卤汁花生)"
南湾,Milpitas,,中,,Mr. Hello Luosifen,,"190 Ranch Dr, Milpitas, CA 95035",广西螺蛳粉,川湘/西南,普通话,Guangxi luosifen/laoyou noodles (mainland regional)
南湾,Milpitas,,中,,New Hwong Kok Restaurant,新旺角,"1705 N Milpitas Blvd, Milpitas, CA 95035",粤式点心/烧腊熟食,粤菜/港式,普通话/粤语,HK-style dim sum deli (Ulferts Center); listing notes 'popular among native Chinese customers'
南湾,Milpitas,,中,,O2 Valley,,"41 Serra Way #106, Milpitas, CA 95035",台湾菜,台湾菜,普通话,Google 分类：Taiwanese restaurant; 无中文店名，按地区菜系推断
南湾,Milpitas,,中,,Ocean Pearl Restaurant,,"206 Barber Ct, Milpitas, CA 95035",粤菜,粤菜/港式,普通话/粤语,Cantonese-style Chinese restaurant in Milpitas Square
南湾,Milpitas,,中,,Shancheng Lameizi,山城辣妹子,"286 Barber Ct, Milpitas, CA 95035",川渝火锅,火锅/麻辣烫,普通话,Chongqing hot pot; Chinese menu (辣妹九宫格)
南湾,Milpitas,,中,,Shanghai Delight,,"218 Barber Ct, Milpitas, CA 95035",上海菜,北方/东北/江浙,普通话,Shanghai-style; Chinese menu (鱼香茄子)
南湾,Milpitas,,中,,Shihlin Taiwan Street Snacks,士林台湾小吃,"522 Barber Ln, Milpitas, CA 95035",台湾小吃,台湾菜,普通话,"Taiwanese chain; Chinese menu (鹽酥雞, 超大雞腿排)"
南湾,Milpitas,,中,,Special Noodle,四姐,"402 Barber Ln, Milpitas, CA 95035",面食/饺子,面食/饺子,普通话,"四姐 Special Noodle chain; Chinese menu (四姐冰花煎饺, 红汤牛肉面)"
南湾,Milpitas,,中,,Taiwan Cafe,,"568 N Abel St, Milpitas, CA 95035",台湾菜,台湾菜,普通话,"Taiwanese street food; Chinese menu (五更腸旺, 肉羹麵, 萬巒豬腳)"
南湾,Milpitas,,中,,Taiwan Porridge,小刘清粥,"1706 N Milpitas Blvd, Milpitas, CA 95035",台式清粥小菜,台湾菜,普通话,Google 地图中文版显示中文店名「小刘清粥」; Taiwanese congee & small plates; Chinese menu (腸旺)
南湾,Milpitas,,中,,Taste Good Beijing Cuisine,,"76 S Abel St, Milpitas, CA 95035",北京/北方菜,北方/东北/江浙,普通话,Beijing-style; Chinese menu (京酱肉丝)
南湾,Milpitas,,中,,Tasty noodles & dumplings,,"103 N Milpitas Blvd, Milpitas, CA 95035",饺子,面食/饺子,普通话,Google 分类：Restaurant / Dumpling restaurant; 无中文店名，按地区菜系推断
南湾,Milpitas,,中,,The Bento Box,,"228 Barber Ct, Milpitas, CA 95035",台式便当,台湾菜,普通话,"'Authentic Taiwanese food', friendly owner"
南湾,Milpitas,,中,,The Rice House,,"678 Barber Ln, Milpitas, CA 95035",粤式煲仔饭,粤菜/港式,普通话/粤语,"Claypot rice; Chinese dish names (北菇滑鸡煲仔饭, 金牌臘味煲仔飯)"
南湾,Milpitas,,中,,Xian Kitchen,西安食府,"300 Barber Ct, Milpitas, CA 95035",西安/陕西菜,西北/新疆/清真,普通话,Google 地图中文版显示中文店名「西安食府」; Xi'an food; reviews cite 大盘鸡 and biangbiang面
南湾,Milpitas,,中,,YGF Malatang,杨国福麻辣烫,"540 Barber Ln, Milpitas, CA 95035",麻辣烫,火锅/麻辣烫,普通话,Branch of mainland Chinese chain 杨国福
南湾,Milpitas,,中,,Yin Ji Chang Fen - Milpitas,银记肠粉,"1832 N Milpitas Blvd, Milpitas, CA 95035",广式肠粉,粤菜/港式,普通话/粤语,Guangzhou chang fen chain (mainland brand); Chinese-owned
南湾,Milpitas,,中,,Yuan Bistro,,"42 Dixon Rd, Milpitas, CA 95035",北方/东北菜、湘菜,川湘/西南,普通话,Dongbei/northern Chinese; Chinese menu (湘味木盆啤酒鸭)
南湾,Milpitas,,低,,Asiana Restaurant,,"775 E Capitol Ave, Milpitas, CA 95035",越南华人菜,美式中餐/越南华人,粤语,Chinese-Vietnamese cuisine; inferred
南湾,Milpitas,,低,,Chef P's Restaurant,,"1535 Landess Ave, Milpitas, CA 95035",中餐,其他中餐,普通话,Google 分类：Chinese restaurant; 简介：Cozy no-frills spot for basic Chinese; 无中文店名，仅泛称中餐，弱推断
南湾,Milpitas,,低,,China Palace Restaurant,,"688 Barber Ln, Milpitas, CA 95035",美式中餐,美式中餐/越南华人,普通话,Google 分类：Chinese restaurant; 简介：Late-night standby for Chinese fare; 无中文店名，美式中餐风格，弱推断
南湾,Milpitas,,低,,Luu New Tung Kee Noodle,,"481 E Calaveras Blvd, Milpitas, CA 95035",潮州/越南华人粉面,美式中餐/越南华人,粤语/潮州话,Teochew-Vietnamese Chinese noodle house (Tung Kee lineage); inferred
南湾,Milpitas,,低,,Milpitas Buffet,,"24 S Abbott Ave, Milpitas, CA 95035",美式中餐,美式中餐/越南华人,普通话,Google 分类：Chinese restaurant / Buffet restaurant; 简介：Casual spot for Japanese & Chinese fare; 无中文店名，美式中餐风格，弱推断
南湾,Milpitas,,低,,Noodle Net,,"1557 Landess Ave, Milpitas, CA 95035",中餐,其他中餐,普通话,Google 分类：Chinese restaurant / Noodle shop / Ramen restaurant; 无中文店名，仅泛称中餐，弱推断
南湾,Milpitas,,低,,Orange Square Milpitas,,"1790 Milmont Dr, Milpitas, CA 95035",台湾菜,台湾菜,普通话,Categorized Taiwanese (beef brisket square); no Chinese-language evidence found
南湾,Milpitas,,低,,Shihlin Taiwan Street Snacks (Great Mall),士林台湾小吃,"447 Great Mall Dr (Food Court Entry #4), Milpitas, CA 95035",台湾小吃,台湾菜,普通话,Great Mall food-court branch of Taiwanese chain
南湾,Milpitas,,低,,TK Noodle,,"1687 N Milpitas Blvd, Milpitas, CA 95035",潮州/越南华人粉面,美式中餐/越南华人,粤语/潮州话,Chinese-Vietnamese noodle soup; inferred
南湾,Milpitas,,低,,Yin Tang Spicy Hot Pot,,"278 Barber Ct, Milpitas, CA 95035",四川火锅,火锅/麻辣烫,普通话,Traditional Sichuan hot pot; reviewer says it eased homesickness on China business trip; few reviews
南湾,Morgan Hill,,低,,Mr. Hong's - Morgan Hill,,"16745 Monterey Hwy, Morgan Hill, CA 95037",中餐,其他中餐,普通话,Google 分类：Chinese restaurant / Chinese takeaway / Restaurant; 无中文店名，仅泛称中餐，弱推断
南湾,Morgan Hill,,低,,Taste of China,,"15858 Monterey Rd, Morgan Hill, CA 95037",中餐,其他中餐,普通话,Google 分类：Chinese restaurant; 无中文店名，仅泛称中餐，弱推断
南湾,Mountain View,,高,,Four Seasons Tea House Hot Pot,四季茶馆火锅,"134 Castro St, Mountain View, CA 94041",火锅,火锅/麻辣烫,普通话,湾区华人资讯网中文商家目录收录中文店名
南湾,Mountain View,,高,,Hunan Szechuan Cuisine,川湘小馆,"1350 Grant Rd #8, Mountain View, CA 94040",湘菜/川菜,川湘/西南,普通话,湾区华人资讯网中文商家目录收录中文店名
南湾,Mountain View,,高,,Kirin Chinese Fusion,麒麟阁,"485 Castro St, Mountain View, CA 94041",粤菜/中餐,粤菜/港式,普通话/粤语,湾区华人资讯网中文商家目录收录中文店名; reviews call it Cantonese style
南湾,Mountain View,,高,,Mifen101,幺零幺（原花溪王）,"841 Villa St, Mountain View, CA 94041",贵州米粉,川湘/西南,普通话,湾区华人资讯网中文商家目录收录中文店名
南湾,Mountain View,,高,,Queen House Chinese Restaurant,元宝之家,"273 Castro St, Mountain View, CA 94041",台湾菜/中餐,台湾菜,普通话,湾区华人资讯网中文商家目录收录中文店名
南湾,Mountain View,,高,,Zhangliang Malatang,张亮麻辣烫,"246 Castro St, Mountain View, CA 94041",麻辣烫（国内连锁）,火锅/麻辣烫,普通话,China-based chain; Chinese name in directory
南湾,Mountain View,,高,,九牛拉面,九牛拉面,"243 Bryant St, Mountain View, CA 94041",中式面馆,面食/饺子,普通话,Google 地图店名含中文「九牛拉面」; Google 分类：Chinese restaurant
南湾,Mountain View,,中,,China Wok Restaurant,松竹楼,"2633 California St, Mountain View, CA 94040",中餐,其他中餐,普通话,湾区华人资讯网中文商家目录收录中文店名
南湾,Mountain View,,中,,Fu Lam Mum,富临门,"153 Castro St, Mountain View, CA 94041",港式粤菜/点心,粤菜/港式,普通话/粤语,Traditional HK Cantonese restaurant per reviews
南湾,Mountain View,,中,,Garden Fresh,,"1245 W El Camino Real, Mountain View, CA 94040",中式素食,其他中餐,普通话,Chinese-language review praises owner (老闆超級親切)
南湾,Mountain View,,中,,Happy Lamb Hot Pot,快乐小羊,"102 Castro St, Mountain View, CA 94041",蒙古火锅（国内连锁）,火锅/麻辣烫,普通话,China-based hot pot chain
南湾,Mountain View,,中,,Joyous Cuisine,兰亭序,"124 Castro St, Mountain View, CA 94041",地方面食,面食/饺子,普通话,湾区华人资讯网中文商家目录收录中文店名; listing also shows 花溪王 山野美食 (name may have changed)
南湾,Mountain View,,中,,Kusan Bazaar (Silk Road Grill & Noodles),龟兹集市,"634 N San Antonio Rd, Mountain View, CA 94040",新疆/维吾尔菜,西北/新疆/清真,普通话,Chinese name on listing; Milpitas branch in Chinese directory
南湾,Mountain View,,中,,Ox 9 Lanzhou Handpulled Noodles,,"216 Castro St, Mountain View, CA 94041",中式面馆,面食/饺子,普通话,Google 分类：Chinese noodle restaurant; 无中文店名，按地区菜系推断
南湾,Mountain View,,中,,Superhot Hot Pot & Korean BBQ,,"210 Hope St, Mountain View, CA 94041",火锅/中式面馆,火锅/麻辣烫,普通话,Google 分类：Hot pot restaurant / Asian restaurant / Beer hall; 无中文店名，按地区菜系推断
南湾,Mountain View,,低,,Bloom and Vine - Asian Fusion,,"110 Castro St, Mountain View, CA 94041",中餐,其他中餐,普通话,Google 分类：Chinese restaurant / Restaurant; 无中文店名，仅泛称中餐，弱推断
南湾,Mountain View,,低,,Eaping Fresh Chinese,,"1040 Grant Rd Ste 100, Mountain View, CA 94040",中餐,其他中餐,普通话,Chinese takeout
南湾,Mountain View,,低,,Lucky Chinese Bistro,,"1040 Grant Rd Ste 100, Mountain View, CA 94040",美式中餐,美式中餐/越南华人,普通话,Google 分类：Chinese restaurant / Fast food restaurant / Noodle shop; 简介：Casual eats in a counter-service setting; 无中文店名，美式中餐风格，弱推断
南湾,Mountain View,,低,,Mr. Bao Kitchen,,"357 Castro St Unit 3A, Mountain View, CA 94041",包子/饺子,面食/饺子,普通话,Chinese bao shop
南湾,Mountain View,,低,,Seasons Noodles & Dumplings Garden,,"702 Villa St, Mountain View, CA 94041",面食/饺子,面食/饺子,普通话,Chinese noodle/dumpling shop
南湾,Mountain View,,低,,Super Bao,,"108A N Rengstorff Ave, Mountain View, CA 94043",中餐,其他中餐,普通话,Google 分类：中餐馆; 无中文店名，仅泛称中餐，弱推断
南湾,Mountain View,,低,,Veggie Garden,,"2464 W El Camino Real C, Mountain View, CA 94040",中餐,其他中餐,普通话,Google 分类：Chinese restaurant / Restaurant / Vegan restaurant; 简介：Mellow Chinese eatery with a vegan menu; 无中文店名，仅泛称中餐，弱推断
南湾,Palo Alto,,高,,575 Miishien Noodle,正宗云南过桥米线,"326 University Ave, Palo Alto, CA 94301",云南米线,川湘/西南,普通话,Google 地图店名含中文「正宗云南过桥米线」; Google 分类：中餐馆
南湾,Palo Alto,,高,,Da Sichuan Bistro,大四川,"3781 El Camino Real, Palo Alto, CA 94306",川菜,川湘/西南,普通话,湾区华人资讯网中文商家目录收录中文店名
南湾,Palo Alto,,高,,Dumpling City,水饺之城,"3487 El Camino Real, Palo Alto, CA 94306",饺子/上海菜,北方/东北/江浙,普通话,Chinese name on listing
南湾,Palo Alto,,高,,Hong Kong Restaurant,香港小馆,"3691 El Camino Real, Palo Alto, CA 94306",港式粤菜,粤菜/港式,普通话/粤语,湾区华人资讯网中文商家目录收录中文店名; reviews: authentic HK-style
南湾,Palo Alto,,高,,Imperial Treasure,宝藏,"151 California Ave Unit E, Palo Alto, CA 94306",高档粤菜,粤菜/港式,普通话/粤语,湾区华人资讯网中文商家目录收录中文店名; Singapore Cantonese group
南湾,Palo Alto,,高,,Taste,乡味居,"423 University Ave, Palo Alto, CA 94301",川菜,川湘/西南,普通话,湾区华人资讯网中文商家目录收录中文店名
南湾,Palo Alto,,高,,Tie Mu Zhen Cuisine,铁木真内蒙菜,"3345 El Camino Real, Palo Alto, CA 94306",中餐,其他中餐,普通话,Google 地图店名含中文「铁木真内蒙菜」; Google 分类：中餐馆 / 餐馆
南湾,Palo Alto,,中,,Chef Zhao Kitchen,,"2180 W Bayshore Rd Ste 120, Palo Alto, CA 94303",上海菜/川菜,川湘/西南,普通话,Sister of Chef Zhao Bistro (老赵川菜馆)
南湾,Palo Alto,,中,,Dumpling Time,,"180 El Camino Real #1410, Palo Alto, CA 94304",饺子,面食/饺子,普通话,Google 分类：Asian restaurant / Dumpling restaurant; 无中文店名，按地区菜系推断
南湾,Palo Alto,,中,,HE&C Tea + Pot,,"544 Emerson St, Palo Alto, CA 94301",火锅/涮涮锅,火锅/麻辣烫,普通话,Google 分类：Hot pot restaurant / Bar & grill / Brunch restaurant; 无中文店名，按地区菜系推断
南湾,Palo Alto,,中,,Steam,,"209 University Ave, Palo Alto, CA 94301",粤式点心,粤菜/港式,普通话/粤语,Google 分类：中式点心餐馆 / 亚洲风味餐馆; 简介：Modern site for dim sum & Chinese mains; 无中文店名，按地区菜系推断
南湾,Palo Alto,,中,,Tai Pan,,"560 Waverley St, Palo Alto, CA 94301",粤式点心,粤菜/港式,普通话/粤语,Reviews: 'truly authentic Cantonese cuisine'
南湾,Palo Alto,,中,,Tasty Pot,,"443 Emerson St, Palo Alto, CA 94301",火锅,火锅/麻辣烫,普通话,Google 分类：Hot pot restaurant; 无中文店名，按地区菜系推断
南湾,Palo Alto,,低,,Dumpling Hours,,"530 Bryant St, Palo Alto, CA 94301",饺子/点心,粤菜/港式,普通话,Chinese dumpling shop
南湾,Palo Alto,,低,,Green Elephant Gourmet,,"3950 Middlefield Rd, Palo Alto, CA 94303",中餐,其他中餐,普通话,Google 分类：Chinese restaurant / Burmese restaurant; 简介：Chinese & Burmese fare in laid-back digs; 无中文店名，仅泛称中餐，弱推断
南湾,Palo Alto,,低,,O2 Valley,,"452 University Ave, Palo Alto, CA 94301",台湾菜,台湾菜,普通话,Taiwanese restaurant
南湾,Palo Alto,,低,,Peng's kitchen,,"535 Bryant St, Palo Alto, CA 94301",中餐,其他中餐,普通话,Google 分类：Chinese restaurant; 无中文店名，仅泛称中餐，弱推断
南湾,San Jose,North San Jose,高,,Boiling Point,沸點,"1698 Hostetter Rd, San Jose, CA 95131",台式火锅,火锅/麻辣烫,普通话,Taiwanese-founded chain with Chinese branding; in 99 Ranch plaza
南湾,San Jose,,高,,ChuanHI Casserole selected dishes rice noodles,川海砂锅自选菜米线,"1698 Hostetter Rd D, San Jose, CA 95131",北方菜,北方/东北/江浙,普通话,Google 地图店名含中文「川海砂锅自选菜米线」; Google 分类：Mandarin restaurant
南湾,San Jose,South SJ (Blossom Valley/Almaden),高,,Duan's Kitchen,段純貞,"925 Blossom Hill Rd #1605 (Westfield Oakridge), San Jose, CA 95123",台湾牛肉面,台湾菜,普通话,Taiwan-origin beef noodle brand; Chinese name on listing (restaurantguru)
南湾,San Jose,,高,,Duan's Kitchen,段純貞,"925 Blossom Hill Rd #1605, San Jose, CA 95123",中式面馆/台湾菜,台湾菜,普通话,Google 地图店名含中文「段純貞」; Google 分类：Chinese noodle restaurant / Taiwanese restaurant
南湾,San Jose,,高,,Happy Dumpling House,福满饺子馆,"949 Ruff Dr, San Jose, CA 95110",饺子/川菜,川湘/西南,普通话,Google 地图店名含中文「福满饺子馆」; Google 分类：Asian restaurant / Dumpling restaurant / Sichuan restaurant
南湾,San Jose,West SJ (Saratoga Ave/Westgate),高,是,Hunan Mifen,小香牛骨米粉,"471 Saratoga Ave, San Jose, CA 95129",湖南米粉,川湘/西南,普通话,Review summary on restaurantji: menu mainly in Chinese and 'no one speaks English'; Chinese name on signage/listing
南湾,San Jose,West SJ (De Anza/Westgate),高,,Liuyishou Hot Pot,刘一手火锅,"1199 S De Anza Blvd Ste 10, San Jose, CA 95129",重庆火锅,火锅/麻辣烫,普通话,Chongqing-based chain; listed as '刘一手(圣何塞)' with Chinese name
南湾,San Jose,,高,,Lo Si Ding Noodle,螺丝町,"1175 E Julian St Ste 40, San Jose, CA 95116",中式面馆,面食/饺子,普通话,Google 地图店名含中文「螺丝町」; Google 分类：Chinese noodle restaurant
南湾,San Jose,,高,,Miss Gu Malatang,小谷姐姐麻辣烫,"1085 E Brokaw Rd #20, San Jose, CA 95131",火锅,火锅/麻辣烫,普通话,Google 地图中文版显示中文店名「小谷姐姐麻辣烫」（商家自行登记）; Google 分类：Chinese restaurant / Restaurant
南湾,San Jose,Berryessa,高,,Mr. SiuMai,,"2070 N Capitol Ave, San Jose, CA 95132",港式点心（自助取餐）,粤菜/港式,粤语,Review summary says owners are from Hong Kong; HK-style dim sum
南湾,San Jose,,高,,Nali Grill,饼饼侠,"1688 Hostetter Rd, San Jose, CA 95131",中餐,其他中餐,普通话,Google 地图店名含中文「饼饼侠」; Google 分类：Restaurant / Asian restaurant
南湾,San Jose,,高,,ONE STEP FOOD MARKET,一步到胃,"1701 Lundy Ave #130, San Jose, CA 95131",火锅,火锅/麻辣烫,普通话,Google 地图店名含中文「一步到胃」; Google 分类：Butcher shop / Asian grocery store / Barbecue restaurant
南湾,San Jose,,高,,Seven Fish Cuisine,酸小七,"1701 Lundy Ave #110, San Jose, CA 95131",中餐,其他中餐,普通话,Google 地图店名含中文「酸小七」; Google 分类：Chinese restaurant
南湾,San Jose,,高,,Slurp A Bowl Chinese Restaurant & Noodles,嗦一碗,"1882 Curtner Ave, San Jose, CA 95124",中式面馆,面食/饺子,普通话,Google 地图店名含中文「嗦一碗」; Google 分类：Chinese noodle restaurant / Chinese restaurant
南湾,San Jose,,高,,Su Dai Kitchen,苏黛小厨,"1505 S Winchester Blvd, San Jose, CA 95128",中餐,其他中餐,普通话,Google 地图店名含中文「苏黛小厨」; Google 分类：Chinese restaurant
南湾,San Jose,West SJ (De Anza/Westgate),高,,Tasty Pot (De Anza),味鼎,"1183 S De Anza Blvd Ste 30, San Jose, CA 95129",台式个人小火锅,火锅/麻辣烫,普通话,"Chinese-language feature (Epoch Times 2019, '湾区火锅味鼎'); Taiwanese-style chain"
南湾,San Jose,East SJ (Story Rd/Senter),高,,Tasty Pot (Story Rd),味鼎,"1143 Story Rd Ste 100, San Jose, CA 95122",台式个人小火锅,火锅/麻辣烫,普通话,Same chain as above (味鼎); Chinese-language media coverage
南湾,San Jose,,高,,Tong Dumpling | Bay Area,同同水饺,"1600 S De Anza Blvd #30, San Jose, CA 95129",饺子,面食/饺子,普通话,Google 地图店名含中文「同同水饺」; Google 分类：Chinese restaurant / Asian restaurant / Dumpling restaurant; 简介：Custom Chinese bites in a casual fixture
南湾,San Jose,,高,,大班广式双拼,大班广式双拼,"1031 County Hwy G21, San Jose, CA 95121",中餐,其他中餐,普通话,Google 地图店名含中文「大班广式双拼」; Google 分类：Chinese restaurant
南湾,San Jose,West SJ (Saratoga Ave/Westgate),中,,575 Miishien,云南米线,"840 El Paseo de Saratoga, San Jose, CA 95130",云南过桥米线,川湘/西南,普通话,Google 地图中文版显示中文店名「575 Miishien（Rice noodle soup）云南米线」; Chinese rice noodle shop
南湾,San Jose,South SJ (Cambrian),中,,7 Noodle & Sizzling,,"3617 Union Ave, San Jose, CA 95124",台湾夜市小吃,台湾菜,普通话,Taiwanese night-market style
南湾,San Jose,,中,,Bafang Dumpling,,"1078 E Brokaw Rd, San Jose, CA 95131",台湾菜,台湾菜,普通话,Google 分类：Taiwanese restaurant; 无中文店名，按地区菜系推断
南湾,San Jose,South SJ (Blossom Valley/Almaden),中,,Big Fish Chinese Cafe,大魚飯店,"1659 Branham Ln Ste I, San Jose, CA 95118",中餐（手工面/饺子）,面食/饺子,普通话,Chinese name on listing
南湾,San Jose,West SJ (Saratoga Ave/Westgate),中,,Danacious Dumplings,Dana包子铺,"375 Saratoga Ave Ste M, San Jose, CA 95129",北方包子/饺子,北方/东北/江浙,普通话,Chinese name on listing; Chinese decor
南湾,San Jose,West SJ (De Anza/Westgate),中,,DH Noodles & Grill,敦煌兰州牛肉拉面,"1183 S De Anza Blvd Ste 60, San Jose, CA 95129",兰州牛肉拉面,西北/新疆/清真,普通话,Chinese name on listing/signage
南湾,San Jose,,中,,Dim Sum,,"2850 Quimby Rd #125, San Jose, CA 95148",粤式点心,粤菜/港式,普通话/粤语,Google 分类：Chinese restaurant / Dim sum restaurant; 无中文店名，按地区菜系推断
南湾,San Jose,North San Jose,中,,Dough Zone Dumpling House (North SJ),,"1701 Lundy Ave #100, San Jose, CA 95131",饺子/小笼包,面食/饺子,普通话,Chinese-founded dumpling chain
南湾,San Jose,South SJ (Blossom Valley/Almaden),中,,Dough Zone Dumpling House (South SJ),,"5130 Cherry Ave #30, San Jose, CA 95118",饺子/小笼包,面食/饺子,普通话,Chinese-founded dumpling chain
南湾,San Jose,,中,,Dumpling Time,,"378 Santana Row Apt 1035, San Jose, CA 95128",饺子,面食/饺子,普通话,Google 分类：Asian restaurant / Dumpling restaurant; 无中文店名，按地区菜系推断
南湾,San Jose,East SJ (Story Rd/Senter),中,,Dynasty Chinese Cuisine,,"1001 Story Rd, San Jose, CA 95122",粤式点心（推车）,粤菜/港式,粤语,Traditional cart dim sum hall
南湾,San Jose,Evergreen,中,,East Lake Chinese Restaurant and Dim Sum,東湖海鮮酒家,"2850 Quimby Rd Ste 130, San Jose, CA 95148",粤式海鲜/点心,粤菜/港式,普通话/粤语,Chinese name on listing; long-time Cantonese restaurant
南湾,San Jose,North San Jose,中,,Flaming Ox,,"1085 E Brokaw Rd Ste 40, San Jose, CA 95131",台湾牛肉面,台湾菜,普通话,Taiwanese cuisine
南湾,San Jose,West SJ (De Anza/Westgate),中,,Fuji Huoshao & Dumpling,,"6184 Bollinger Rd, San Jose, CA 95129",北方火烧/饺子,北方/东北/江浙,普通话,Northern Chinese specialty shop (restaurantguru)
南湾,San Jose,,中,,Goku Korean BBQ & Hot Pot,,"3085 Meridian Ave, San Jose, CA 95124",火锅,火锅/麻辣烫,普通话,Google 分类：Hot pot restaurant / Asian restaurant / Barbecue restaurant; 简介：All-you-can-eat Korean BBQ & hot pot; 无中文店名，按地区菜系推断
南湾,San Jose,South SJ (Blossom Valley/Almaden),中,,Golden House Restaurant,,"7108 Santa Teresa Blvd, San Jose, CA 95139",港式中餐,粤菜/港式,粤语,Reviews describe HK-style Chinese food
南湾,San Jose,West SJ (De Anza/Westgate),中,,Golden Palace Restaurant,,"1146 S De Anza Blvd, San Jose, CA 95129",粤式点心/海鲜,粤菜/港式,普通话/粤语,"Classic Cantonese menu, 'Hong Kong feel' per reviews"
南湾,San Jose,West SJ (De Anza/Westgate),中,,Grand Dynasty Chinese Seafood Restaurant,,"6164 Bollinger Rd, San Jose, CA 95129",粤式海鲜/点心,粤菜/港式,普通话/粤语,Chinese banquet/dim sum restaurant
南湾,San Jose,,中,,Hankow Cuisine,,"1071 S De Anza Blvd, San Jose, CA 95129",中式面馆,面食/饺子,普通话,Google 分类：Chinese restaurant / Barbecue restaurant / Chinese noodle restaurant; 简介：Chill diner for provincial Chinese fare; 无中文店名，按地区菜系推断
南湾,San Jose,,中,,Hing Kee Dimsum & BBQ,,"6033 Snell Ave, San Jose, CA 95123",粤式点心,粤菜/港式,普通话/粤语,Google 分类：Restaurant / Dim sum restaurant; 无中文店名，按地区菜系推断
南湾,San Jose,Downtown,中,,Home Eat,汉家宴,"88 S 4th St Ste 150, San Jose, CA 95112",北方/台湾家常菜、饺子,台湾菜,普通话,Chinese name 汉家宴 on listing; Chinese-owned South Bay mini-chain
南湾,San Jose,West SJ (De Anza/Westgate),中,,Hunan Impression,,"5152 Moorpark Ave Ste 30, San Jose, CA 95129",湘菜,川湘/西南,普通话,Authentic Hunan cuisine
南湾,San Jose,Downtown,中,,Hunan Taste Restaurant,,"998 N 4th St, San Jose, CA 95112",湘菜,川湘/西南,普通话,Family Hunan recipes
南湾,San Jose,North San Jose,中,,Jade Cathay Chinese Restaurant,,"1339 N First St, San Jose, CA 95112",粤式点心,粤菜/港式,粤语,Reviews: authentic Cantonese dim sum
南湾,San Jose,North San Jose,中,,Joyheart Cafe,,"1344 Ridder Park Dr, San Jose, CA 95131",台式简餐,台湾菜,普通话,Sells merchandise from Taiwan per reviews
南湾,San Jose,North San Jose,中,,Kingwuu,,"1715 Lundy Ave #162, San Jose, CA 95131",卤味（鸭脖）,其他中餐,普通话,Menu items listed in Chinese (黑鸭脖)
南湾,San Jose,West SJ (De Anza/Westgate),中,,LeShan Beef,乐山古镇跷脚牛肉,"1072 S De Anza Blvd B103, San Jose, CA 95129",川菜（乐山跷脚牛肉）,川湘/西南,普通话,"Google 地图中文版显示中文店名「LeShan Beef 乐山古镇跷脚牛肉」; Reviews list dishes in Chinese (跷脚牛肉, 毛血旺); authentic Sichuan"
南湾,San Jose,,中,,Leung Noodle,,"3005 Silver Creek Rd Ste 130, San Jose, CA 95121",中式面馆,面食/饺子,普通话,Google 分类：Chinese restaurant / Chinese noodle restaurant / Vietnamese restaurant; 无中文店名，按地区菜系推断
南湾,San Jose,,中,,Lẩu Hải Sản,,"2597 Senter Rd, San Jose, CA 95111",火锅,火锅/麻辣烫,普通话,Google 分类：Hot pot restaurant / Seafood restaurant; 无中文店名，按地区菜系推断
南湾,San Jose,,中,,Meimei Dumpling,,"117 Paseo de San Antonio, San Jose, CA 95112",饺子,面食/饺子,普通话,Google 分类：Chinese restaurant / Dumpling restaurant / Health food restaurant; 无中文店名，按地区菜系推断
南湾,San Jose,,中,,Momo King - San Jose,,"2092 Concourse Dr Ste 15, San Jose, CA 95131",饺子,面食/饺子,普通话,Google 分类：Asian fusion restaurant / Dumpling restaurant / Momo restaurant; 无中文店名，按地区菜系推断
南湾,San Jose,,中,,Mumu Hot Pot,,"925 Blossom Hill Rd #1515, San Jose, CA 95123",火锅,火锅/麻辣烫,普通话,Google 分类：Hot pot restaurant; 无中文店名，按地区菜系推断
南湾,San Jose,Evergreen,中,,New Hwong Kok,,"2854 S White Rd, San Jose, CA 95148",港式点心/面包,粤菜/港式,粤语,HK-style dim sum/bakery (also Milpitas branch)
南湾,San Jose,South SJ (Blossom Valley/Almaden),中,,Ocean Delight,,"5400 Monterey Rd, San Jose, CA 95111",粤式点心,粤菜/港式,粤语,Cantonese dim sum restaurant
南湾,San Jose,,中,,One Pot Shabu Shabu - San Jose,,"5120 Cherry Ave #10, San Jose, CA 95118",火锅/涮涮锅,火锅/麻辣烫,普通话,Google 分类：Hot pot restaurant / Shabu-shabu restaurant; 无中文店名，按地区菜系推断
南湾,San Jose,,中,,Pan Fried Dumplings San Jose,,"1530 S De Anza Blvd, San Jose, CA 95129",饺子,面食/饺子,普通话,Google 分类：Restaurant / Dumpling restaurant; 无中文店名，按地区菜系推断
南湾,San Jose,,中,,Qing Shu Malatang,,"311 N Capitol Ave D, San Jose, CA 95133",火锅,火锅/麻辣烫,普通话,Google 分类：Chinese restaurant / Asian restaurant; 无中文店名，按地区菜系推断
南湾,San Jose,,中,,Qingshu Malatang Hotpot,,"2549 S King Rd a5, San Jose, CA 95121",火锅,火锅/麻辣烫,普通话,Google 分类：Hot pot restaurant; 无中文店名，按地区菜系推断
南湾,San Jose,,中,,Revopot,,"2934 Aborn Sq, San Jose, CA 95121",火锅,火锅/麻辣烫,普通话,Google 分类：Chinese restaurant / Asian restaurant / Buffet restaurant; 无中文店名，按地区菜系推断
南湾,San Jose,,中,,Shabuway,,"4304 Moorpark Ave, San Jose, CA 95129",涮涮锅/火锅,火锅/麻辣烫,普通话,Google 分类：Shabu-shabu restaurant / Hot pot restaurant; 简介：Japanese hot-pots in cozy digs; 无中文店名，按地区菜系推断
南湾,San Jose,West SJ (De Anza/Westgate),中,,Shang Cafe,,"6154 Bollinger Rd, San Jose, CA 95129",川菜,川湘/西南,普通话,"Reviews: authentic Chinese, decor 'how Chinese people would decorate'"
南湾,San Jose,Berryessa,中,,Shihlin Taiwan Street Snacks (Berryessa),士林,"1477 Berryessa Rd Ste 30, San Jose, CA 95133",台湾街头小吃,台湾菜,普通话,Taiwan-origin chain
南湾,San Jose,South SJ (Blossom Valley/Almaden),中,,Shihlin Taiwan Street Snacks (Oakridge),士林,"925 Blossom Hill Rd Ste 1390, San Jose, CA 95123",台湾街头小吃,台湾菜,普通话,Taiwan-origin chain
南湾,San Jose,West SJ (De Anza/Westgate),中,,Soong Soong Restaurant,,"3680 Stevens Creek Blvd, San Jose, CA 95117",北方/东北菜,北方/东北/江浙,普通话,"Reviews: authentic northern Chinese, Dongbei suan cai soup"
南湾,San Jose,West SJ (De Anza/Westgate),中,,Special Noodle (Si Jie),四姐 Special Noodle,"1530 S De Anza Blvd, San Jose, CA 95129",面食,面食/饺子,普通话,Chinese name on listing
南湾,San Jose,West SJ (Saratoga Ave/Westgate),中,,SweetHome Kitchen,,"1312 Saratoga Ave, San Jose, CA 95129",家常菜,其他中餐,普通话,Family-run authentic Chinese
南湾,San Jose,North San Jose,中,,Tai Kee Wonton,,"2092 Concourse Dr Ste 1, San Jose, CA 95131",台式馄饨/小吃,台湾菜,普通话,Taiwanese wonton shop
南湾,San Jose,West SJ (Saratoga Ave/Westgate),中,,Tai Pan Dim Sum (Saratoga Ave),,"477 Saratoga Ave, San Jose, CA 95129",粤式点心/面包（外卖）,粤菜/港式,粤语,Classic Cantonese takeout dim sum
南湾,San Jose,East SJ (Story Rd/Senter),中,,Tai Pan Dim Sum (Story Rd),,"1070 Story Rd, San Jose, CA 95122",粤式点心/烧腊,粤菜/港式,粤语,Cantonese dim sum/BBQ
南湾,San Jose,Willow Glen,中,,Taiwan Restaurant,,"1306 Lincoln Ave, San Jose, CA 95125",台湾菜/中餐,台湾菜,普通话,Long-running Taiwanese-Chinese restaurant
南湾,San Jose,West SJ (De Anza/Westgate),中,,Top Cafe,,"1075 S De Anza Blvd, San Jose, CA 95129",港式茶餐厅,粤菜/港式,粤语,"Reviews: HK movies and news on the TVs, HK-style menu"
南湾,San Jose,,中,,Venus Cafe - San Jose,,"1698 Hostetter Rd K, San Jose, CA 95131",港式茶餐厅/港式快餐,粤菜/港式,普通话/粤语,Google 分类：Cha chaan teng (Hong Kong-style cafe) / Cafe / Chinese restaurant; 无中文店名，按地区菜系推断
南湾,San Jose,,中,,Wagyu Master Sukiyaki House | San Jose,,"1410 El Paseo de Saratoga, San Jose, CA 95130",火锅,火锅/麻辣烫,普通话,Google 分类：Hot pot restaurant; 无中文店名，按地区菜系推断
南湾,San Jose,North San Jose,中,,WuJi's Mala House,,"1715 Lundy Ave Ste 100, San Jose, CA 95131",四川麻辣火锅,火锅/麻辣烫,普通话,Old-school mala hot pot
南湾,San Jose,Berryessa,中,,Yami Bowl,独领风烧,"1710 Berryessa Rd Ste 110, San Jose, CA 95133",东北烧烤串,北方/东北/江浙,普通话,"Google 地图中文版显示中文店名「独领风烧 yami bowl BBQ with Chinese food」; Reviews: new owners, Northeastern Chinese skewers"
南湾,San Jose,South SJ (Blossom Valley/Almaden),中,,Yummy Kitchen,闻香居,"1711 Branham Ln #A9, San Jose, CA 95118",川菜,川湘/西南,普通话,Chinese name on listing; reviews praise the owner
南湾,San Jose,,低,,360 Chinese & Vietnamese Cuisine,,"989 Story Rd, San Jose, CA 95122",中餐,其他中餐,普通话,Google 分类：Chinese restaurant / Asian restaurant / Southeast Asian restaurant; 无中文店名，仅泛称中餐，弱推断
南湾,San Jose,,低,,Awesome Springrolls,,"0000 Vanderbilt Dr, San Jose, CA 95130",中餐,其他中餐,普通话,Google 分类：Chinese restaurant; 无中文店名，仅泛称中餐，弱推断
南湾,San Jose,,低,,Cha Ca Long Phung,,"2145 Tully Rd, San Jose, CA 95122",越南华人中餐,美式中餐/越南华人,粤语,Google 分类：Chinese restaurant / Takeout Restaurant / Vietnamese restaurant; 简介：Modest go-to for Vietnamese sandwiches; 无中文店名，越南华人风格，弱推断
南湾,San Jose,,低,,Chef P's Restaurant,,"22 N Jackson Ave, San Jose, CA 95116",中餐,其他中餐,普通话,Google 分类：Chinese restaurant; 简介：Modest standalone spot for Chinese fare; 无中文店名，仅泛称中餐，弱推断
南湾,San Jose,,低,,China Chen,,"400 S Third St, San Jose, CA 95112",中餐,其他中餐,普通话,Google 分类：Chinese restaurant / Vietnamese restaurant; 简介：Humble destination for Chinese cuisine; 无中文店名，仅泛称中餐，弱推断
南湾,San Jose,,低,,China Delight,,"5813 Cottle Rd, San Jose, CA 95123",中餐,其他中餐,普通话,Google 分类：Chinese restaurant / Restaurant; 简介：Homey spot for Chinese cooking; 无中文店名，仅泛称中餐，弱推断
南湾,San Jose,,低,,China Inn,,"1401 The Alameda, San Jose, CA 95126",中餐,其他中餐,普通话,"Google 分类：Chinese restaurant / Asian restaurant / Delivery Chinese restaurant; 简介：Tiny, welcoming spot for Chinese food; 无中文店名，仅泛称中餐，弱推断"
南湾,San Jose,,低,,China Station Restaurant,,"80 Senter Rd, San Jose, CA 95111",中餐,其他中餐,普通话,Google 分类：Chinese restaurant; 简介：Mainstay offering Chinese food classics; 无中文店名，仅泛称中餐，弱推断
南湾,San Jose,,低,,Chinese Gourmet Express,,"2200 Eastridge Loop #9203, San Jose, CA 95122",美式中餐,美式中餐/越南华人,普通话,Google 分类：Chinese restaurant / Asian restaurant; 简介：Basic Chinese chain with counter service; 无中文店名，美式中餐风格，弱推断
南湾,San Jose,,低,,Edna Ray Chinese Restaurant,,"1890 W San Carlos St, San Jose, CA 95128",美式中餐,美式中餐/越南华人,普通话,Google 分类：Chinese restaurant; 无中文店名，美式中餐风格，弱推断
南湾,San Jose,,低,,Everest Momo,,"425 S Winchester Blvd, San Jose, CA 95128",中餐,其他中餐,普通话,Google 分类：Restaurant / Chinese takeaway / Food court; 无中文店名，仅泛称中餐，弱推断
南湾,San Jose,Evergreen,低,,Evergreen Panda Restaurant,,"3230 S White Rd, San Jose, CA 95148",美式中餐,美式中餐/越南华人,普通话/粤语,Family-owned Chinese restaurant
南湾,San Jose,,低,,Fu Kee,,"121 Bernal Rd, San Jose, CA 95119",中餐,其他中餐,普通话,Google 分类：Chinese restaurant / Asian fusion restaurant / Asian restaurant; 简介：Southeast Asian-influenced Chinese eats; 无中文店名，仅泛称中餐，弱推断
南湾,San Jose,,低,,Golden Buddha,,"2768 Aborn Rd, San Jose, CA 95121",美式中餐,美式中餐/越南华人,普通话,Google 分类：Chinese restaurant; 简介：Longtime stalwart for familiar fare; 无中文店名，美式中餐风格，弱推断
南湾,San Jose,,低,,Great Wall,,"1455 Bird Ave., San Jose, CA 95125",美式中餐,美式中餐/越南华人,普通话,Google 分类：Chinese restaurant; 无中文店名，美式中餐风格，弱推断
南湾,San Jose,,低,,Habibiz,,"262 E Santa Clara St, San Jose, CA 95113",中餐,其他中餐,普通话,Google 分类：Chinese restaurant; 无中文店名，仅泛称中餐，弱推断
南湾,San Jose,,低,,Han’s Kitchen,,"1600 S De Anza Blvd, San Jose, CA 95129",中餐,其他中餐,普通话,Google 分类：Chinese restaurant; 无中文店名，仅泛称中餐，弱推断
南湾,San Jose,,低,,Homey Skewer,,"489 Saratoga Ave, San Jose, CA 95129",中餐,其他中餐,普通话,Google 分类：Chinese restaurant / Restaurant; 无中文店名，仅泛称中餐，弱推断
南湾,San Jose,,低,,Inchin's Bamboo Garden,,"55 River Oaks Pl #70, San Jose, CA 95134",美式中餐,美式中餐/越南华人,普通话,Google 分类：Chinese restaurant / Asian fusion restaurant / Caterer; 简介：Colorful outlet for Indian-Chinese fare; 无中文店名，美式中餐风格，弱推断
南湾,San Jose,,低,,Jade China Restaurant,,"2524 Berryessa Rd, San Jose, CA 95132",美式中餐,美式中餐/越南华人,普通话,Google 分类：Chinese restaurant / Asian restaurant / Fast food restaurant; 简介：Family-owned Chinese take-out spot; 无中文店名，美式中餐风格，弱推断
南湾,San Jose,,低,,Jenny's Kitchen,,"5175 Moorpark Ave #5, San Jose, CA 95129",美式中餐,美式中餐/越南华人,普通话,Google 分类：Chinese restaurant / Restaurant; 简介：Chinese snack food for takeout; 无中文店名，美式中餐风格，弱推断
南湾,San Jose,,低,,Kelly's Cajun Grill,,"925 Blossom Hill Rd, San Jose, CA 95123",中餐,其他中餐,普通话,Google 分类：Chinese restaurant; 无中文店名，仅泛称中餐，弱推断
南湾,San Jose,,低,,Kim Tar B.B.Q.,,"1698 Hostetter Rd, San Jose, CA 95131",中餐,其他中餐,普通话,Google 分类：Chinese restaurant / Barbecue restaurant; 简介：Destination for Chinese roast meats; 无中文店名，仅泛称中餐，弱推断
南湾,San Jose,,低,,King Eggroll,,"980 Lundy Ave, San Jose, CA 95133",中餐,其他中餐,普通话,"Google 分类：Chinese restaurant / Fast food restaurant; 简介：Casual, counter-serve Chinese eats; 无中文店名，仅泛称中餐，弱推断"
南湾,San Jose,,低,,King Eggroll,,"1221 Story Rd #10, San Jose, CA 95122",中餐,其他中餐,普通话,Google 分类：Chinese restaurant; 无中文店名，仅泛称中餐，弱推断
南湾,San Jose,,低,,Kowloon Kitchen Take Out,,"6081 Meridian Ave Ste 70 #142, San Jose, CA 95120",中餐,其他中餐,普通话,Google 分类：Chinese restaurant / Chinese takeaway; 无中文店名，仅泛称中餐，弱推断
南湾,San Jose,Downtown,低,,Kusan Uyghur Cuisine,,"1516 N 4th St, San Jose, CA 95112",维吾尔/新疆菜,西北/新疆/清真,普通话 (维吾尔语),Uyghur staff often speak Mandarin (inference)
南湾,San Jose,,低,,Lee’s House,,"6187 Santa Teresa Blvd, San Jose, CA 95123",中餐,其他中餐,普通话,Google 分类：Chinese restaurant; 无中文店名，仅泛称中餐，弱推断
南湾,San Jose,,低,,Lin Garden,,"6924 Almaden Expy, San Jose, CA 95120",中餐,其他中餐,普通话,Google 分类：Chinese restaurant; 无中文店名，仅泛称中餐，弱推断
南湾,San Jose,,低,,Little Chef Chinese Fast Food,,"1462 S Winchester Blvd, San Jose, CA 95128",中餐,其他中餐,普通话,Google 分类：Chinese restaurant; 简介：Fast-food spot for Chinese cuisine; 无中文店名，仅泛称中餐，弱推断
南湾,San Jose,,低,,Long Phung Restaurant,,"2017 Tully Rd, San Jose, CA 95122",中餐,其他中餐,普通话,Google 分类：Chinese restaurant; 无中文店名，仅泛称中餐，弱推断
南湾,San Jose,,低,,Ma's Restaurant,,"1715 Lundy Ave, San Jose, CA 95131",中餐,其他中餐,普通话,Google 分类：Chinese restaurant; 简介：Easygoing choice for halal Chinese eats; 无中文店名，仅泛称中餐，弱推断
南湾,San Jose,,低,,Mahalo Hawaii BBQ & Chinese Food,,"4750 Almaden Expy Ste 120, San Jose, CA 95118",美式中餐,美式中餐/越南华人,普通话,Google 分类：Chinese restaurant; 无中文店名，美式中餐风格，弱推断
南湾,San Jose,,低,,Mandarin Gourmet Restaurant,,"5560 Santa Teresa Blvd, San Jose, CA 95123",美式中餐,美式中餐/越南华人,普通话,Google 分类：Chinese restaurant; 简介：Classic fare in a sophisticated setting; 无中文店名，美式中餐风格，弱推断
南湾,San Jose,,低,,Mandarin House,,"Princeton Plaza Mall, 1375 #12, Blossom Hill Rd, San Jose, CA 95118",美式中餐,美式中餐/越南华人,普通话,Google 分类：Chinese restaurant; 简介：Basic Chinese standby in a shopping mall; 无中文店名，美式中餐风格，弱推断
南湾,San Jose,West SJ (Saratoga Ave/Westgate),低,,May Flower Restaurant,,"1080 Saratoga Ave, San Jose, CA 95129",中餐,其他中餐,普通话/粤语,Long-standing Chinese restaurant
南湾,San Jose,,低,,Mr. Chau's Restaurants,,"1608 McKee Rd #10, San Jose, CA 95116",中餐,其他中餐,普通话,Google 分类：Chinese restaurant / Fast food restaurant; 无中文店名，仅泛称中餐，弱推断
南湾,San Jose,,低,,New China Station BBQ,,"1710 Tully Rd, San Jose, CA 95122",中餐,其他中餐,普通话,Google 分类：Chinese restaurant / Butcher shop deli / Barbecue restaurant; 无中文店名，仅泛称中餐，弱推断
南湾,San Jose,,低,,New Jade China,,"5522 Monterey Rd, San Jose, CA 95138",美式中餐,美式中餐/越南华人,普通话,Google 分类：Chinese restaurant / Asian restaurant / Restaurant; 简介：Counter-serve joint for standard grub; 无中文店名，美式中餐风格，弱推断
南湾,San Jose,,低,,New Sam Kee Restaurant,,"1942 Aborn Rd, San Jose, CA 95121",中餐,其他中餐,普通话,Google 分类：Chinese restaurant; 简介：Casual Chinese spot with seafood options; 无中文店名，仅泛称中餐，弱推断
南湾,San Jose,North San Jose,低,,New Tung Kee Noodle,,"1098 E Brokaw Rd Ste 30, San Jose, CA 95131",潮州/越南华人粉面,美式中餐/越南华人,粤语/潮州话,Chiu Chow-style noodle house
南湾,San Jose,,低,,Orient Express,,"2632 Alum Rock Ave, San Jose, CA 95116",美式中餐,美式中餐/越南华人,普通话,Google 分类：Chinese restaurant; 无中文店名，美式中餐风格，弱推断
南湾,San Jose,,低,,Oriental Gourmet Chinese Restaurant,,"Saratoga Plaza Shopping Center, 1646 S De Anza Blvd, San Jose, CA 95129",美式中餐,美式中餐/越南华人,普通话,Google 分类：Chinese restaurant; 无中文店名，美式中餐风格，弱推断
南湾,San Jose,,低,,Pagoda House,,"148 W Alma Ave A, San Jose, CA 95110",中餐,其他中餐,普通话,Google 分类：Chinese restaurant; 无中文店名，仅泛称中餐，弱推断
南湾,San Jose,,低,,Pearl River - Chinese Restaurant,,"414 Blossom Hill Rd, San Jose, CA 95123",美式中餐,美式中餐/越南华人,普通话,Google 分类：Chinese restaurant / Delivery Restaurant; 简介：Chinese dining with a full bar; 无中文店名，美式中餐风格，弱推断
南湾,San Jose,,低,,Pearl River Chinese Restaurant,,"2281 Lincoln Ave, San Jose, CA 95125",美式中餐,美式中餐/越南华人,普通话,Google 分类：Chinese restaurant / Delivery Restaurant / Restaurant; 简介：Neighborhood mainstay for Chinese dining; 无中文店名，美式中餐风格，弱推断
南湾,San Jose,,低,,Pho Luc Lac,,"1705 Branham Ln b3, San Jose, CA 95118",中餐,其他中餐,普通话,Google 分类：Chinese restaurant / Asian restaurant / Vietnamese restaurant; 无中文店名，仅泛称中餐，弱推断
南湾,San Jose,Downtown,低,,Serious Dumpling,,"49 N San Pedro St, San Jose, CA 95110",饺子/面食,面食/饺子,普通话,Chinese dumpling shop
南湾,San Jose,,低,,Sun-Ly Chinese Restaurant,,"1075 Tully Rd #28, San Jose, CA 95122",美式中餐,美式中餐/越南华人,普通话,Google 分类：Chinese restaurant / Asian restaurant; 简介：Counter-serve spot for familiar eats; 无中文店名，美式中餐风格，弱推断
南湾,San Jose,,低,,Sweet Mango,,"1040 Willow St, San Jose, CA 95125",中餐,其他中餐,普通话,Google 分类：Chinese restaurant / Asian fusion restaurant / Burmese restaurant; 简介：Modest eatery for Burmese & Chinese eats; 无中文店名，仅泛称中餐，弱推断
南湾,San Jose,,低,,T K Noodle Inc,,"336 N Capitol Ave, San Jose, CA 95133",中餐,其他中餐,普通话,Google 分类：Chinese restaurant / Noodle shop / Restaurant; 简介：Casual spot for Asian soups & noodles; 无中文店名，仅泛称中餐，弱推断
南湾,San Jose,Evergreen,低,,Tai Pan Restaurant,,"1031 County Hwy G21, San Jose, CA 95121",烧腊/点心熟食,粤菜/港式,粤语,Roast meats/dim sum deli; may be Chinese-Vietnamese
南湾,San Jose,,低,,The Eden Gardens (Indian Delicacy),,"2 N First St Ste 150, San Jose, CA 95113",中餐,其他中餐,普通话,Google 分类：Chinese restaurant / Afghan restaurant / African restaurant; 无中文店名，仅泛称中餐，弱推断
南湾,San Jose,,低,,The Skewers Bar,,"3082 Landess Ave, San Jose, CA 95132",中餐,其他中餐,普通话,Google 分类：Chinese restaurant; 无中文店名，仅泛称中餐，弱推断
南湾,San Jose,,低,,TK Noodle #1,,"261 E William St, San Jose, CA 95112",中餐,其他中餐,普通话,Google 分类：Chinese restaurant / Asian restaurant / Noodle shop; 简介：Casual spot for Asian soups & noodles; 无中文店名，仅泛称中餐，弱推断
南湾,San Jose,,低,,Tommy Asia,,"916 Meridian Ave, San Jose, CA 95126",中餐,其他中餐,普通话,Google 分类：Chinese restaurant / Asian fusion restaurant / Cambodian restaurant; 无中文店名，仅泛称中餐，弱推断
南湾,San Jose,,低,,Umami Express,,"949 Ruff Dr, San Jose, CA 95110",美式中餐,美式中餐/越南华人,普通话,Google 分类：Chinese restaurant / Asian fusion restaurant / Catering food and drink supplier; 无中文店名，美式中餐风格，弱推断
南湾,San Jose,,低,,Ume Chinese Food,,"2595 N First St, San Jose, CA 95131",美式中餐,美式中餐/越南华人,普通话,Google 分类：Chinese restaurant / Fast food restaurant; 简介：Busy strip-mall spot for Chinese faves; 无中文店名，美式中餐风格，弱推断
南湾,San Jose,East SJ (Story Rd/Senter),低,,Uncle Quan's Kitchen,,"2893 Senter Rd Ste D, San Jose, CA 95111",粤式烧腊,粤菜/港式,粤语,Roast duck/char siu shop; may be Chinese-Vietnamese
南湾,San Jose,,低,,Union Chinese Restaurant,,"2622 Union Ave, San Jose, CA 95124",美式中餐,美式中餐/越南华人,普通话,Google 分类：Chinese restaurant / Asian restaurant; 简介：Comfy cross-regional Chinese eatery; 无中文店名，美式中餐风格，弱推断
南湾,San Jose,,低,,Yen Ching - Chinese Food,,"3855 Seven Trees Blvd, San Jose, CA 95111",美式中餐,美式中餐/越南华人,普通话,Google 分类：Chinese restaurant; 无中文店名，美式中餐风格，弱推断
南湾,San Jose,,低,,Yummy Trieu Chau,,"1688 Alum Rock Ave, San Jose, CA 95116",中餐,其他中餐,普通话,Google 分类：Chinese restaurant / Vietnamese restaurant; 无中文店名，仅泛称中餐，弱推断
南湾,San Jose,,低,,Zulianos Restaurant,,"2281 Lincoln Ave, San Jose, CA 95125",中餐,其他中餐,普通话,Google 分类：Chinese restaurant; 无中文店名，仅泛称中餐，弱推断
南湾,Santa Clara,,高,,Bafang Dumpling,八方云集,"2702 Augustine Dr #110, Santa Clara, CA 95054",台式饺子（连锁）,台湾菜,普通话,湾区华人资讯网中文商家目录收录中文店名; Taiwan chain
南湾,Santa Clara,,高,,China Stix,状元楼,"2110 El Camino Real, Santa Clara, CA 95050",中餐/台湾菜,台湾菜,普通话,湾区华人资讯网中文商家目录收录中文店名
南湾,Santa Clara,,高,,Dumpling Capital,水饺之都,"5075 Stevens Creek Blvd Ste 10, Santa Clara, CA 95051",饺子/上海菜,北方/东北/江浙,普通话,Chinese name on listing
南湾,Santa Clara,,高,,Easterly Santa Clara,眷湘,"3927 Rivermark Plaza, Santa Clara, CA 95054",湘菜,川湘/西南,普通话,湾区华人资讯网中文商家目录收录中文店名 (Cupertino branch)
南湾,Santa Clara,,高,,Home Eat - Santa Clara,汉家宴,"638 El Camino Real, Santa Clara, CA 95050",中餐,其他中餐,普通话,Google 地图店名含中文「汉家宴」; Google 分类：中餐馆 / 餐馆
南湾,Santa Clara,,高,,Mian Sichuan Noodles Santa Clara,滋味小麵,"3540 Homestead Rd, Santa Clara, CA 95051",中式面馆,面食/饺子,普通话,Google 地图店名含中文「滋味小麵」; Google 分类：Chinese noodle restaurant / Restaurant
南湾,Santa Clara,,高,,Ni Chou Sha Iron Pot Stew Kitchen,你瞅啥,"2725 El Camino Real Unit 108, Santa Clara, CA 95051",中餐,其他中餐,普通话,Google 地图店名含中文「你瞅啥」; Google 分类：Chinese restaurant
南湾,Santa Clara,,高,,One Bowl Wonder,一碗了得,"4300 Great America Pkwy #108, Santa Clara, CA 95054",中餐,其他中餐,普通话,Google 地图店名含中文「一碗了得」; Google 分类：Chinese restaurant
南湾,Santa Clara,,高,,Sizzling Pot House,鼎香砂锅馆,"2725 El Camino Real #101, Santa Clara, CA 95051",砂锅,其他中餐,普通话,湾区华人资讯网中文商家目录收录中文店名
南湾,Santa Clara,,高,,TAI ER SICHUAN CUISINE Valley Fair,太二川菜,"2855 Stevens Creek Blvd A268, Santa Clara, CA 95050",川菜,川湘/西南,普通话,Google 地图店名含中文「太二川菜」; Google 分类：Restaurant / Sichuan restaurant
南湾,Santa Clara,,高,,Taichi Pot,太极锅,"2640 Homestead Rd, Santa Clara, CA 95051",台式麻辣涮涮锅,火锅/麻辣烫,普通话,湾区华人资讯网中文商家目录收录中文店名
南湾,Santa Clara,,高,,Tarim Garden Xinjiang Cuisine,塔里木新疆菜,"2135 El Camino Real, Santa Clara, CA 95050",新疆/清真菜,西北/新疆/清真,普通话,湾区华人资讯网中文商家目录收录中文店名
南湾,Santa Clara,,中,,Beijing Restaurant,,"1460 Halford Ave, Santa Clara, CA 95051",中式面馆,面食/饺子,普通话,Google 分类：Chinese restaurant / Asian restaurant / Chinese noodle restaurant; 简介：Casual place for Korean & Chinese plates; 无中文店名，按地区菜系推断
南湾,Santa Clara,,中,,Cooking Cooking (fmr Cooking Papa),好煮意(旧名),"2830 Homestead Rd, Santa Clara, CA 95051",港式粤菜/烧腊,粤菜/港式,粤语,Review: 'many of its guests speak GuangDongnese'; former Cooking Papa 好煮意 in Chinese directory
南湾,Santa Clara,,中,,Friendship BBQ,,"2783 El Camino Real, Santa Clara, CA 95051",东北烧烤串,北方/东北/江浙,普通话,Chinese-owned chain of Chinese BBQ skewers
南湾,Santa Clara,,中,,Orange Square,橘子堂,"2605 Homestead Rd, Santa Clara, CA 95051",台湾菜,台湾菜,普通话,湾区华人资讯网中文商家目录收录中文店名 (Cupertino branch)
南湾,Santa Clara,,中,,Ox 9 Lanzhou Handpulled Noodles,,"food court, 2855 Stevens Creek Blvd Ste 2467, Santa Clara, CA 95050",中式面馆,面食/饺子,普通话,Google 分类：Restaurant / Chinese noodle restaurant; 无中文店名，按地区菜系推断
南湾,Santa Clara,,中,,Stick & Wok,藏山越,"2855 Stevens Creek Blvd #2329 (Westfield Valley Fair, L2), Santa Clara, CA 95050",中餐,其他中餐,普通话,Chinese name on listing (restaurantji)
南湾,Santa Clara,,低,,Chicken Meets Rice - Santa Clara (Coleman Ave),,"1331 Coleman Ave, Santa Clara, CA 95050",中餐,其他中餐,普通话,Google 分类：Chinese restaurant / Asian restaurant / Chicken restaurant; 无中文店名，仅泛称中餐，弱推断
南湾,Santa Clara,,低,,Chicken Meets Rice - Santa Clara (Tasman Dr),,"2213 Tasman Dr, Santa Clara, CA 95054",中餐,其他中餐,普通话,"Google 分类：Chinese restaurant / Asian restaurant / Chicken restaurant; 简介：Counter-serve, Asian-style chicken rice; 无中文店名，仅泛称中餐，弱推断"
南湾,Santa Clara,,低,,Din Tai Fung (Valley Fair),鼎泰豐,"2855 Stevens Creek Blvd Ste 1259, Santa Clara, CA 95050",台式饺子,台湾菜,普通话,Taiwanese chain; weak inference for staff language
南湾,Santa Clara,,低,,Garam Mirchi – Pure Veg Indo-Chinese & Rajasthani Cuisine,,"3413 E El Camino Real, Santa Clara, CA 95051",中餐,其他中餐,普通话,Google 分类：Chinese restaurant / Asian fusion restaurant / Fine dining restaurant; 无中文店名，仅泛称中餐，弱推断
南湾,Santa Clara,,低,,Jing Jing Chinese Gourmet,,"3334 Victor Ct, Santa Clara, CA 95054",中餐,其他中餐,普通话,Google 分类：Chinese restaurant; 无中文店名，仅泛称中餐，弱推断
南湾,Santa Clara,,低,,Joe Chinese Fast Food,,"5350 Great America Pkwy #104, Santa Clara, CA 95054",中餐,其他中餐,普通话,Google 分类：Chinese restaurant / Restaurant; 简介：Counter-serve spot for Chinese standards; 无中文店名，仅泛称中餐，弱推断
南湾,Santa Clara,,低,,Lee's Kitchen,,"2767 El Camino Real, Santa Clara, CA 95051",中餐,其他中餐,普通话,Google 分类：Chinese restaurant; 无中文店名，仅泛称中餐，弱推断
南湾,Santa Clara,,低,,Lisa's China Delight - Santa Clara,,"2362 Pruneridge Ave, Santa Clara, CA 95050",中餐,其他中餐,普通话,Google 分类：Chinese restaurant / Community center; 无中文店名，仅泛称中餐，弱推断
南湾,Santa Clara,,低,,Lock Chun Restaurant,,"4495 Stevens Creek Blvd, Santa Clara, CA 95051",中餐,其他中餐,粤语,Long-running family Chinese restaurant
南湾,Santa Clara,,低,,Shihlin Taiwan Street Snacks,士林,"Valley Fair Food Court, 2855 Stevens Creek Blvd, Santa Clara, CA 95050",台湾小吃,台湾菜,普通话,Taiwanese chain
南湾,Santa Clara,,低,,Tong Soon Garden,,"3240 El Camino Real, Santa Clara, CA 95051",中餐,其他中餐,普通话,"Google 分类：Chinese restaurant / Asian restaurant; 简介：Bright, comfy spot for Chinese food; 无中文店名，仅泛称中餐，弱推断"
南湾,Santa Clara,,低,,Wow Bao Ghost Kitchen,,"2855 Augustine Dr, Santa Clara, CA 95054",中餐,其他中餐,普通话,Google 分类：Chinese restaurant; 无中文店名，仅泛称中餐，弱推断
南湾,Santa Clara,,低,,Yum Noodles,,"5223 Stevens Creek Blvd, Santa Clara, CA 95051",面食,面食/饺子,普通话,Chinese noodle shop
南湾,Saratoga,,低,,Hong's Gourmet,,"14510 Big Basin Way #9, Saratoga, CA 95070",美式中餐,美式中餐/越南华人,普通话,Chinese-American menu; staff language not confirmed
南湾,Saratoga,,低,,Momo Grill,,"12100 Saratoga Sunnyvale Rd, Saratoga, CA 95070",中餐,其他中餐,普通话,Google 分类：Chinese restaurant / Asian fusion restaurant / Indian restaurant; 无中文店名，仅泛称中餐，弱推断
南湾,Sunnyvale,,高,,Asian Street Eatery,食街,"1146 W El Camino Real, Sunnyvale, CA 94087",中式小吃/点心,粤菜/港式,普通话/粤语,湾区华人资讯网中文商家目录收录中文店名
南湾,Sunnyvale,,高,,CUANYUE MALATANG (Sunnyvale),汆悦麻辣烫,"150 W El Camino Real, Sunnyvale, CA 94087",火锅,火锅/麻辣烫,普通话,Google 地图中文版显示中文店名「汆悦麻辣烫」（商家自行登记）; Google 分类：Chinese restaurant
南湾,Sunnyvale,,高,,Dragon Valley Express,旺龍谷(东北地道家常饭),"623 Caliente Dr, Sunnyvale, CA 94085",东北家常菜,北方/东北/江浙,普通话,湾区华人资讯网中文商家目录收录中文店名; Chinese name on listing
南湾,Sunnyvale,,高,,Dumpling Depot,水饺家园,"562 S Murphy Ave, Sunnyvale, CA 94086",北方饺子/小笼包,北方/东北/江浙,普通话,Official website has Chinese-language menu (中文); 湾区华人资讯网中文商家目录收录中文店名
南湾,Sunnyvale,,高,,Dynasty BBQ,人间烟火小酒馆,"1653 Hollenbeck Ave, Sunnyvale, CA 94087",中餐,其他中餐,普通话,Google 地图店名含中文「人间烟火小酒馆」; Google 分类：Chinese restaurant / Restaurant
南湾,Sunnyvale,,高,,Epic Dumpling,一品香水饺,"673 Grape Ave, Sunnyvale, CA 94087",饺子,面食/饺子,普通话,Chinese name on listing; 湾区华人资讯网中文商家目录收录中文店名
南湾,Sunnyvale,,高,,Fashion Wok,食尚湾,"101 S Murphy Ave, Sunnyvale, CA 94086",湘菜/川菜/火锅,火锅/麻辣烫,普通话,湾区华人资讯网中文商家目录收录中文店名
南湾,Sunnyvale,,高,,Feng Hotpot,冯校长老火锅,"1669 Hollenbeck Ave, Sunnyvale, CA 94087",重庆火锅,火锅/麻辣烫,普通话,湾区华人资讯网中文商家目录收录中文店名; Chinese-brand Chongqing hot pot
南湾,Sunnyvale,,高,,Hunan House,一屋饭湘x香锅大王,"122 S Sunnyvale Ave, Sunnyvale, CA 94086",湘菜,川湘/西南,普通话,湾区华人资讯网中文商家目录收录中文店名
南湾,Sunnyvale,,高,,Hunan Mifen Sunnyvale,小香牛骨米粉,"592 E El Camino Real, Sunnyvale, CA 94087",湖南米粉,川湘/西南,普通话,Chinese name in business listing
南湾,Sunnyvale,,高,,Jin Jin Gourmet,津津有味,"927 E Arques Ave #131, Sunnyvale, CA 94085",上海菜/中餐,北方/东北/江浙,普通话,湾区华人资讯网中文商家目录收录中文店名
南湾,Sunnyvale,,高,,Lee & Bai Chinese Bao Shop,李与白包子铺,"1661 Hollenbeck Ave, Sunnyvale, CA 94087",北方包子,北方/东北/江浙,普通话,湾区华人资讯网中文商家目录收录中文店名; mainland-style bao shop
南湾,Sunnyvale,,高,,Ming Tasty,凤凰名粥,"1129 N Lawrence Expy, Sunnyvale, CA 94089",粤港粥品/点心,粤菜/港式,普通话/粤语,湾区华人资讯网中文商家目录收录中文店名; HK-style congee house; reviews say 'genuine' South China/HK setting
南湾,Sunnyvale,,高,是,Sifu Wong Kitchen,御景閣,"1219 Wildwood Ave, Sunnyvale, CA 94089",粤式点心/海鲜,粤菜/港式,普通话/粤语,Yelp search snippet tags it 'Speaks Mandarin'; HK-trained chef; website uses Chinese name; Chinese-language Google review
南湾,Sunnyvale,,高,,Xiang Xiang Noodle,乡香面,"1115 Tasman Dr, Sunnyvale, CA 94089",手拉面,面食/饺子,普通话,湾区华人资讯网中文商家目录收录中文店名
南湾,Sunnyvale,,高,,Xiaoman Riceburrito,小满饭团,"573 E El Camino Real, Sunnyvale, CA 94087",台式饭团,台湾菜,普通话,湾区华人资讯网中文商家目录收录中文店名
南湾,Sunnyvale,,中,,Asia Village Restaurant,,"747 S Wolfe Rd, Sunnyvale, CA 94086",粤菜,粤菜/港式,普通话/粤语,Long-running Cantonese restaurant; listed in Chinese directory
南湾,Sunnyvale,,中,,Bento Express,,"1677 Hollenbeck Ave, Sunnyvale, CA 94087",台式便当,台湾菜,普通话,Taiwanese bento shop in Chinese plaza (Hollenbeck)
南湾,Sunnyvale,,中,,Dim Sum King,点心王,"824 W El Camino Real, Sunnyvale, CA 94087",粤式点心,粤菜/港式,普通话/粤语,Google 地图中文版显示中文店名「点心王」; Cantonese dim sum shop
南湾,Sunnyvale,,中,,Ding's Kitchen,,"876 Old San Francisco Rd, Sunnyvale, CA 94086",台湾菜/川菜,台湾菜,普通话,Taiwanese/Sichuan menu; same site as former 台湾小调
南湾,Sunnyvale,,中,,Dumpling Station,,"1161 Lawrence Expy, Sunnyvale, CA 94089",上海菜,北方/东北/江浙,普通话,Google 分类：Shanghainese restaurant; 无中文店名，按地区菜系推断
南湾,Sunnyvale,,中,,Famous Food Chinese Restaurant,,"872 Old San Francisco Rd, Sunnyvale, CA 94086",粤菜/中餐,粤菜/港式,普通话/粤语,Cantonese-style Chinese restaurant; Reddit recs
南湾,Sunnyvale,,中,,Ginger Cafe,,"1146 W El Camino Real, Sunnyvale, CA 94087",粤式点心,粤菜/港式,普通话/粤语,Google 分类：Chinese restaurant / Asian fusion restaurant / Asian restaurant; 简介：Southeast Asian-flavored Chinese cuisine; 无中文店名，按地区菜系推断
南湾,Sunnyvale,,中,,Gobi Mongolian BBQ,汉中美食,"1135 Tasman Dr, Sunnyvale, CA 94089",蒙古烤肉/中餐,北方/东北/江浙,普通话,湾区华人资讯网中文商家目录收录中文店名 (汉中美食)
南湾,Sunnyvale,,中,,Homi Japanese Ramen,,"1133 Lawrence Expy, Sunnyvale, CA 94089",粤菜,粤菜/港式,普通话/粤语,Google 分类：Chinese restaurant / Cantonese restaurant / Ramen restaurant; 简介：Japanese-Chinese soups in a spartan room; 无中文店名，按地区菜系推断
南湾,Sunnyvale,,中,,Hunan Mifen (Lawrence),小香牛骨米粉,"1149 Lawrence Expy, Sunnyvale, CA 94089",湖南米粉,川湘/西南,普通话,Google 地图中文版显示中文店名「小香牛骨米粉 Lawrence Hunan Mifen」; Mainland Hunan rice-noodle shop; Chinese name on signage/listings
南湾,Sunnyvale,,中,,King Wah Chinese Restaurant,,"219 E Washington Ave, Sunnyvale, CA 94086",美式粤菜,美式中餐/越南华人,粤语,Family-run since 1987; clay pot/chow fun menu; in Chinese directory
南湾,Sunnyvale,,中,,Mumu Hot Pot,木木火锅,"1273 Lawrence Station Rd, Sunnyvale, CA 94089",火锅,火锅/麻辣烫,普通话,湾区华人资讯网中文商家目录收录中文店名 (Foster City branch)
南湾,Sunnyvale,,中,,New Port Dim Sum and Chinese Food,,"1686 S Wolfe Rd, Sunnyvale, CA 94087",粤式点心/海鲜,粤菜/港式,普通话/粤语,Cantonese seafood/dim sum house (former 半岛酒家 site)
南湾,Sunnyvale,,中,,Saigon Seafood Harbor,西贡渔港,"1135 N Lawrence Expy, Sunnyvale, CA 94089",粤式点心/海鲜,粤菜/港式,普通话/粤语,湾区华人资讯网中文商家目录收录中文店名 (广东菜)
南湾,Sunnyvale,,中,,Seapot Hot Pot & Bar,,"740 E El Camino Real, Sunnyvale, CA 94087",台式火锅,火锅/麻辣烫,普通话,Taiwanese-style hot pot
南湾,Sunnyvale,,中,,Umami Dumpling House,,"251 S Mary Ave #1, Sunnyvale, CA 94086",饺子,面食/饺子,普通话,Google 分类：Chinese restaurant / Wok restaurant; 无中文店名，按地区菜系推断
南湾,Sunnyvale,,低,,Eilleen's Kitchen,,"251 W Washington Ave, Sunnyvale, CA 94086",中餐,其他中餐,普通话,Google 分类：Chinese restaurant / Asian restaurant; 无中文店名，仅泛称中餐，弱推断
南湾,Sunnyvale,,低,,First Wok,,"653 S Bernardo Ave, Sunnyvale, CA 94087",美式中餐,美式中餐/越南华人,普通话,Google 分类：Chinese restaurant / Asian restaurant; 简介：Quick-serve Chinese hub with combo items; 无中文店名，美式中餐风格，弱推断
南湾,Sunnyvale,,低,,Inchin's Bamboo Garden,,"151 W Washington Ave, Sunnyvale, CA 94087",美式中餐,美式中餐/越南华人,普通话,Google 分类：Chinese restaurant / Asian fusion restaurant / Caterer; 简介：Colorful outlet for Indian-Chinese fare; 无中文店名，美式中餐风格，弱推断
南湾,Sunnyvale,,低,,J HOUSE,,"1211 S Mary Ave, Sunnyvale, CA 94087",中餐,其他中餐,普通话,Google 分类：Chinese restaurant; 无中文店名，仅泛称中餐，弱推断
南湾,Sunnyvale,,低,,Joy Wok,喜福园(旧名),"494 N Mathilda Ave, Sunnyvale, CA 94086",中餐,其他中餐,普通话,Same address as former 喜福园 Chef Young's Garden in Chinese directory
南湾,Sunnyvale,,低,,MiPot,,"150 W El Camino Real, Sunnyvale, CA 94087",中餐,其他中餐,普通话,Google 分类：Chinese restaurant / Restaurant / Wok restaurant; 无中文店名，仅泛称中餐，弱推断
南湾,Sunnyvale,,低,,Tao Tao,,"175 S Murphy Ave, Sunnyvale, CA 94086",中餐,其他中餐,普通话,"Google 分类：Chinese restaurant / Restaurant; 简介：Chinese cuisine in an open, modern space; 无中文店名，仅泛称中餐，弱推断"
南湾,Sunnyvale,,低,,Umami Express,,"1026 W Evelyn Ave, Sunnyvale, CA 94086",美式中餐,美式中餐/越南华人,普通话,Google 分类：Chinese restaurant / Box lunch supplier / Catering food and drink supplier; 无中文店名，美式中餐风格，弱推断
南湾,Sunnyvale,,低,,Wok's On Express (Tien Fu 2),,"156 W El Camino Real, Sunnyvale, CA 94087",美式中餐,美式中餐/越南华人,普通话,Listed in Chinese directory; Chinese-owned takeout
北湾,American Canyon,,中,,Peking Express,,"101 W American Canyon Rd #510, American Canyon, CA 94503",北京菜,北方/东北/江浙,普通话,Google 分类：Chinese restaurant; 无中文店名，按地区菜系推断
北湾,Belvedere Tiburon,,低,,Ming's Restaurant,,"1550 Tiburon Blvd, Belvedere Tiburon, CA 94920",中餐,其他中餐,普通话,Google 分类：Chinese restaurant / Asian restaurant / Restaurant; 简介：Homestyle Chinese fare in a mellow space; 无中文店名，仅泛称中餐，弱推断
北湾,Benicia,,低,,Szechwan House,,"500 First St, Benicia, CA 94510",美式中餐,美式中餐/越南华人,普通话,Google 分类：Chinese restaurant / Restaurant; 简介：Classic Asian dishes & a lunch buffet; 无中文店名，美式中餐风格，弱推断
北湾,Calistoga,,高,,Soo Yuan Restaurant,苏园餐厅,"1354 Lincoln Ave #29, Calistoga, CA 94515",中餐,其他中餐,普通话,Google 地图中文版显示中文店名「苏园餐厅」（商家自行登记）; Google 分类：Chinese restaurant; 简介：Classic Chinese dishes in a casual space
北湾,Cotati,,低,,Amy's Chinese Kitchen,,"8577 Gravenstein Hwy, Cotati, CA 94931",美式中餐,美式中餐/越南华人,普通话,Google 分类：Chinese restaurant / Asian restaurant / Delivery Chinese restaurant; 无中文店名，美式中餐风格，弱推断
北湾,Cotati,,低,,China Village,,"8501 Gravenstein Hwy, Cotati, CA 94931",中餐,其他中餐,普通话,Google 分类：Chinese restaurant; 无中文店名，仅泛称中餐，弱推断
北湾,Fairfield,,高,,Neighborhood Kitchen,小厨大梁,"100 E Tabor Ave # C, Fairfield, CA 94533",中餐,其他中餐,普通话,Google 地图店名含中文「小厨大梁」; Google 分类：Chinese restaurant
北湾,Fairfield,,中,,Dumpling House,,"700 Texas St, Fairfield, CA 94533",饺子,面食/饺子,普通话,Google 分类：Restaurant / Dumpling restaurant; 无中文店名，按地区菜系推断
北湾,Fairfield,,中,,Dynasty Chinese Restaurant,,"2401 Waterman Blvd Ste A7, Fairfield, CA 94534",北方菜,北方/东北/江浙,普通话,Google 分类：Chinese restaurant / Mandarin restaurant / Mongolian barbecue restaurant; 简介：Modest spot for Chinese & Mongolian fare; 无中文店名，按地区菜系推断
北湾,Fairfield,,中,,Peking Restaurant,,"3073 Travis Blvd, Fairfield, CA 94534",北京菜,北方/东北/江浙,普通话,Google 分类：Chinese restaurant / Asian restaurant; 简介：Strip-mall setting for Chinese standards; 无中文店名，按地区菜系推断
北湾,Fairfield,,低,,China Palace,,"715 Jackson St, Fairfield, CA 94533",美式中餐,美式中餐/越南华人,普通话,Google 分类：Chinese restaurant; 无中文店名，美式中餐风格，弱推断
北湾,Fairfield,,低,,China Stix,,"870 E Travis Blvd #5, Fairfield, CA 94533",中餐,其他中餐,普通话,Google 分类：Chinese restaurant; 无中文店名，仅泛称中餐，弱推断
北湾,Fairfield,,低,,Fire Wok Mongolian BBQ,,"628 Parker Rd, Fairfield, CA 94533",美式中餐,美式中餐/越南华人,普通话,Google 分类：Chinese restaurant / Barbecue restaurant / Mongolian barbecue restaurant; 无中文店名，美式中餐风格，弱推断
北湾,Fairfield,,低,,Frank & Yuen's,,"1955 W Texas St Ste 33, Fairfield, CA 94533",中餐,其他中餐,普通话,Google 分类：Chinese restaurant; 简介：Chinese provisions in an enduring eatery; 无中文店名，仅泛称中餐，弱推断
北湾,Fairfield,,低,,Happy Garden,,"5055 Business Center Dr #106, Fairfield, CA 94534",美式中餐,美式中餐/越南华人,普通话,Google 分类：Chinese restaurant; 简介：Casual spot with a bar for Chinese fare; 无中文店名，美式中餐风格，弱推断
北湾,Fairfield,,低,,Hop Hing's Kitchen | Chinese,,"1343 Oliver Rd, Fairfield, CA 94534",中餐,其他中餐,普通话,Google 分类：Chinese restaurant; 简介：Casual restaurant with Chinese staples; 无中文店名，仅泛称中餐，弱推断
北湾,Fairfield,,低,,Mandarin Restaurant and Lounge,,"219 Texas St C, Fairfield, CA 94533",美式中餐,美式中餐/越南华人,普通话,Google 分类：Chinese restaurant; 简介：Contemporary Chinese eatery & lounge; 无中文店名，美式中餐风格，弱推断
北湾,Fairfield,,低,,Noodle House,,"1305 Gateway Blvd, Fairfield, CA 94533",中餐,其他中餐,普通话,Google 分类：Chinese restaurant / Vietnamese restaurant; 无中文店名，仅泛称中餐，弱推断
北湾,Fairfield,,低,,Sticky Rice Chinese Bistro & Bar,,"5030 Business Center Dr, Fairfield, CA 94534",美式中餐,美式中餐/越南华人,普通话,Google 分类：Chinese restaurant / Restaurant; 简介：Elevated venue for Chinese cuisine; 无中文店名，美式中餐风格，弱推断
北湾,Greenbrae,,中,,Tipsy Dumpling,,"340 Bon Air Center, Greenbrae, CA 94904",饺子,面食/饺子,普通话,Google 分类：Restaurant / Dumpling restaurant; 无中文店名，按地区菜系推断
北湾,Larkspur,,低,,DJ's Chinese Cuisine,,"435 Magnolia Ave, Larkspur, CA 94939",美式中餐,美式中餐/越南华人,普通话,Google 分类：Chinese restaurant; 简介：Unassuming eatery with outdoor seats; 无中文店名，美式中餐风格，弱推断
北湾,Mill Valley,,中,,Harmony Restaurant,,"800 Redwood Highway, Suite 401, Frontage Road, 800 Redwood Highway Frontage Rd, Mill Valley, CA 94941",粤式点心,粤菜/港式,普通话/粤语,Google 分类：Chinese restaurant / Dim sum restaurant; 简介：Contemporary dim sum & Cantonese cuisine; 无中文店名，按地区菜系推断
北湾,Mill Valley,,中,,Shang Hai Kitchen,,"247 Shoreline Hwy, Mill Valley, CA 94941",上海菜,北方/东北/江浙,普通话,Google 分类：Chinese restaurant / Sushi restaurant; 简介：Simple stop for Chinese & Japanese eats; 无中文店名，按地区菜系推断
北湾,Mill Valley,,低,,Lam's Kitchen,,"89 E Blithedale Ave, Mill Valley, CA 94941",中餐,其他中餐,普通话,Google 分类：Chinese restaurant; 无中文店名，仅泛称中餐，弱推断
北湾,Mill Valley,,低,,Mamahuhu,,"173 Throckmorton Ave, Mill Valley, CA 94941",中餐,其他中餐,普通话,Google 分类：Chinese restaurant / Chinese takeaway / Delivery Chinese restaurant; 无中文店名，仅泛称中餐，弱推断
北湾,Napa,,中,,Empress M,,"221 Silverado Trail, Napa, CA 94559",粤式点心/饺子,粤菜/港式,普通话/粤语,Google 分类：Chinese restaurant / Bar / Dim sum restaurant; 无中文店名，按地区菜系推断
北湾,Napa,,低,,Dragon Valley,,"1675 Trancas St, Napa, CA 94558",美式中餐,美式中餐/越南华人,普通话,Google 分类：Chinese restaurant / Asian restaurant; 无中文店名，美式中餐风格，弱推断
北湾,Napa,,低,,Hop Hing's Kitchen,,"647 Trancas St, Napa, CA 94558",中餐,其他中餐,普通话,Google 分类：Chinese restaurant; 简介：Casual restaurant with Chinese staples; 无中文店名，仅泛称中餐，弱推断
北湾,Napa,,低,,Jade Garden Chinese Restaurant,,"3381 Old California Way, Napa, CA 94558",美式中餐,美式中餐/越南华人,普通话,Google 分类：Chinese restaurant; 无中文店名，美式中餐风格，弱推断
北湾,Napa,,低,,Siam Thai House,,"1139 Lincoln Ave, Napa, CA 94558",中餐,其他中餐,普通话,Google 分类：Chinese restaurant / Asian restaurant / Thai restaurant; 无中文店名，仅泛称中餐，弱推断
北湾,Napa,,低,,Wah Sing,,"River Park Shopping Center, 1445 W Imola Ave, Napa, CA 94559",中餐,其他中餐,普通话,Google 分类：Chinese restaurant / Asian restaurant; 无中文店名，仅泛称中餐，弱推断
北湾,Novato,,低,,China House,,"1222 Grant Ave, Novato, CA 94945",美式中餐,美式中餐/越南华人,普通话,Google 分类：Chinese restaurant / Restaurant; 简介：Veteran locale for classic Chinese meals; 无中文店名，美式中餐风格，弱推断
北湾,Novato,,低,,China Palace Restaurant,,"7089 Redwood Blvd, Novato, CA 94945",美式中餐,美式中餐/越南华人,普通话,Google 分类：Chinese restaurant; 无中文店名，美式中餐风格，弱推断
北湾,Novato,,低,,China Village,,"107 San Marin Dr, Novato, CA 94945",中餐,其他中餐,普通话,Google 分类：Chinese restaurant / Wok restaurant; 无中文店名，仅泛称中餐，弱推断
北湾,Novato,,低,,Ming Yen,,"1628 Grant Ave, Novato, CA 94945",中餐,其他中餐,普通话,Google 分类：Chinese restaurant; 无中文店名，仅泛称中餐，弱推断
北湾,Petaluma,,中,,Fantasy,,"1520 E Washington St, Petaluma, CA 94954",粤菜,粤菜/港式,普通话/粤语,Google 分类：Cantonese restaurant; 无中文店名，按地区菜系推断
北湾,Petaluma,,中,,Hunan Village | Chinese Cuisine,,"295 N McDowell Blvd, Petaluma, CA 94954",湘菜,川湘/西南,普通话,Google 分类：Chinese restaurant / Asian restaurant; 简介：Casual Chinese spot with clay-pot dishes; 无中文店名，按地区菜系推断
北湾,Petaluma,,中,,The Canton,,"951 Lakeville St, Petaluma, CA 94952",粤菜,粤菜/港式,普通话/粤语,Google 分类：Chinese restaurant / Restaurant; 无中文店名，按地区菜系推断
北湾,Petaluma,,低,,Chinatown Restaurant,,"157 Kentucky St, Petaluma, CA 94952",中餐,其他中餐,普通话,Google 分类：Chinese restaurant; 无中文店名，仅泛称中餐，弱推断
北湾,Petaluma,,低,,City Chopsticks,,"127 N McDowell Blvd, Petaluma, CA 94954",中餐,其他中餐,普通话,Google 分类：Chinese restaurant; 无中文店名，仅泛称中餐，弱推断
北湾,Petaluma,,低,,Lily Kai Chinese Cuisine,,"3100 Lakeville Hwy Ste H, Petaluma, CA 94954",美式中餐,美式中餐/越南华人,普通话,Google 分类：Chinese restaurant / Chinese takeaway / Restaurant; 无中文店名，美式中餐风格，弱推断
北湾,Rohnert Park,,中,,Hunan Kitchen,,"6650 Commerce Blvd Ste 19, Rohnert Park, CA 94928",湘菜,川湘/西南,普通话,Google 分类：Hunan restaurant / Asian restaurant / Chinese restaurant; 无中文店名，按地区菜系推断
北湾,Rohnert Park,,低,,Boathouse Asian Eatery,,"630 Park Ct, Rohnert Park, CA 94928",中餐,其他中餐,普通话,Google 分类：Chinese restaurant / Asian restaurant / Sushi restaurant; 无中文店名，仅泛称中餐，弱推断
北湾,Rohnert Park,,低,,Dynasty Restaurant,,"6555 Hunter Dr, Rohnert Park, CA 94928",中餐,其他中餐,普通话,Google 分类：Chinese restaurant / Delivery Restaurant; 无中文店名，仅泛称中餐，弱推断
北湾,San Anselmo,,低,,Hot Wok Chinese Food,,"898 Sir Francis Drake Blvd, San Anselmo, CA 94960",美式中餐,美式中餐/越南华人,普通话,Google 分类：Chinese restaurant; 无中文店名，美式中餐风格，弱推断
北湾,San Rafael,,中,,Uncle Wing's Restaurant,,"905 B St, San Rafael, CA 94901",川菜,川湘/西南,普通话,Google 分类：Chinese restaurant / Asian restaurant; 简介：Casual spot for Sichuan & Mandarin fare; 无中文店名，按地区菜系推断
北湾,San Rafael,,低,,Emma's Restaurant,,"817 Francisco Blvd W, San Rafael, CA 94901",中餐,其他中餐,普通话,Google 分类：Chinese restaurant; 无中文店名，仅泛称中餐，弱推断
北湾,San Rafael,,低,,HuLu Wa Cuisine,,"4166 Redwood Hwy, San Rafael, CA 94903",中餐,其他中餐,普通话,Google 分类：Chinese restaurant; 无中文店名，仅泛称中餐，弱推断
北湾,San Rafael,,低,,Little Mandarin,,"538 3rd St, San Rafael, CA 94901",美式中餐,美式中餐/越南华人,普通话,Google 分类：Chinese restaurant / Chinese takeaway; 简介：No-frills eatery for Chinese standards; 无中文店名，美式中餐风格，弱推断
北湾,San Rafael,,低,,Ping's Chinese Cuisine,,"248 Northgate Dr one, San Rafael, CA 94903",美式中餐,美式中餐/越南华人,普通话,Google 分类：Chinese restaurant / Restaurant; 简介：Unfussy eatery for basic Chinese chow; 无中文店名，美式中餐风格，弱推断
北湾,San Rafael,,低,,Yu Shang,,"180 Bellam Blvd, San Rafael, CA 94901",中餐,其他中餐,普通话,Google 分类：Chinese restaurant / Sushi restaurant; 简介：Casual Chinese eatery with retro decor; 无中文店名，仅泛称中餐，弱推断
北湾,Santa Rosa,,中,,Hang Ah Dim Sum,,"2130 Armory Dr, Santa Rosa, CA 95401",粤式点心,粤菜/港式,普通话/粤语,Google 分类：Dim sum restaurant; 简介：Casual stop for Chinese dim sum; 无中文店名，按地区菜系推断
北湾,Santa Rosa,,中,,Huna Kitchen,,"400 W 3rd St # A, Santa Rosa, CA 95401",粤菜,粤菜/港式,普通话/粤语,Google 分类：Cantonese restaurant / Restaurant; 无中文店名，按地区菜系推断
北湾,Santa Rosa,,低,,ABC,,"3585 Industrial Dr, Santa Rosa, CA 95403",中餐,其他中餐,普通话,Google 分类：Chinese restaurant; 无中文店名，仅泛称中餐，弱推断
北湾,Santa Rosa,,低,,Amy's Place,,"2550 Guerneville Rd, Santa Rosa, CA 95401",中餐,其他中餐,普通话,Google 分类：Chinese restaurant; 无中文店名，仅泛称中餐，弱推断
北湾,Santa Rosa,,低,,Boiling Bowl,,"500 Mission Blvd Ste e, Santa Rosa, CA 95409",中餐,其他中餐,普通话,Google 分类：Chinese restaurant / Asian restaurant; 无中文店名，仅泛称中餐，弱推断
北湾,Santa Rosa,,低,,China Garden Restaurant,,"429 Stony Point Rd, Santa Rosa, CA 95401",美式中餐,美式中餐/越南华人,普通话,Google 分类：Chinese restaurant; 无中文店名，美式中餐风格，弱推断
北湾,Santa Rosa,,低,,China Star,,"2101 W College Ave Ste 101A, Santa Rosa, CA 95401",美式中餐,美式中餐/越南华人,普通话,Google 分类：Chinese restaurant / Asian restaurant; 无中文店名，美式中餐风格，弱推断
北湾,Santa Rosa,,低,,China Village,,"138B Calistoga Rd, Santa Rosa, CA 95409",中餐,其他中餐,普通话,Google 分类：Chinese restaurant; 无中文店名，仅泛称中餐，弱推断
北湾,Santa Rosa,,低,,Goji Kitchen,,"1965 Mendocino Ave, Santa Rosa, CA 95404",中餐,其他中餐,普通话,Google 分类：Chinese restaurant / Asian restaurant / Takeout Restaurant; 简介：Asian fusion eats in a low-key setting; 无中文店名，仅泛称中餐，弱推断
北湾,Santa Rosa,,低,,Great China,,"1589 Farmers Ln, Santa Rosa, CA 95405",中餐,其他中餐,普通话,Google 分类：Chinese restaurant; 简介：Straightforward stop for Chinese fare; 无中文店名，仅泛称中餐，弱推断
北湾,Santa Rosa,,低,,Kirin,,"2700 Yulupa Ave #3, Santa Rosa, CA 95405",中餐,其他中餐,普通话,Google 分类：Chinese restaurant; 简介：Homey option for Chinese meals & wine; 无中文店名，仅泛称中餐，弱推断
北湾,Santa Rosa,,低,,May Garden,,"1425 Fulton Rd #325, Santa Rosa, CA 95401",中餐,其他中餐,普通话,Google 分类：Chinese restaurant; 无中文店名，仅泛称中餐，弱推断
北湾,Santa Rosa,,低,,Royal China,,"3080 Marlow Rd, Santa Rosa, CA 95403",中餐,其他中餐,普通话,Google 分类：Chinese restaurant / Restaurant; 简介：Elegant spot for Chinese cuisine; 无中文店名，仅泛称中餐，弱推断
北湾,Santa Rosa,,低,,Silver Moon Chinese Food,,"1880 Mendocino Ave C, Santa Rosa, CA 95401",美式中餐,美式中餐/越南华人,普通话,Google 分类：Chinese restaurant; 无中文店名，美式中餐风格，弱推断
北湾,Santa Rosa,,低,,Sky Dragon Restaurant,,"2770 Stony Point Rd Unit A, Santa Rosa, CA 95407",美式中餐,美式中餐/越南华人,普通话,Google 分类：Chinese restaurant / Asian restaurant; 简介：Quaint cafe for Chinese classics; 无中文店名，美式中餐风格，弱推断
北湾,Santa Rosa,,低,,Super Buffet,,"450 Mendocino Ave, Santa Rosa, CA 95401",美式中餐,美式中餐/越南华人,普通话,Google 分类：Chinese restaurant / Buffet restaurant; 无中文店名，美式中餐风格，弱推断
北湾,Santa Rosa,,低,,Ting Hau,,"717 4th St, Santa Rosa, CA 95404",中餐,其他中餐,普通话,Google 分类：Chinese restaurant / Restaurant; 无中文店名，仅泛称中餐，弱推断
北湾,Sausalito,,低,,Tommy's Wok Chinese Cuisine,,"3001 Bridgeway H, Sausalito, CA 94965",美式中餐,美式中餐/越南华人,普通话,Google 分类：Chinese restaurant; 简介：Chinese meals in an inviting atmosphere; 无中文店名，美式中餐风格，弱推断
北湾,Sebastopol,,低,,O & C China Bistro,,"7501 Healdsburg Ave, Sebastopol, CA 95472",美式中餐,美式中餐/越南华人,普通话,Google 分类：Chinese restaurant; 无中文店名，美式中餐风格，弱推断
北湾,Sonoma,,低,,Golden Spring Mandarin Cuisine,,"18995 Sonoma Hwy #105, Sonoma, CA 95476",美式中餐,美式中餐/越南华人,普通话,Google 分类：Chinese restaurant; 无中文店名，美式中餐风格，弱推断
北湾,Sonoma,,低,,Sonoma Happy Garden,,"6621, 201 W Napa St #26, Sonoma, CA 95476",美式中餐,美式中餐/越南华人,普通话,Google 分类：Chinese restaurant; 无中文店名，美式中餐风格，弱推断
北湾,Suisun City,,低,,Golden Phoenix,,"254-B Sunset Ave, Suisun City, CA 94585",美式中餐,美式中餐/越南华人,普通话,Google 分类：Chinese restaurant; 简介：Relaxed space for classic Mandarin fare; 无中文店名，美式中餐风格，弱推断
北湾,Suisun City,,低,,Mongolian Bar-B-Q-Golden Grill,,"121a Sunset Ave, Suisun City, CA 94585",美式中餐,美式中餐/越南华人,普通话,Google 分类：Chinese restaurant / Barbecue restaurant / Mongolian barbecue restaurant; 无中文店名，美式中餐风格，弱推断
北湾,Suisun City,,低,,WAH SING CHINESE RESTAURANT,,"121 Sunset Ave Ste A, Suisun City, CA 94585",美式中餐,美式中餐/越南华人,普通话,Google 分类：Chinese restaurant / Asian restaurant; 无中文店名，美式中餐风格，弱推断
北湾,Vacaville,,中,,88 BaoBao Dumpling House,,"1639 E Monte Vista Ave Ste 105, Vacaville, CA 95688",饺子,面食/饺子,普通话,Google 分类：Chinese restaurant; 无中文店名，按地区菜系推断
北湾,Vacaville,,中,,Fortune Dumpling House,,"1021 Helen Power Dr Ste P200, Vacaville, CA 95687",饺子,面食/饺子,普通话,Google 分类：Asian restaurant / Dumpling restaurant; 无中文店名，按地区菜系推断
北湾,Vacaville,,中,,Wah Sing | Mongolian BBQ & Hot Pot,,"2018 Nut Tree Rd, Vacaville, CA 95687",火锅,火锅/麻辣烫,普通话,Google 分类：Restaurant / Asian restaurant / Barbecue restaurant; 无中文店名，按地区菜系推断
北湾,Vacaville,,中,,X Noodles & Dumplings,,"136 Peabody Rd Apt A, Vacaville, CA 95687",中式面馆,面食/饺子,普通话,Google 分类：Chinese noodle restaurant; 无中文店名，按地区菜系推断
北湾,Vacaville,,低,,Chef Chen's Chinese Restaurant,,"751 E Monte Vista Ave, Vacaville, CA 95688",美式中餐,美式中餐/越南华人,普通话,Google 分类：Chinese restaurant / Restaurant; 简介：Restaurant serving Chinese cuisine; 无中文店名，美式中餐风格，弱推断
北湾,Vacaville,,低,,China House,,"513 Main St, Vacaville, CA 95688",美式中餐,美式中餐/越南华人,普通话,Google 分类：Chinese restaurant; 简介：Unfussy standby for classic Chinese fare; 无中文店名，美式中餐风格，弱推断
北湾,Vacaville,,低,,Dragon Palace,,"3019 Alamo Dr, Vacaville, CA 95687",美式中餐,美式中餐/越南华人,普通话,Google 分类：Chinese restaurant; 无中文店名，美式中餐风格，弱推断
北湾,Vacaville,,低,,Kings Buffet,,"601 Orange Dr Ste A, Vacaville, CA 95687",美式中餐,美式中餐/越南华人,普通话,Google 分类：Chinese restaurant / Buffet restaurant / Restaurant; 无中文店名，美式中餐风格，弱推断
北湾,Vacaville,,低,,Stir Fry Chinese Food,,"959 Alamo Dr, Vacaville, CA 95687",美式中餐,美式中餐/越南华人,普通话,Google 分类：Chinese restaurant / Fast food restaurant; 无中文店名，美式中餐风格，弱推断
北湾,Vacaville,,低,,Stir Fry Express Chinese Food,,"2040 Harbison Dr Ste C, Vacaville, CA 95687",美式中餐,美式中餐/越南华人,普通话,Google 分类：Chinese restaurant; 无中文店名，美式中餐风格，弱推断
北湾,Vacaville,,低,,Tasty Every Hour | Chinese Restaurant,,"630 Orange Dr # F, Vacaville, CA 95687",美式中餐,美式中餐/越南华人,普通话,Google 分类：Chinese restaurant; 无中文店名，美式中餐风格，弱推断
北湾,Vacaville,,低,,Wah Shine,,"145 Peabody Rd, Vacaville, CA 95687",中餐,其他中餐,普通话,Google 分类：Chinese restaurant; 简介：Modest restaurant for Chinese staples; 无中文店名，仅泛称中餐，弱推断
北湾,Vallejo,,中,,88 BaoBao Dumpling House,,"145 Plaza Dr #209, Vallejo, CA 94591",饺子,面食/饺子,普通话,Google 分类：Chinese restaurant; 无中文店名，按地区菜系推断
北湾,Vallejo,,中,,Szechuan Chinese Cuisine,,"2079 Solano Ave, Vallejo, CA 94590",川菜,川湘/西南,普通话,Google 分类：Chinese restaurant / Restaurant / Sichuan restaurant; 简介：Modest standby for Chinese staples; 无中文店名，按地区菜系推断
北湾,Vallejo,,低,,3 Star,,"4380 Sonoma Blvd Ste 357, Vallejo, CA 94589",中餐,其他中餐,普通话,Google 分类：Chinese restaurant / Asian restaurant / Chinese takeaway; 无中文店名，仅泛称中餐，弱推断
北湾,Vallejo,,低,,Annie's Panda Garden,,"320 Fairgrounds Dr, Vallejo, CA 94589",美式中餐,美式中餐/越南华人,普通话,Google 分类：Chinese restaurant / Chinese takeaway / Delivery Chinese restaurant; 无中文店名，美式中餐风格，弱推断
北湾,Vallejo,,低,,China Wok,,"512 Sacramento St, Vallejo, CA 94590",美式中餐,美式中餐/越南华人,普通话,Google 分类：Chinese restaurant / Asian restaurant / Caterer; 简介：Typical Chinese eats in unfussy digs; 无中文店名，美式中餐风格，弱推断
北湾,Vallejo,,低,,Combo Express,,"42 Springstowne Center, Vallejo, CA 94591",美式中餐,美式中餐/越南华人,普通话,Google 分类：Chinese restaurant; 无中文店名，美式中餐风格，弱推断
北湾,Vallejo,,低,,Hop Hing's Kitchen,,"3748 Sonoma Blvd, Vallejo, CA 94590",中餐,其他中餐,普通话,Google 分类：Chinese restaurant; 简介：Casual restaurant with Chinese staples; 无中文店名，仅泛称中餐，弱推断
北湾,Vallejo,,低,,Kwongnan Restaurant | Chinese Cuisine,,"405 York St, Vallejo, CA 94590",美式中餐,美式中餐/越南华人,普通话,Google 分类：Chinese restaurant / Restaurant; 无中文店名，美式中餐风格，弱推断
北湾,Vallejo,,低,,Lee's Garden,,"3335 Sonoma Blvd Ste 10, Vallejo, CA 94590",中餐,其他中餐,普通话,Google 分类：Chinese restaurant / Fast food restaurant; 无中文店名，仅泛称中餐，弱推断
北湾,Vallejo,,低,,LV Phở | Vietnamese & Chinese Restaurant,,"Springhill Shopping Center, 2621 Springs Rd, Vallejo, CA 94591",美式中餐,美式中餐/越南华人,普通话,Google 分类：Chinese restaurant / Vietnamese restaurant / Pho restaurant; 无中文店名，美式中餐风格，弱推断
北湾,Vallejo,,低,,New China Barn,,"320 Tuolumne St, Vallejo, CA 94590",中餐,其他中餐,普通话,Google 分类：Chinese restaurant / Delivery Restaurant; 简介：Unfussy spot for Chinese fare; 无中文店名，仅泛称中餐，弱推断
北湾,Windsor,,低,,(WINDSOR) Tian Yuen Asian Cuisine (WINDSOR),,"610 McClelland Dr, Windsor, CA 95492",中餐,其他中餐,普通话,Google 分类：Chinese restaurant / Asian restaurant / Japanese restaurant; 无中文店名，仅泛称中餐，弱推断
北湾,Windsor,,低,,Yin Keng Restaurant,,"8840 Lakewood Dr, Windsor, CA 95492",中餐,其他中餐,普通话,Google 分类：Chinese restaurant; 简介：Unpretentious spot for Chinese fare; 无中文店名，仅泛称中餐，弱推断
